{
"type": "FeatureCollection",
"name": "matched_buildings",
"crs": { "type": "name", "properties": { "name": "urn:ogc:def:crs:OGC:1.3:CRS84" } },
"features": [
{ "type": "Feature", "properties": { "reconciliation_status": "MATCHED", "match_class": "STRONG", "match_iou": 0.8696, "ms_id": "MS_01163", "osm_id": "way/354736629", "osm_name": null, "osm_levels": null, "osm_height": null, "osm_type": "yes", "ms_confidence": -1.0, "area_m2": 158.02 }, "geometry": { "type": "Polygon", "coordinates": [ [ [ 80.206915933948466, 13.122133654404152 ], [ 80.206918701706371, 13.122264207320555 ], [ 80.207019624715798, 13.122262178004448 ], [ 80.207016847579681, 13.122131625275529 ], [ 80.206915933948466, 13.122133654404152 ] ] ] } },
{ "type": "Feature", "properties": { "reconciliation_status": "MATCHED", "match_class": "STRONG", "match_iou": 0.8409, "ms_id": "MS_02569", "osm_id": "way/354455325", "osm_name": null, "osm_levels": null, "osm_height": null, "osm_type": "yes", "ms_confidence": -1.0, "area_m2": 117.33 }, "geometry": { "type": "Polygon", "coordinates": [ [ [ 80.210335328265245, 13.121944290846713 ], [ 80.210228285937887, 13.121939292985658 ], [ 80.210223795561689, 13.12203050940586 ], [ 80.21033083788906, 13.122035507265053 ], [ 80.210335328265245, 13.121944290846713 ] ] ] } },
{ "type": "Feature", "properties": { "reconciliation_status": "MATCHED", "match_class": "STRONG", "match_iou": 0.8184, "ms_id": "MS_00600", "osm_id": "way/354443247", "osm_name": null, "osm_levels": null, "osm_height": null, "osm_type": "yes", "ms_confidence": -1.0, "area_m2": 213.5 }, "geometry": { "type": "Polygon", "coordinates": [ [ [ 80.209764329106775, 13.120659038012732 ], [ 80.209765911857147, 13.120820978927867 ], [ 80.209875872464167, 13.120819959594897 ], [ 80.209874289713795, 13.120658018679066 ], [ 80.209764329106775, 13.120659038012732 ] ] ] } },
{ "type": "Feature", "properties": { "reconciliation_status": "MATCHED", "match_class": "STRONG", "match_iou": 0.8157, "ms_id": "MS_00124", "osm_id": "way/354443412", "osm_name": null, "osm_levels": null, "osm_height": null, "osm_type": "yes", "ms_confidence": -1.0, "area_m2": 204.18 }, "geometry": { "type": "Polygon", "coordinates": [ [ [ 80.209538058698968, 13.121227243291642 ], [ 80.209436185377939, 13.121229451433166 ], [ 80.209440016059759, 13.121396547973049 ], [ 80.209541889380773, 13.121394339833017 ], [ 80.209538058698968, 13.121227243291642 ] ] ] } },
{ "type": "Feature", "properties": { "reconciliation_status": "MATCHED", "match_class": "STRONG", "match_iou": 0.7997, "ms_id": "MS_01167", "osm_id": "way/354443401", "osm_name": null, "osm_levels": null, "osm_height": null, "osm_type": "yes", "ms_confidence": -1.0, "area_m2": 167.56 }, "geometry": { "type": "Polygon", "coordinates": [ [ [ 80.210104236643971, 13.120812413988176 ], [ 80.210198106425878, 13.120811595003374 ], [ 80.210196736897146, 13.120662712297616 ], [ 80.210102867115239, 13.120663531282901 ], [ 80.210104236643971, 13.120812413988176 ] ] ] } },
{ "type": "Feature", "properties": { "reconciliation_status": "MATCHED", "match_class": "STRONG", "match_iou": 0.7956, "ms_id": "MS_02368", "osm_id": "way/354568516", "osm_name": null, "osm_levels": null, "osm_height": null, "osm_type": "yes", "ms_confidence": -1.0, "area_m2": 85.95 }, "geometry": { "type": "Polygon", "coordinates": [ [ [ 80.21746123550497, 13.122947641088686 ], [ 80.217457499829564, 13.123017981321397 ], [ 80.217559151839083, 13.123023101635042 ], [ 80.217562887514504, 13.122952761403766 ], [ 80.21746123550497, 13.122947641088686 ] ] ] } },
{ "type": "Feature", "properties": { "reconciliation_status": "MATCHED", "match_class": "STRONG", "match_iou": 0.7931, "ms_id": "MS_00893", "osm_id": "way/355061776", "osm_name": null, "osm_levels": null, "osm_height": null, "osm_type": "yes", "ms_confidence": -1.0, "area_m2": 211.17 }, "geometry": { "type": "Polygon", "coordinates": [ [ [ 80.216276566620692, 13.129153217452327 ], [ 80.216283421881542, 13.129338436135427 ], [ 80.216378394574321, 13.129335108874486 ], [ 80.216371552607455, 13.129149889723109 ], [ 80.216276566620692, 13.129153217452327 ] ] ] } },
{ "type": "Feature", "properties": { "reconciliation_status": "MATCHED", "match_class": "STRONG", "match_iou": 0.7756, "ms_id": "MS_00664", "osm_id": "way/354455746", "osm_name": null, "osm_levels": null, "osm_height": null, "osm_type": "yes", "ms_confidence": -1.0, "area_m2": 183.33 }, "geometry": { "type": "Polygon", "coordinates": [ [ [ 80.208993948945306, 13.121494505735569 ], [ 80.208894724208278, 13.121495770473118 ], [ 80.208896795019001, 13.121649862582544 ], [ 80.208996019756029, 13.121648597845791 ], [ 80.208993948945306, 13.121494505735569 ] ] ] } },
{ "type": "Feature", "properties": { "reconciliation_status": "MATCHED", "match_class": "STRONG", "match_iou": 0.766, "ms_id": "MS_02766", "osm_id": "way/354471322", "osm_name": null, "osm_levels": null, "osm_height": null, "osm_type": "yes", "ms_confidence": -1.0, "area_m2": 244.78 }, "geometry": { "type": "Polygon", "coordinates": [ [ [ 80.206544071796287, 13.120254443831072 ], [ 80.206688816623526, 13.1202580449458 ], [ 80.206692514262244, 13.120117078530498 ], [ 80.206547769434991, 13.120113477413682 ], [ 80.206544071796287, 13.120254443831072 ] ] ] } },
{ "type": "Feature", "properties": { "reconciliation_status": "MATCHED", "match_class": "STRONG", "match_iou": 0.7632, "ms_id": "MS_02405", "osm_id": "way/354981019", "osm_name": null, "osm_levels": null, "osm_height": null, "osm_type": "yes", "ms_confidence": -1.0, "area_m2": 373.04 }, "geometry": { "type": "Polygon", "coordinates": [ [ [ 80.207033560428115, 13.119440854572318 ], [ 80.207163803993126, 13.119439132305288 ], [ 80.207160473706637, 13.119200260196024 ], [ 80.207030247181791, 13.119201973362877 ], [ 80.207033560428115, 13.119440854572318 ] ] ] } },
{ "type": "Feature", "properties": { "reconciliation_status": "MATCHED", "match_class": "STRONG", "match_iou": 0.7517, "ms_id": "MS_00089", "osm_id": "way/354443413", "osm_name": null, "osm_levels": null, "osm_height": null, "osm_type": "yes", "ms_confidence": -1.0, "area_m2": 175.09 }, "geometry": { "type": "Polygon", "coordinates": [ [ [ 80.210650308493911, 13.121736100506155 ], [ 80.210651514076616, 13.121648270074175 ], [ 80.210485246829563, 13.121646105469168 ], [ 80.210484041402452, 13.121733924570961 ], [ 80.210650308493911, 13.121736100506155 ] ] ] } },
{ "type": "Feature", "properties": { "reconciliation_status": "MATCHED", "match_class": "STRONG", "match_iou": 0.7432, "ms_id": "MS_01177", "osm_id": "way/354471659", "osm_name": null, "osm_levels": null, "osm_height": null, "osm_type": "yes", "ms_confidence": -1.0, "area_m2": 158.5 }, "geometry": { "type": "Polygon", "coordinates": [ [ [ 80.20643498069002, 13.120740786049097 ], [ 80.206535237637439, 13.120743006995184 ], [ 80.206538325187935, 13.120611217847696 ], [ 80.206438058933955, 13.120608989859903 ], [ 80.20643498069002, 13.120740786049097 ] ] ] } },
{ "type": "Feature", "properties": { "reconciliation_status": "MATCHED", "match_class": "STRONG", "match_iou": 0.7379, "ms_id": "MS_00687", "osm_id": "way/354542955", "osm_name": null, "osm_levels": null, "osm_height": null, "osm_type": "yes", "ms_confidence": -1.0, "area_m2": 127.91 }, "geometry": { "type": "Polygon", "coordinates": [ [ [ 80.206916324685153, 13.123531084104087 ], [ 80.206810144262903, 13.123528594454925 ], [ 80.206807668577085, 13.123629028155293 ], [ 80.206913841964564, 13.123631510401594 ], [ 80.206916324685153, 13.123531084104087 ] ] ] } },
{ "type": "Feature", "properties": { "reconciliation_status": "MATCHED", "match_class": "STRONG", "match_iou": 0.7377, "ms_id": "MS_01656", "osm_id": "way/354443252", "osm_name": null, "osm_levels": null, "osm_height": null, "osm_type": "yes", "ms_confidence": -1.0, "area_m2": 111.1 }, "geometry": { "type": "Polygon", "coordinates": [ [ [ 80.215455699461529, 13.119192081436452 ], [ 80.215457411207112, 13.119066717812657 ], [ 80.215383510044163, 13.119065760733164 ], [ 80.215381789290944, 13.119191124240757 ], [ 80.215455699461529, 13.119192081436452 ] ] ] } },
{ "type": "Feature", "properties": { "reconciliation_status": "MATCHED", "match_class": "STRONG", "match_iou": 0.7336, "ms_id": "MS_01921", "osm_id": "way/354293124", "osm_name": null, "osm_levels": null, "osm_height": null, "osm_type": "yes", "ms_confidence": -1.0, "area_m2": 160.11 }, "geometry": { "type": "Polygon", "coordinates": [ [ [ 80.208460001256526, 13.12588020909179 ], [ 80.208363529515253, 13.125883043148193 ], [ 80.208367813809772, 13.126021360257255 ], [ 80.208464285551003, 13.126018526202444 ], [ 80.208460001256526, 13.12588020909179 ] ] ] } },
{ "type": "Feature", "properties": { "reconciliation_status": "MATCHED", "match_class": "STRONG", "match_iou": 0.7277, "ms_id": "MS_01358", "osm_id": "way/354296374", "osm_name": null, "osm_levels": null, "osm_height": null, "osm_type": "yes", "ms_confidence": -1.0, "area_m2": 502.82 }, "geometry": { "type": "Polygon", "coordinates": [ [ [ 80.214086043486176, 13.129466197538136 ], [ 80.214257704286027, 13.129633804977175 ], [ 80.214384699510759, 13.129510449821041 ], [ 80.214223773172066, 13.129353312272485 ], [ 80.214198960511268, 13.129377413747392 ], [ 80.214188231711262, 13.12936693827487 ], [ 80.214086043486176, 13.129466197538136 ] ] ] } },
{ "type": "Feature", "properties": { "reconciliation_status": "MATCHED", "match_class": "STRONG", "match_iou": 0.7227, "ms_id": "MS_00903", "osm_id": "way/354443229", "osm_name": null, "osm_levels": null, "osm_height": null, "osm_type": "yes", "ms_confidence": -1.0, "area_m2": 191.17 }, "geometry": { "type": "Polygon", "coordinates": [ [ [ 80.21475421864757, 13.119724876380985 ], [ 80.214652478328205, 13.119729085815536 ], [ 80.21465930294076, 13.119885535260167 ], [ 80.214761043260097, 13.119881325828288 ], [ 80.21475421864757, 13.119724876380985 ] ] ] } },
{ "type": "Feature", "properties": { "reconciliation_status": "MATCHED", "match_class": "STRONG", "match_iou": 0.716, "ms_id": "MS_02202", "osm_id": "way/354471644", "osm_name": null, "osm_levels": null, "osm_height": null, "osm_type": "yes", "ms_confidence": -1.0, "area_m2": 278.05 }, "geometry": { "type": "Polygon", "coordinates": [ [ [ 80.213830158832593, 13.121509513485393 ], [ 80.213822025325996, 13.12170772243006 ], [ 80.213938858499219, 13.121712269595477 ], [ 80.213946977784147, 13.121514060100964 ], [ 80.213830158832593, 13.121509513485393 ] ] ] } },
{ "type": "Feature", "properties": { "reconciliation_status": "MATCHED", "match_class": "STRONG", "match_iou": 0.714, "ms_id": "MS_01936", "osm_id": "way/354471520", "osm_name": null, "osm_levels": null, "osm_height": null, "osm_type": "yes", "ms_confidence": -1.0, "area_m2": 344.79 }, "geometry": { "type": "Polygon", "coordinates": [ [ [ 80.207160350173325, 13.120280348035593 ], [ 80.207155216316906, 13.120135443890675 ], [ 80.206956969353314, 13.120142119251412 ], [ 80.206962102731552, 13.12028700989562 ], [ 80.207160350173325, 13.120280348035593 ] ] ] } },
{ "type": "Feature", "properties": { "reconciliation_status": "MATCHED", "match_class": "STRONG", "match_iou": 0.7127, "ms_id": "MS_01938", "osm_id": "way/354443350", "osm_name": null, "osm_levels": null, "osm_height": null, "osm_type": "yes", "ms_confidence": -1.0, "area_m2": 196.51 }, "geometry": { "type": "Polygon", "coordinates": [ [ [ 80.211618873707494, 13.120974048181566 ], [ 80.211621317318048, 13.121130743052234 ], [ 80.211725899346533, 13.121129196173399 ], [ 80.211723455735935, 13.120972501301779 ], [ 80.211618873707494, 13.120974048181566 ] ] ] } },
{ "type": "Feature", "properties": { "reconciliation_status": "MATCHED", "match_class": "STRONG", "match_iou": 0.7027, "ms_id": "MS_00831", "osm_id": "way/354542885", "osm_name": null, "osm_levels": null, "osm_height": null, "osm_type": "yes", "ms_confidence": -1.0, "area_m2": 163.63 }, "geometry": { "type": "Polygon", "coordinates": [ [ [ 80.210052765763805, 13.118610639980119 ], [ 80.209977708308998, 13.118612420377815 ], [ 80.209982240186875, 13.118794154045133 ], [ 80.210057297769183, 13.118792378761825 ], [ 80.210052765763805, 13.118610639980119 ] ] ] } },
{ "type": "Feature", "properties": { "reconciliation_status": "MATCHED", "match_class": "POSSIBLE", "match_iou": 0.6983, "ms_id": "MS_00693", "osm_id": "way/354471360", "osm_name": null, "osm_levels": null, "osm_height": null, "osm_type": "yes", "ms_confidence": -1.0, "area_m2": 158.63 }, "geometry": { "type": "Polygon", "coordinates": [ [ [ 80.210040282045227, 13.119835820131868 ], [ 80.210043981879195, 13.119987241738343 ], [ 80.210131323773666, 13.119985217586688 ], [ 80.210127613064046, 13.119833796231035 ], [ 80.210040282045227, 13.119835820131868 ] ] ] } },
{ "type": "Feature", "properties": { "reconciliation_status": "MATCHED", "match_class": "POSSIBLE", "match_iou": 0.6983, "ms_id": "MS_00112", "osm_id": "way/354471528", "osm_name": null, "osm_levels": null, "osm_height": null, "osm_type": "yes", "ms_confidence": -1.0, "area_m2": 404.43 }, "geometry": { "type": "Polygon", "coordinates": [ [ [ 80.214363213632254, 13.121511896269752 ], [ 80.214621500154067, 13.121519184815796 ], [ 80.214625392163896, 13.121388685678625 ], [ 80.214367096271616, 13.121381396864308 ], [ 80.214363213632254, 13.121511896269752 ] ] ] } },
{ "type": "Feature", "properties": { "reconciliation_status": "MATCHED", "match_class": "POSSIBLE", "match_iou": 0.6953, "ms_id": "MS_01713", "osm_id": "way/838433421", "osm_name": null, "osm_levels": null, "osm_height": null, "osm_type": "yes", "ms_confidence": -1.0, "area_m2": 499.42 }, "geometry": { "type": "Polygon", "coordinates": [ [ [ 80.214146578321959, 13.12993574211346 ], [ 80.21418897034377, 13.129968900895761 ], [ 80.214291681477803, 13.129844354346844 ], [ 80.21415471795828, 13.129737231577565 ], [ 80.213975315891844, 13.129954772878875 ], [ 80.214033141793806, 13.13 ], [ 80.214093586067364, 13.13 ], [ 80.214146578321959, 13.12993574211346 ] ] ] } },
{ "type": "Feature", "properties": { "reconciliation_status": "MATCHED", "match_class": "POSSIBLE", "match_iou": 0.693, "ms_id": "MS_01197", "osm_id": "way/354471479", "osm_name": null, "osm_levels": null, "osm_height": null, "osm_type": "yes", "ms_confidence": -1.0, "area_m2": 189.8 }, "geometry": { "type": "Polygon", "coordinates": [ [ [ 80.209134869130111, 13.118813351604103 ], [ 80.209047562116695, 13.118813452771747 ], [ 80.209047783633252, 13.118994771882114 ], [ 80.20913510366934, 13.118994664747532 ], [ 80.209134869130111, 13.118813351604103 ] ] ] } },
{ "type": "Feature", "properties": { "reconciliation_status": "MATCHED", "match_class": "POSSIBLE", "match_iou": 0.6912, "ms_id": "MS_01514", "osm_id": "way/354471204", "osm_name": null, "osm_levels": null, "osm_height": null, "osm_type": "yes", "ms_confidence": -1.0, "area_m2": 181.42 }, "geometry": { "type": "Polygon", "coordinates": [ [ [ 80.213537733566582, 13.118481195993141 ], [ 80.213542193331222, 13.118633673034083 ], [ 80.213641354800814, 13.118630928852156 ], [ 80.213636894838658, 13.118478445055942 ], [ 80.213537733566582, 13.118481195993141 ] ] ] } },
{ "type": "Feature", "properties": { "reconciliation_status": "MATCHED", "match_class": "POSSIBLE", "match_iou": 0.6901, "ms_id": "MS_00278", "osm_id": "way/354443409", "osm_name": null, "osm_levels": null, "osm_height": null, "osm_type": "yes", "ms_confidence": -1.0, "area_m2": 233.58 }, "geometry": { "type": "Polygon", "coordinates": [ [ [ 80.209651112013944, 13.121808995648479 ], [ 80.209779712303131, 13.121804779408492 ], [ 80.209774481090946, 13.12165344468707 ], [ 80.20964588080173, 13.121657660929657 ], [ 80.209651112013944, 13.121808995648479 ] ] ] } },
{ "type": "Feature", "properties": { "reconciliation_status": "MATCHED", "match_class": "POSSIBLE", "match_iou": 0.688, "ms_id": "MS_01523", "osm_id": "way/354455444", "osm_name": null, "osm_levels": null, "osm_height": null, "osm_type": "yes", "ms_confidence": -1.0, "area_m2": 398.63 }, "geometry": { "type": "Polygon", "coordinates": [ [ [ 80.206773997448835, 13.119774636949145 ], [ 80.206768132886921, 13.120047565468951 ], [ 80.206889895676653, 13.120050055342276 ], [ 80.206895780022705, 13.119777118928866 ], [ 80.206773997448835, 13.119774636949145 ] ] ] } },
{ "type": "Feature", "properties": { "reconciliation_status": "MATCHED", "match_class": "POSSIBLE", "match_iou": 0.6877, "ms_id": "MS_00497", "osm_id": "way/354471513", "osm_name": null, "osm_levels": null, "osm_height": null, "osm_type": "yes", "ms_confidence": -1.0, "area_m2": 191.33 }, "geometry": { "type": "Polygon", "coordinates": [ [ [ 80.209431814544644, 13.118851676741755 ], [ 80.209436614240374, 13.11900042559941 ], [ 80.209543796755156, 13.118997145299531 ], [ 80.209538997059425, 13.118848396439901 ], [ 80.209431814544644, 13.118851676741755 ] ] ] } },
{ "type": "Feature", "properties": { "reconciliation_status": "MATCHED", "match_class": "POSSIBLE", "match_iou": 0.686, "ms_id": "MS_00944", "osm_id": "way/354455739", "osm_name": null, "osm_levels": null, "osm_height": null, "osm_type": "yes", "ms_confidence": -1.0, "area_m2": 157.13 }, "geometry": { "type": "Polygon", "coordinates": [ [ [ 80.209006100503785, 13.121501367611756 ], [ 80.20900958511946, 13.121626660243322 ], [ 80.20911411458475, 13.121623902916056 ], [ 80.209110629969075, 13.121498610283084 ], [ 80.209006100503785, 13.121501367611756 ] ] ] } },
{ "type": "Feature", "properties": { "reconciliation_status": "MATCHED", "match_class": "POSSIBLE", "match_iou": 0.6857, "ms_id": "MS_02398", "osm_id": "way/354471258", "osm_name": null, "osm_levels": null, "osm_height": null, "osm_type": "yes", "ms_confidence": -1.0, "area_m2": 426.51 }, "geometry": { "type": "Polygon", "coordinates": [ [ [ 80.211967646775292, 13.122814059576484 ], [ 80.212174002780813, 13.122819896738193 ], [ 80.212179140223327, 13.122647639123997 ], [ 80.211972784217835, 13.122641801958196 ], [ 80.211967646775292, 13.122814059576484 ] ] ] } },
{ "type": "Feature", "properties": { "reconciliation_status": "MATCHED", "match_class": "POSSIBLE", "match_iou": 0.6789, "ms_id": "MS_01071", "osm_id": "way/354471386", "osm_name": null, "osm_levels": null, "osm_height": null, "osm_type": "yes", "ms_confidence": -1.0, "area_m2": 240.26 }, "geometry": { "type": "Polygon", "coordinates": [ [ [ 80.212953413659932, 13.119052249899624 ], [ 80.213053840954373, 13.119052783836025 ], [ 80.213054769217393, 13.118889279166339 ], [ 80.213119140265889, 13.118889625792363 ], [ 80.213119264943188, 13.118867665060378 ], [ 80.212954453247747, 13.118866788814202 ], [ 80.212953413659932, 13.119052249899624 ] ] ] } },
{ "type": "Feature", "properties": { "reconciliation_status": "MATCHED", "match_class": "POSSIBLE", "match_iou": 0.6772, "ms_id": "MS_02053", "osm_id": "way/354471591", "osm_name": null, "osm_levels": null, "osm_height": null, "osm_type": "yes", "ms_confidence": -1.0, "area_m2": 466.09 }, "geometry": { "type": "Polygon", "coordinates": [ [ [ 80.211958757970791, 13.123023133411323 ], [ 80.212173281730145, 13.123019858047314 ], [ 80.212170351874718, 13.122838664436969 ], [ 80.211955828351734, 13.122841954421943 ], [ 80.211958757970791, 13.123023133411323 ] ] ] } },
{ "type": "Feature", "properties": { "reconciliation_status": "MATCHED", "match_class": "POSSIBLE", "match_iou": 0.6753, "ms_id": "MS_02711", "osm_id": "way/354458286", "osm_name": null, "osm_levels": null, "osm_height": null, "osm_type": "yes", "ms_confidence": -1.0, "area_m2": 253.97 }, "geometry": { "type": "Polygon", "coordinates": [ [ [ 80.210200603185839, 13.128307708644499 ], [ 80.210196527761113, 13.128388488930113 ], [ 80.210220609509719, 13.128389641193607 ], [ 80.210213378917501, 13.128532960989105 ], [ 80.210299002912478, 13.128537057923495 ], [ 80.210310308929365, 13.128312957846518 ], [ 80.210200603185839, 13.128307708644499 ] ] ] } },
{ "type": "Feature", "properties": { "reconciliation_status": "MATCHED", "match_class": "POSSIBLE", "match_iou": 0.674, "ms_id": "MS_00792", "osm_id": "way/354495686", "osm_name": null, "osm_levels": null, "osm_height": null, "osm_type": "yes", "ms_confidence": -1.0, "area_m2": 106.71 }, "geometry": { "type": "Polygon", "coordinates": [ [ [ 80.211880436480186, 13.119007776026521 ], [ 80.211901250808481, 13.118875038444855 ], [ 80.211835724491152, 13.118865288256913 ], [ 80.211814910162815, 13.118998025843865 ], [ 80.211880436480186, 13.119007776026521 ] ] ] } },
{ "type": "Feature", "properties": { "reconciliation_status": "MATCHED", "match_class": "POSSIBLE", "match_iou": 0.6725, "ms_id": "MS_02235", "osm_id": "way/354543142", "osm_name": null, "osm_levels": null, "osm_height": null, "osm_type": "yes", "ms_confidence": -1.0, "area_m2": 224.68 }, "geometry": { "type": "Polygon", "coordinates": [ [ [ 80.210106630478862, 13.122901745745182 ], [ 80.210285993715516, 13.122966284622123 ], [ 80.210320872396423, 13.122874348198252 ], [ 80.210141509159769, 13.122809809297166 ], [ 80.210106630478862, 13.122901745745182 ] ] ] } },
{ "type": "Feature", "properties": { "reconciliation_status": "MATCHED", "match_class": "POSSIBLE", "match_iou": 0.6723, "ms_id": "MS_01536", "osm_id": "way/354443113", "osm_name": null, "osm_levels": null, "osm_height": null, "osm_type": "yes", "ms_confidence": -1.0, "area_m2": 202.78 }, "geometry": { "type": "Polygon", "coordinates": [ [ [ 80.215390244419751, 13.118686260015579 ], [ 80.215386644849261, 13.118506085756948 ], [ 80.215292803059484, 13.118507863975793 ], [ 80.21529640262996, 13.118688038233145 ], [ 80.215390244419751, 13.118686260015579 ] ] ] } },
{ "type": "Feature", "properties": { "reconciliation_status": "MATCHED", "match_class": "POSSIBLE", "match_iou": 0.6704, "ms_id": "MS_00625", "osm_id": "way/354443180", "osm_name": null, "osm_levels": null, "osm_height": null, "osm_type": "yes", "ms_confidence": -1.0, "area_m2": 152.77 }, "geometry": { "type": "Polygon", "coordinates": [ [ [ 80.215670030983176, 13.119736127217266 ], [ 80.215673650125922, 13.119871869931629 ], [ 80.215767464189682, 13.119869497555328 ], [ 80.215763845046894, 13.119733754839629 ], [ 80.215670030983176, 13.119736127217266 ] ] ] } },
{ "type": "Feature", "properties": { "reconciliation_status": "MATCHED", "match_class": "POSSIBLE", "match_iou": 0.6653, "ms_id": "MS_02230", "osm_id": "way/354308218", "osm_name": null, "osm_levels": null, "osm_height": null, "osm_type": "yes", "ms_confidence": -1.0, "area_m2": 172.18 }, "geometry": { "type": "Polygon", "coordinates": [ [ [ 80.207952714786089, 13.123953356745375 ], [ 80.207968148953199, 13.123808637324473 ], [ 80.207869966374247, 13.123798706092884 ], [ 80.207854532207151, 13.123943425519656 ], [ 80.207952714786089, 13.123953356745375 ] ] ] } },
{ "type": "Feature", "properties": { "reconciliation_status": "MATCHED", "match_class": "POSSIBLE", "match_iou": 0.6641, "ms_id": "MS_02899", "osm_id": "way/354471405", "osm_name": null, "osm_levels": null, "osm_height": null, "osm_type": "yes", "ms_confidence": -1.0, "area_m2": 185.98 }, "geometry": { "type": "Polygon", "coordinates": [ [ [ 80.214090018886978, 13.118831534299574 ], [ 80.214190681207185, 13.118829201435602 ], [ 80.214186906519814, 13.118675168641786 ], [ 80.214086255262814, 13.118677501250815 ], [ 80.214090018886978, 13.118831534299574 ] ] ] } },
{ "type": "Feature", "properties": { "reconciliation_status": "MATCHED", "match_class": "POSSIBLE", "match_iou": 0.6629, "ms_id": "MS_02648", "osm_id": "way/354443334", "osm_name": null, "osm_levels": null, "osm_height": null, "osm_type": "yes", "ms_confidence": -1.0, "area_m2": 126.08 }, "geometry": { "type": "Polygon", "coordinates": [ [ [ 80.210990165804404, 13.121558380546958 ], [ 80.210995818810943, 13.12168090590329 ], [ 80.211081476828909, 13.121677163379417 ], [ 80.211075823822355, 13.121554638021223 ], [ 80.210990165804404, 13.121558380546958 ] ] ] } },
{ "type": "Feature", "properties": { "reconciliation_status": "MATCHED", "match_class": "POSSIBLE", "match_iou": 0.6594, "ms_id": "MS_02442", "osm_id": "way/354443156", "osm_name": null, "osm_levels": null, "osm_height": null, "osm_type": "yes", "ms_confidence": -1.0, "area_m2": 208.04 }, "geometry": { "type": "Polygon", "coordinates": [ [ [ 80.211598744805229, 13.120706281076309 ], [ 80.211608702570643, 13.120885998623834 ], [ 80.211704981746678, 13.120880938901593 ], [ 80.211695023981264, 13.120701221350387 ], [ 80.211598744805229, 13.120706281076309 ] ] ] } },
{ "type": "Feature", "properties": { "reconciliation_status": "MATCHED", "match_class": "POSSIBLE", "match_iou": 0.6593, "ms_id": "MS_00662", "osm_id": "way/354471573", "osm_name": null, "osm_levels": null, "osm_height": null, "osm_type": "yes", "ms_confidence": -1.0, "area_m2": 140.41 }, "geometry": { "type": "Polygon", "coordinates": [ [ [ 80.206216495698229, 13.120631862827437 ], [ 80.206155001549817, 13.120628476058783 ], [ 80.206151221601303, 13.120693572572719 ], [ 80.206290251849936, 13.120701229612806 ], [ 80.206295997371683, 13.120602282907896 ], [ 80.206218461271462, 13.120598012633849 ], [ 80.206216495698229, 13.120631862827437 ] ] ] } },
{ "type": "Feature", "properties": { "reconciliation_status": "MATCHED", "match_class": "POSSIBLE", "match_iou": 0.658, "ms_id": "MS_00808", "osm_id": "relation/5292831", "osm_name": null, "osm_levels": null, "osm_height": null, "osm_type": "yes", "ms_confidence": -1.0, "area_m2": 1383.82 }, "geometry": { "type": "Polygon", "coordinates": [ [ [ 80.214723412511447, 13.127385476450172 ], [ 80.214640413829883, 13.127382042544752 ], [ 80.214639048907387, 13.127413331467267 ], [ 80.21452927645754, 13.127408789850918 ], [ 80.21453064138008, 13.127377500927807 ], [ 80.214312453891921, 13.12736847385392 ], [ 80.21429912401284, 13.127673539789967 ], [ 80.214366058234802, 13.127676309057023 ], [ 80.214367603156788, 13.127640952186567 ], [ 80.214489424264556, 13.127646000590644 ], [ 80.214487882240519, 13.127681349276997 ], [ 80.214562848791658, 13.127684450865218 ], [ 80.214564099970616, 13.127655769384702 ], [ 80.214624338883624, 13.127658261647184 ], [ 80.214623427438909, 13.127679120843965 ], [ 80.214710445747627, 13.127682721049098 ], [ 80.214723412511447, 13.127385476450172 ] ] ] } },
{ "type": "Feature", "properties": { "reconciliation_status": "MATCHED", "match_class": "POSSIBLE", "match_iou": 0.6572, "ms_id": "MS_02505", "osm_id": "way/354765011", "osm_name": null, "osm_levels": null, "osm_height": null, "osm_type": "yes", "ms_confidence": -1.0, "area_m2": 181.62 }, "geometry": { "type": "Polygon", "coordinates": [ [ [ 80.210220015108106, 13.129575371463687 ], [ 80.210198560581304, 13.129575118481682 ], [ 80.210200106804777, 13.129450754757329 ], [ 80.21011307851424, 13.129449734490663 ], [ 80.210110947773416, 13.129622107674734 ], [ 80.210163100042166, 13.129622719075726 ], [ 80.210163294871919, 13.129607048804488 ], [ 80.210219613052431, 13.129607709044109 ], [ 80.210220015108106, 13.129575371463687 ] ] ] } },
{ "type": "Feature", "properties": { "reconciliation_status": "MATCHED", "match_class": "POSSIBLE", "match_iou": 0.6555, "ms_id": "MS_01765", "osm_id": "way/354471300", "osm_name": null, "osm_levels": null, "osm_height": null, "osm_type": "yes", "ms_confidence": -1.0, "area_m2": 174.22 }, "geometry": { "type": "Polygon", "coordinates": [ [ [ 80.213934330646438, 13.120120485731405 ], [ 80.214027940662945, 13.120125360533166 ], [ 80.214036428979028, 13.119970556846837 ], [ 80.213942818613646, 13.11996568840452 ], [ 80.213934330646438, 13.120120485731405 ] ] ] } },
{ "type": "Feature", "properties": { "reconciliation_status": "MATCHED", "match_class": "POSSIBLE", "match_iou": 0.6546, "ms_id": "MS_02101", "osm_id": "way/354471694", "osm_name": null, "osm_levels": null, "osm_height": null, "osm_type": "yes", "ms_confidence": -1.0, "area_m2": 232.38 }, "geometry": { "type": "Polygon", "coordinates": [ [ [ 80.213326918202455, 13.121501890174656 ], [ 80.213321245339088, 13.121687189690817 ], [ 80.213425758365958, 13.121690231533947 ], [ 80.213431431229338, 13.121504932020059 ], [ 80.213326918202455, 13.121501890174656 ] ] ] } },
{ "type": "Feature", "properties": { "reconciliation_status": "MATCHED", "match_class": "POSSIBLE", "match_iou": 0.6531, "ms_id": "MS_02108", "osm_id": "way/354455451", "osm_name": null, "osm_levels": null, "osm_height": null, "osm_type": "yes", "ms_confidence": -1.0, "area_m2": 353.96 }, "geometry": { "type": "Polygon", "coordinates": [ [ [ 80.207019222007375, 13.119793582732171 ], [ 80.20690389063536, 13.119794211628829 ], [ 80.206905362350042, 13.120050198770613 ], [ 80.207020693722043, 13.120049569874581 ], [ 80.207019222007375, 13.119793582732171 ] ] ] } },
{ "type": "Feature", "properties": { "reconciliation_status": "MATCHED", "match_class": "POSSIBLE", "match_iou": 0.6516, "ms_id": "MS_00238", "osm_id": "way/354471493", "osm_name": null, "osm_levels": null, "osm_height": null, "osm_type": "yes", "ms_confidence": -1.0, "area_m2": 179.62 }, "geometry": { "type": "Polygon", "coordinates": [ [ [ 80.213227274356441, 13.120159125759344 ], [ 80.213132320166252, 13.120160827961328 ], [ 80.213135301576102, 13.120318570884564 ], [ 80.213230244555774, 13.120316875356096 ], [ 80.213227274356441, 13.120159125759344 ] ] ] } },
{ "type": "Feature", "properties": { "reconciliation_status": "MATCHED", "match_class": "POSSIBLE", "match_iou": 0.6509, "ms_id": "MS_02084", "osm_id": "way/354471368", "osm_name": null, "osm_levels": null, "osm_height": null, "osm_type": "yes", "ms_confidence": -1.0, "area_m2": 319.59 }, "geometry": { "type": "Polygon", "coordinates": [ [ [ 80.214257446249832, 13.120293256902301 ], [ 80.214261847225984, 13.120147100118061 ], [ 80.214079614102715, 13.120141883153948 ], [ 80.214075213126563, 13.120288039941315 ], [ 80.214257446249832, 13.120293256902301 ] ] ] } },
{ "type": "Feature", "properties": { "reconciliation_status": "MATCHED", "match_class": "POSSIBLE", "match_iou": 0.6475, "ms_id": "MS_00218", "osm_id": "way/354513060", "osm_name": null, "osm_levels": null, "osm_height": null, "osm_type": "yes", "ms_confidence": -1.0, "area_m2": 150.32 }, "geometry": { "type": "Polygon", "coordinates": [ [ [ 80.216520585944011, 13.119988772786343 ], [ 80.216524435615582, 13.120137573647213 ], [ 80.21660864153047, 13.120135513120246 ], [ 80.216604802545703, 13.119986711996631 ], [ 80.216520585944011, 13.119988772786343 ] ] ] } },
{ "type": "Feature", "properties": { "reconciliation_status": "MATCHED", "match_class": "POSSIBLE", "match_iou": 0.6461, "ms_id": "MS_01915", "osm_id": "way/354512966", "osm_name": null, "osm_levels": null, "osm_height": null, "osm_type": "yes", "ms_confidence": -1.0, "area_m2": 131.7 }, "geometry": { "type": "Polygon", "coordinates": [ [ [ 80.215949192871108, 13.1234801146054 ], [ 80.215952921755544, 13.123602778478499 ], [ 80.216042407756674, 13.123600198413797 ], [ 80.216038670064677, 13.123477534793352 ], [ 80.215949192871108, 13.1234801146054 ] ] ] } },
{ "type": "Feature", "properties": { "reconciliation_status": "MATCHED", "match_class": "POSSIBLE", "match_iou": 0.6437, "ms_id": "MS_00197", "osm_id": "way/354980071", "osm_name": null, "osm_levels": null, "osm_height": null, "osm_type": "yes", "ms_confidence": -1.0, "area_m2": 140.72 }, "geometry": { "type": "Polygon", "coordinates": [ [ [ 80.209641068903608, 13.128512816860564 ], [ 80.209637865202708, 13.128614593263009 ], [ 80.2097530919078, 13.128618033224043 ], [ 80.209756295608699, 13.128516256823019 ], [ 80.209641068903608, 13.128512816860564 ] ] ] } },
{ "type": "Feature", "properties": { "reconciliation_status": "MATCHED", "match_class": "POSSIBLE", "match_iou": 0.6428, "ms_id": "MS_02099", "osm_id": "way/354495706", "osm_name": null, "osm_levels": null, "osm_height": null, "osm_type": "yes", "ms_confidence": -1.0, "area_m2": 141.29 }, "geometry": { "type": "Polygon", "coordinates": [ [ [ 80.211948188253047, 13.118705366197929 ], [ 80.211942524885643, 13.118854057443372 ], [ 80.212021679611894, 13.118856916983759 ], [ 80.212027332308367, 13.118708225354553 ], [ 80.211948188253047, 13.118705366197929 ] ] ] } },
{ "type": "Feature", "properties": { "reconciliation_status": "MATCHED", "match_class": "POSSIBLE", "match_iou": 0.6412, "ms_id": "MS_00424", "osm_id": "way/354471546", "osm_name": null, "osm_levels": null, "osm_height": null, "osm_type": "yes", "ms_confidence": -1.0, "area_m2": 285.02 }, "geometry": { "type": "Polygon", "coordinates": [ [ [ 80.213970517095561, 13.120711340378591 ], [ 80.213977642367368, 13.120505211111222 ], [ 80.213862437941614, 13.120501434042879 ], [ 80.213855312669835, 13.120707563313417 ], [ 80.213970517095561, 13.120711340378591 ] ] ] } },
{ "type": "Feature", "properties": { "reconciliation_status": "MATCHED", "match_class": "POSSIBLE", "match_iou": 0.6406, "ms_id": "MS_00442", "osm_id": "way/354443387", "osm_name": null, "osm_levels": null, "osm_height": null, "osm_type": "yes", "ms_confidence": -1.0, "area_m2": 252.97 }, "geometry": { "type": "Polygon", "coordinates": [ [ [ 80.215582283627725, 13.118568745306021 ], [ 80.215575897689149, 13.11874754019324 ], [ 80.215693772549301, 13.118751525360622 ], [ 80.215700158201216, 13.118572738501229 ], [ 80.215582283627725, 13.118568745306021 ] ] ] } },
{ "type": "Feature", "properties": { "reconciliation_status": "MATCHED", "match_class": "POSSIBLE", "match_iou": 0.6356, "ms_id": "MS_02083", "osm_id": "way/354443294", "osm_name": null, "osm_levels": null, "osm_height": null, "osm_type": "yes", "ms_confidence": -1.0, "area_m2": 104.08 }, "geometry": { "type": "Polygon", "coordinates": [ [ [ 80.213961112067125, 13.119558754609301 ], [ 80.213962665898833, 13.119688225625069 ], [ 80.214029711910058, 13.119687457867201 ], [ 80.214028158133146, 13.119557991420393 ], [ 80.213961112067125, 13.119558754609301 ] ] ] } },
{ "type": "Feature", "properties": { "reconciliation_status": "MATCHED", "match_class": "POSSIBLE", "match_iou": 0.6352, "ms_id": "MS_02394", "osm_id": "way/354471211", "osm_name": null, "osm_levels": null, "osm_height": null, "osm_type": "yes", "ms_confidence": -1.0, "area_m2": 124.66 }, "geometry": { "type": "Polygon", "coordinates": [ [ [ 80.209074374343331, 13.119499468674121 ], [ 80.209071351997551, 13.119616943898066 ], [ 80.209159809361267, 13.119619102433532 ], [ 80.209162831707047, 13.11950162721061 ], [ 80.209074374343331, 13.119499468674121 ] ] ] } },
{ "type": "Feature", "properties": { "reconciliation_status": "MATCHED", "match_class": "POSSIBLE", "match_iou": 0.6351, "ms_id": "MS_01438", "osm_id": "way/354471627", "osm_name": null, "osm_levels": null, "osm_height": null, "osm_type": "yes", "ms_confidence": -1.0, "area_m2": 229.75 }, "geometry": { "type": "Polygon", "coordinates": [ [ [ 80.213984650766875, 13.11828439786656 ], [ 80.213884159817837, 13.118280151053312 ], [ 80.213875679371, 13.118470484141483 ], [ 80.213976183972491, 13.118474731528408 ], [ 80.213984650766875, 13.11828439786656 ] ] ] } },
{ "type": "Feature", "properties": { "reconciliation_status": "MATCHED", "match_class": "POSSIBLE", "match_iou": 0.6349, "ms_id": "MS_00178", "osm_id": "way/354736619", "osm_name": null, "osm_levels": null, "osm_height": null, "osm_type": "yes", "ms_confidence": -1.0, "area_m2": 187.79 }, "geometry": { "type": "Polygon", "coordinates": [ [ [ 80.209500713049351, 13.124082382412155 ], [ 80.209594411650542, 13.124086367629147 ], [ 80.209601894347969, 13.123919508144041 ], [ 80.209508195746807, 13.123915522924321 ], [ 80.209500713049351, 13.124082382412155 ] ] ] } },
{ "type": "Feature", "properties": { "reconciliation_status": "MATCHED", "match_class": "POSSIBLE", "match_iou": 0.631, "ms_id": "MS_01823", "osm_id": "way/368444788", "osm_name": null, "osm_levels": null, "osm_height": null, "osm_type": "yes", "ms_confidence": -1.0, "area_m2": 503.63 }, "geometry": { "type": "Polygon", "coordinates": [ [ [ 80.217801622584886, 13.121465885390876 ], [ 80.217806130966594, 13.121679994259111 ], [ 80.218, 13.121676135658525 ], [ 80.218, 13.121461937055956 ], [ 80.217801622584886, 13.121465885390876 ] ] ] } },
{ "type": "Feature", "properties": { "reconciliation_status": "MATCHED", "match_class": "POSSIBLE", "match_iou": 0.6308, "ms_id": "MS_02839", "osm_id": "way/354568471", "osm_name": null, "osm_levels": null, "osm_height": null, "osm_type": "yes", "ms_confidence": -1.0, "area_m2": 608.88 }, "geometry": { "type": "Polygon", "coordinates": [ [ [ 80.216865009293926, 13.120520763993611 ], [ 80.216476151389728, 13.120525561439393 ], [ 80.216477850024717, 13.120656149906637 ], [ 80.216866707928915, 13.120651352463412 ], [ 80.216865009293926, 13.120520763993611 ] ] ] } },
{ "type": "Feature", "properties": { "reconciliation_status": "MATCHED", "match_class": "POSSIBLE", "match_iou": 0.6298, "ms_id": "MS_02509", "osm_id": "way/354443355", "osm_name": null, "osm_levels": null, "osm_height": null, "osm_type": "yes", "ms_confidence": -1.0, "area_m2": 184.35 }, "geometry": { "type": "Polygon", "coordinates": [ [ [ 80.21417653908091, 13.119297226212879 ], [ 80.214172464982809, 13.119137980686588 ], [ 80.214075965365993, 13.119140322318344 ], [ 80.214080039464093, 13.119299567843129 ], [ 80.21417653908091, 13.119297226212879 ] ] ] } },
{ "type": "Feature", "properties": { "reconciliation_status": "MATCHED", "match_class": "POSSIBLE", "match_iou": 0.6294, "ms_id": "MS_00700", "osm_id": "way/354568593", "osm_name": null, "osm_levels": null, "osm_height": null, "osm_type": "yes", "ms_confidence": -1.0, "area_m2": 116.53 }, "geometry": { "type": "Polygon", "coordinates": [ [ [ 80.217593916217069, 13.12283805052104 ], [ 80.217505525172456, 13.122834857361497 ], [ 80.21750348235706, 13.122888389416616 ], [ 80.217468661732966, 13.122887129135393 ], [ 80.217467120854778, 13.122927507900272 ], [ 80.217590332613923, 13.122931958969446 ], [ 80.217593916217069, 13.12283805052104 ] ] ] } },
{ "type": "Feature", "properties": { "reconciliation_status": "MATCHED", "match_class": "POSSIBLE", "match_iou": 0.6292, "ms_id": "MS_01553", "osm_id": "way/354471312", "osm_name": null, "osm_levels": null, "osm_height": null, "osm_type": "yes", "ms_confidence": -1.0, "area_m2": 239.82 }, "geometry": { "type": "Polygon", "coordinates": [ [ [ 80.214061389982902, 13.121413798838233 ], [ 80.214215897429014, 13.121416273730347 ], [ 80.214218083372046, 13.12128683836147 ], [ 80.214063585403863, 13.121284353089081 ], [ 80.214061389982902, 13.121413798838233 ] ] ] } },
{ "type": "Feature", "properties": { "reconciliation_status": "MATCHED", "match_class": "POSSIBLE", "match_iou": 0.6275, "ms_id": "MS_01661", "osm_id": "way/354736344", "osm_name": null, "osm_levels": null, "osm_height": null, "osm_type": "yes", "ms_confidence": -1.0, "area_m2": 242.97 }, "geometry": { "type": "Polygon", "coordinates": [ [ [ 80.208680567183691, 13.121679653862415 ], [ 80.208554565578495, 13.121676931324927 ], [ 80.208550891603977, 13.121837695875854 ], [ 80.208676893013006, 13.121840426995718 ], [ 80.208680567183691, 13.121679653862415 ] ] ] } },
{ "type": "Feature", "properties": { "reconciliation_status": "MATCHED", "match_class": "POSSIBLE", "match_iou": 0.6231, "ms_id": "MS_00637", "osm_id": "way/354495256", "osm_name": null, "osm_levels": null, "osm_height": null, "osm_type": "yes", "ms_confidence": -1.0, "area_m2": 205.31 }, "geometry": { "type": "Polygon", "coordinates": [ [ [ 80.211373415188547, 13.119113408537501 ], [ 80.211369080398626, 13.119281427926822 ], [ 80.211470939856696, 13.119283927389318 ], [ 80.211475274825631, 13.119115901063111 ], [ 80.211373415188547, 13.119113408537501 ] ] ] } },
{ "type": "Feature", "properties": { "reconciliation_status": "MATCHED", "match_class": "POSSIBLE", "match_iou": 0.6197, "ms_id": "MS_01088", "osm_id": "way/354568547", "osm_name": null, "osm_levels": null, "osm_height": null, "osm_type": "yes", "ms_confidence": -1.0, "area_m2": 96.02 }, "geometry": { "type": "Polygon", "coordinates": [ [ [ 80.21396522282862, 13.121150412667191 ], [ 80.214041878925485, 13.121147852417934 ], [ 80.214038203845732, 13.121043487838094 ], [ 80.213961555240218, 13.121046047838234 ], [ 80.21396522282862, 13.121150412667191 ] ] ] } },
{ "type": "Feature", "properties": { "reconciliation_status": "MATCHED", "match_class": "POSSIBLE", "match_iou": 0.6187, "ms_id": "MS_00385", "osm_id": "way/368446404", "osm_name": null, "osm_levels": null, "osm_height": null, "osm_type": "yes", "ms_confidence": -1.0, "area_m2": 159.9 }, "geometry": { "type": "Polygon", "coordinates": [ [ [ 80.216377958179692, 13.122096761274435 ], [ 80.216378667282342, 13.122122864727743 ], [ 80.216448355941111, 13.122121069201953 ], [ 80.216445164979135, 13.122003603639286 ], [ 80.21631918932674, 13.122006849399014 ], [ 80.216321671186066, 13.122098211506952 ], [ 80.216377958179692, 13.122096761274435 ] ] ] } },
{ "type": "Feature", "properties": { "reconciliation_status": "MATCHED", "match_class": "POSSIBLE", "match_iou": 0.6171, "ms_id": "MS_02571", "osm_id": "way/354471298", "osm_name": null, "osm_levels": null, "osm_height": null, "osm_type": "yes", "ms_confidence": -1.0, "area_m2": 225.06 }, "geometry": { "type": "Polygon", "coordinates": [ [ [ 80.211840606752219, 13.122974575643866 ], [ 80.211838104303212, 13.122799594423824 ], [ 80.21173083664614, 13.122801042097009 ], [ 80.211733339095147, 13.122976023316042 ], [ 80.211840606752219, 13.122974575643866 ] ] ] } },
{ "type": "Feature", "properties": { "reconciliation_status": "MATCHED", "match_class": "POSSIBLE", "match_iou": 0.617, "ms_id": "MS_00016", "osm_id": "way/354471392", "osm_name": null, "osm_levels": null, "osm_height": null, "osm_type": "yes", "ms_confidence": -1.0, "area_m2": 343.21 }, "geometry": { "type": "Polygon", "coordinates": [ [ [ 80.206426634502719, 13.120005698908074 ], [ 80.206547068294654, 13.1200112071418 ], [ 80.206558505721176, 13.1197740204247 ], [ 80.206438071929242, 13.119768512185686 ], [ 80.206426634502719, 13.120005698908074 ] ] ] } },
{ "type": "Feature", "properties": { "reconciliation_status": "MATCHED", "match_class": "POSSIBLE", "match_iou": 0.617, "ms_id": "MS_00310", "osm_id": "way/354471236", "osm_name": null, "osm_levels": null, "osm_height": null, "osm_type": "yes", "ms_confidence": -1.0, "area_m2": 133.88 }, "geometry": { "type": "Polygon", "coordinates": [ [ [ 80.209257983436302, 13.119195854743666 ], [ 80.209358343220302, 13.119193460487139 ], [ 80.209355546208315, 13.119082258593139 ], [ 80.209255178610135, 13.119084659878411 ], [ 80.209257983436302, 13.119195854743666 ] ] ] } },
{ "type": "Feature", "properties": { "reconciliation_status": "MATCHED", "match_class": "POSSIBLE", "match_iou": 0.6163, "ms_id": "MS_02457", "osm_id": "way/354443359", "osm_name": null, "osm_levels": null, "osm_height": null, "osm_type": "yes", "ms_confidence": -1.0, "area_m2": 205.3 }, "geometry": { "type": "Polygon", "coordinates": [ [ [ 80.211491265516727, 13.120717019086669 ], [ 80.211498542864732, 13.120894364511202 ], [ 80.21159494842091, 13.12089061237937 ], [ 80.211587671072948, 13.120713266952137 ], [ 80.211491265516727, 13.120717019086669 ] ] ] } },
{ "type": "Feature", "properties": { "reconciliation_status": "MATCHED", "match_class": "POSSIBLE", "match_iou": 0.6142, "ms_id": "MS_02342", "osm_id": "way/354455213", "osm_name": null, "osm_levels": null, "osm_height": null, "osm_type": "yes", "ms_confidence": -1.0, "area_m2": 317.73 }, "geometry": { "type": "Polygon", "coordinates": [ [ [ 80.207882431660622, 13.120106291123903 ], [ 80.207673474225899, 13.120113398342497 ], [ 80.207678016765129, 13.120240070803433 ], [ 80.207886974709993, 13.120232977814112 ], [ 80.207882431660622, 13.120106291123903 ] ] ] } },
{ "type": "Feature", "properties": { "reconciliation_status": "MATCHED", "match_class": "POSSIBLE", "match_iou": 0.6123, "ms_id": "MS_00791", "osm_id": "way/354542917", "osm_name": null, "osm_levels": null, "osm_height": null, "osm_type": "yes", "ms_confidence": -1.0, "area_m2": 61.25 }, "geometry": { "type": "Polygon", "coordinates": [ [ [ 80.209280409133598, 13.123171615939341 ], [ 80.209224527036454, 13.123166763299963 ], [ 80.20921622242281, 13.123257467773115 ], [ 80.209272104519968, 13.123262320410703 ], [ 80.209280409133598, 13.123171615939341 ] ] ] } },
{ "type": "Feature", "properties": { "reconciliation_status": "MATCHED", "match_class": "POSSIBLE", "match_iou": 0.6097, "ms_id": "MS_02496", "osm_id": "way/354471588", "osm_name": null, "osm_levels": null, "osm_height": null, "osm_type": "yes", "ms_confidence": -1.0, "area_m2": 133.29 }, "geometry": { "type": "Polygon", "coordinates": [ [ [ 80.213547175427323, 13.118862810328963 ], [ 80.213627482577493, 13.118859328921673 ], [ 80.213621167269977, 13.118721155694317 ], [ 80.213540860119807, 13.118724637103583 ], [ 80.213547175427323, 13.118862810328963 ] ] ] } },
{ "type": "Feature", "properties": { "reconciliation_status": "MATCHED", "match_class": "POSSIBLE", "match_iou": 0.6096, "ms_id": "MS_00840", "osm_id": "way/355061821", "osm_name": null, "osm_levels": null, "osm_height": null, "osm_type": "yes", "ms_confidence": -1.0, "area_m2": 262.49 }, "geometry": { "type": "Polygon", "coordinates": [ [ [ 80.215050162723387, 13.128443641198828 ], [ 80.215072255200624, 13.128645087435999 ], [ 80.215179730891535, 13.128633908743652 ], [ 80.2151576241003, 13.128432463986087 ], [ 80.215050162723387, 13.128443641198828 ] ] ] } },
{ "type": "Feature", "properties": { "reconciliation_status": "MATCHED", "match_class": "POSSIBLE", "match_iou": 0.6095, "ms_id": "MS_01205", "osm_id": "way/354736449", "osm_name": null, "osm_levels": null, "osm_height": null, "osm_type": "yes", "ms_confidence": -1.0, "area_m2": 119.3 }, "geometry": { "type": "Polygon", "coordinates": [ [ [ 80.216589425344552, 13.118299069244046 ], [ 80.216710359391996, 13.118309818308546 ], [ 80.216718012212496, 13.118228216750566 ], [ 80.216597073115395, 13.118217458990188 ], [ 80.216589425344552, 13.118299069244046 ] ] ] } },
{ "type": "Feature", "properties": { "reconciliation_status": "MATCHED", "match_class": "POSSIBLE", "match_iou": 0.6091, "ms_id": "MS_00151", "osm_id": "way/354277727", "osm_name": null, "osm_levels": null, "osm_height": null, "osm_type": "yes", "ms_confidence": -1.0, "area_m2": 232.77 }, "geometry": { "type": "Polygon", "coordinates": [ [ [ 80.214514958199757, 13.1259435698733 ], [ 80.214396973739881, 13.125941655913735 ], [ 80.214394159778053, 13.12610617450116 ], [ 80.214512144237943, 13.126108088459461 ], [ 80.214514958199757, 13.1259435698733 ] ] ] } },
{ "type": "Feature", "properties": { "reconciliation_status": "MATCHED", "match_class": "POSSIBLE", "match_iou": 0.6091, "ms_id": "MS_01267", "osm_id": "way/354512980", "osm_name": null, "osm_levels": null, "osm_height": null, "osm_type": "yes", "ms_confidence": -1.0, "area_m2": 260.42 }, "geometry": { "type": "Polygon", "coordinates": [ [ [ 80.21759928942511, 13.121243122463511 ], [ 80.217596414605438, 13.121120413780702 ], [ 80.217419480919659, 13.121124345365388 ], [ 80.217422355739274, 13.121247054046222 ], [ 80.21759928942511, 13.121243122463511 ] ] ] } },
{ "type": "Feature", "properties": { "reconciliation_status": "MATCHED", "match_class": "POSSIBLE", "match_iou": 0.6085, "ms_id": "MS_02757", "osm_id": "way/354443139", "osm_name": null, "osm_levels": null, "osm_height": null, "osm_type": "yes", "ms_confidence": -1.0, "area_m2": 236.8 }, "geometry": { "type": "Polygon", "coordinates": [ [ [ 80.214421387748217, 13.119022803500243 ], [ 80.214582266606044, 13.119025665586378 ], [ 80.214584568655525, 13.118902932869901 ], [ 80.214423689797641, 13.118900070782331 ], [ 80.214421387748217, 13.119022803500243 ] ] ] } },
{ "type": "Feature", "properties": { "reconciliation_status": "MATCHED", "match_class": "POSSIBLE", "match_iou": 0.6069, "ms_id": "MS_00398", "osm_id": "way/354471288", "osm_name": null, "osm_levels": null, "osm_height": null, "osm_type": "yes", "ms_confidence": -1.0, "area_m2": 165.62 }, "geometry": { "type": "Polygon", "coordinates": [ [ [ 80.213512144655837, 13.118881039320328 ], [ 80.213513940940672, 13.118729551490688 ], [ 80.21342275799428, 13.118728525977374 ], [ 80.213420961709488, 13.118880013807654 ], [ 80.213512144655837, 13.118881039320328 ] ] ] } },
{ "type": "Feature", "properties": { "reconciliation_status": "MATCHED", "match_class": "POSSIBLE", "match_iou": 0.6067, "ms_id": "MS_00209", "osm_id": "way/354471502", "osm_name": null, "osm_levels": null, "osm_height": null, "osm_type": "yes", "ms_confidence": -1.0, "area_m2": 136.81 }, "geometry": { "type": "Polygon", "coordinates": [ [ [ 80.213994059742717, 13.120714495323426 ], [ 80.214077165223685, 13.120716336321166 ], [ 80.214080370746373, 13.120579090627416 ], [ 80.213997265397651, 13.120577243966963 ], [ 80.213994059742717, 13.120714495323426 ] ] ] } },
{ "type": "Feature", "properties": { "reconciliation_status": "MATCHED", "match_class": "POSSIBLE", "match_iou": 0.6047, "ms_id": "MS_02810", "osm_id": "way/354495989", "osm_name": null, "osm_levels": "3", "osm_height": null, "osm_type": "yes", "ms_confidence": -1.0, "area_m2": 614.11 }, "geometry": { "type": "Polygon", "coordinates": [ [ [ 80.217735542682618, 13.127421348179993 ], [ 80.217656868616871, 13.127432909534519 ], [ 80.217663786706581, 13.127477537516356 ], [ 80.217582491011839, 13.127489489664327 ], [ 80.217627623513621, 13.127780635207827 ], [ 80.217787592461391, 13.127757116492361 ], [ 80.217735542682618, 13.127421348179993 ] ] ] } },
{ "type": "Feature", "properties": { "reconciliation_status": "MATCHED", "match_class": "POSSIBLE", "match_iou": 0.6037, "ms_id": "MS_01013", "osm_id": "way/354455536", "osm_name": null, "osm_levels": null, "osm_height": null, "osm_type": "yes", "ms_confidence": -1.0, "area_m2": 41.86 }, "geometry": { "type": "Polygon", "coordinates": [ [ [ 80.208195078307511, 13.118083955661817 ], [ 80.208194550008386, 13.118046256381746 ], [ 80.208101950651439, 13.118047480870061 ], [ 80.208102476329827, 13.118085186496586 ], [ 80.208195078307511, 13.118083955661817 ] ] ] } },
{ "type": "Feature", "properties": { "reconciliation_status": "MATCHED", "match_class": "POSSIBLE", "match_iou": 0.5999, "ms_id": "MS_01148", "osm_id": "way/354542879", "osm_name": null, "osm_levels": null, "osm_height": null, "osm_type": "yes", "ms_confidence": -1.0, "area_m2": 185.75 }, "geometry": { "type": "Polygon", "coordinates": [ [ [ 80.209275108945548, 13.123913178175698 ], [ 80.209165264421117, 13.123909554424628 ], [ 80.20916036367467, 13.12405044898253 ], [ 80.209270208199058, 13.124054072731525 ], [ 80.209275108945548, 13.123913178175698 ] ] ] } },
{ "type": "Feature", "properties": { "reconciliation_status": "MATCHED", "match_class": "POSSIBLE", "match_iou": 0.5992, "ms_id": "MS_01971", "osm_id": "way/354443424", "osm_name": null, "osm_levels": null, "osm_height": null, "osm_type": "yes", "ms_confidence": -1.0, "area_m2": 186.39 }, "geometry": { "type": "Polygon", "coordinates": [ [ [ 80.214066643732494, 13.119299257837753 ], [ 80.214063254930252, 13.119142595183121 ], [ 80.21396405722092, 13.119144630402104 ], [ 80.213967446023162, 13.119301293055415 ], [ 80.214066643732494, 13.119299257837753 ] ] ] } },
{ "type": "Feature", "properties": { "reconciliation_status": "MATCHED", "match_class": "POSSIBLE", "match_iou": 0.5987, "ms_id": "MS_00318", "osm_id": "way/354443384", "osm_name": null, "osm_levels": null, "osm_height": null, "osm_type": "yes", "ms_confidence": -1.0, "area_m2": 273.84 }, "geometry": { "type": "Polygon", "coordinates": [ [ [ 80.215684102698901, 13.118767971879436 ], [ 80.215626344732371, 13.118766464042636 ], [ 80.215624653899056, 13.118827735198025 ], [ 80.215546925980746, 13.118825700725509 ], [ 80.215542997988692, 13.11896804031251 ], [ 80.215678498641111, 13.118971577706816 ], [ 80.215684102698901, 13.118767971879436 ] ] ] } },
{ "type": "Feature", "properties": { "reconciliation_status": "MATCHED", "match_class": "POSSIBLE", "match_iou": 0.5984, "ms_id": "MS_00380", "osm_id": "way/363737519", "osm_name": null, "osm_levels": null, "osm_height": null, "osm_type": "yes", "ms_confidence": -1.0, "area_m2": 94.34 }, "geometry": { "type": "Polygon", "coordinates": [ [ [ 80.21546502075914, 13.129226283389741 ], [ 80.215535860923552, 13.129202527578158 ], [ 80.215500743418019, 13.129103209854392 ], [ 80.215429908108916, 13.129126959219278 ], [ 80.21546502075914, 13.129226283389741 ] ] ] } },
{ "type": "Feature", "properties": { "reconciliation_status": "MATCHED", "match_class": "POSSIBLE", "match_iou": 0.5977, "ms_id": "MS_02691", "osm_id": "way/354293220", "osm_name": null, "osm_levels": null, "osm_height": null, "osm_type": "yes", "ms_confidence": -1.0, "area_m2": 420.6 }, "geometry": { "type": "Polygon", "coordinates": [ [ [ 80.207714671431191, 13.12699873438531 ], [ 80.207702130444019, 13.127296014163676 ], [ 80.207819948781221, 13.127300728055218 ], [ 80.207832489768393, 13.127003448282579 ], [ 80.207714671431191, 13.12699873438531 ] ] ] } },
{ "type": "Feature", "properties": { "reconciliation_status": "MATCHED", "match_class": "POSSIBLE", "match_iou": 0.5968, "ms_id": "MS_00285", "osm_id": "way/354293293", "osm_name": null, "osm_levels": null, "osm_height": null, "osm_type": "yes", "ms_confidence": -1.0, "area_m2": 846.52 }, "geometry": { "type": "Polygon", "coordinates": [ [ [ 80.206225629716101, 13.126412652649321 ], [ 80.206240924910134, 13.126233655407461 ], [ 80.206149125260453, 13.126226215742761 ], [ 80.206168312908076, 13.126001854237259 ], [ 80.206012367541973, 13.125989205407862 ], [ 80.206010706894318, 13.126008639730841 ], [ 80.206034680756048, 13.126010582632091 ], [ 80.206001873673202, 13.126394518933509 ], [ 80.206225629716101, 13.126412652649321 ] ] ] } },
{ "type": "Feature", "properties": { "reconciliation_status": "MATCHED", "match_class": "POSSIBLE", "match_iou": 0.594, "ms_id": "MS_00332", "osm_id": "way/354471380", "osm_name": null, "osm_levels": null, "osm_height": null, "osm_type": "yes", "ms_confidence": -1.0, "area_m2": 171.66 }, "geometry": { "type": "Polygon", "coordinates": [ [ [ 80.213836446978391, 13.118895822583042 ], [ 80.213861664232397, 13.118738820023893 ], [ 80.213772647261848, 13.118725258950349 ], [ 80.213747429056554, 13.118882267440895 ], [ 80.213836446978391, 13.118895822583042 ] ] ] } },
{ "type": "Feature", "properties": { "reconciliation_status": "MATCHED", "match_class": "POSSIBLE", "match_iou": 0.5939, "ms_id": "MS_01128", "osm_id": "way/354736498", "osm_name": null, "osm_levels": null, "osm_height": null, "osm_type": "yes", "ms_confidence": -1.0, "area_m2": 170.78 }, "geometry": { "type": "Polygon", "coordinates": [ [ [ 80.208768272720519, 13.121516176825125 ], [ 80.20866911707418, 13.121519022192558 ], [ 80.208673460066592, 13.121662567347926 ], [ 80.208772615712888, 13.121659721982155 ], [ 80.208768272720519, 13.121516176825125 ] ] ] } },
{ "type": "Feature", "properties": { "reconciliation_status": "MATCHED", "match_class": "POSSIBLE", "match_iou": 0.5939, "ms_id": "MS_01370", "osm_id": "way/355061784", "osm_name": null, "osm_levels": null, "osm_height": null, "osm_type": "yes", "ms_confidence": -1.0, "area_m2": 431.1 }, "geometry": { "type": "Polygon", "coordinates": [ [ [ 80.216222585467634, 13.12939748964223 ], [ 80.21622211468457, 13.12934002723874 ], [ 80.21606923858819, 13.129341225530069 ], [ 80.216070746896591, 13.129525325196084 ], [ 80.216285309958664, 13.129523658008495 ], [ 80.216284272313544, 13.12939700612128 ], [ 80.216222585467634, 13.12939748964223 ] ] ] } },
{ "type": "Feature", "properties": { "reconciliation_status": "MATCHED", "match_class": "POSSIBLE", "match_iou": 0.5926, "ms_id": "MS_01824", "osm_id": "way/354471282", "osm_name": null, "osm_levels": null, "osm_height": null, "osm_type": "yes", "ms_confidence": -1.0, "area_m2": 169.98 }, "geometry": { "type": "Polygon", "coordinates": [ [ [ 80.205831730377028, 13.119208870475333 ], [ 80.205952348896489, 13.119211912471116 ], [ 80.205955472416363, 13.119094442077341 ], [ 80.205834853896917, 13.119091400080109 ], [ 80.205831730377028, 13.119208870475333 ] ] ] } },
{ "type": "Feature", "properties": { "reconciliation_status": "MATCHED", "match_class": "POSSIBLE", "match_iou": 0.5918, "ms_id": "MS_00071", "osm_id": "way/354471554", "osm_name": null, "osm_levels": null, "osm_height": null, "osm_type": "yes", "ms_confidence": -1.0, "area_m2": 185.78 }, "geometry": { "type": "Polygon", "coordinates": [ [ [ 80.212136740787884, 13.119612149597984 ], [ 80.212140090482762, 13.119510378392192 ], [ 80.212044784769077, 13.119507403119471 ], [ 80.212039243217546, 13.119675400994922 ], [ 80.212126522428804, 13.119678131641948 ], [ 80.212128702420387, 13.119611898654753 ], [ 80.212136740787884, 13.119612149597984 ] ] ] } },
{ "type": "Feature", "properties": { "reconciliation_status": "MATCHED", "match_class": "POSSIBLE", "match_iou": 0.5898, "ms_id": "MS_01413", "osm_id": "way/354495608", "osm_name": null, "osm_levels": null, "osm_height": null, "osm_type": "yes", "ms_confidence": -1.0, "area_m2": 188.39 }, "geometry": { "type": "Polygon", "coordinates": [ [ [ 80.208318551633511, 13.125878117766007 ], [ 80.208455275283427, 13.125881109202453 ], [ 80.208457925368023, 13.125766233339107 ], [ 80.208321201718064, 13.125763241901268 ], [ 80.208318551633511, 13.125878117766007 ] ] ] } },
{ "type": "Feature", "properties": { "reconciliation_status": "MATCHED", "match_class": "POSSIBLE", "match_iou": 0.5891, "ms_id": "MS_01019", "osm_id": "way/354568648", "osm_name": null, "osm_levels": null, "osm_height": null, "osm_type": "yes", "ms_confidence": -1.0, "area_m2": 117.09 }, "geometry": { "type": "Polygon", "coordinates": [ [ [ 80.216570404226744, 13.12363492041969 ], [ 80.216622975949079, 13.123635877169818 ], [ 80.216623680044975, 13.123599319795318 ], [ 80.216656906422784, 13.123599924480601 ], [ 80.216658660096755, 13.12350853090129 ], [ 80.216572859370274, 13.123506969417349 ], [ 80.216570404226744, 13.12363492041969 ] ] ] } },
{ "type": "Feature", "properties": { "reconciliation_status": "MATCHED", "match_class": "POSSIBLE", "match_iou": 0.5871, "ms_id": "MS_02152", "osm_id": "way/354846553", "osm_name": null, "osm_levels": null, "osm_height": null, "osm_type": "yes", "ms_confidence": -1.0, "area_m2": 923.65 }, "geometry": { "type": "Polygon", "coordinates": [ [ [ 80.206072843242112, 13.123959929999529 ], [ 80.206078975575707, 13.124433986631175 ], [ 80.206241453368079, 13.124432004279527 ], [ 80.206235354955226, 13.123957936153232 ], [ 80.206072843242112, 13.123959929999529 ] ] ] } },
{ "type": "Feature", "properties": { "reconciliation_status": "MATCHED", "match_class": "POSSIBLE", "match_iou": 0.5868, "ms_id": "MS_01266", "osm_id": "way/363737367", "osm_name": null, "osm_levels": null, "osm_height": null, "osm_type": "yes", "ms_confidence": -1.0, "area_m2": 237.23 }, "geometry": { "type": "Polygon", "coordinates": [ [ [ 80.216392997396724, 13.129146909184286 ], [ 80.216386600305299, 13.129307291929919 ], [ 80.2165097960374, 13.129311952227908 ], [ 80.216516193463221, 13.129151561100997 ], [ 80.216392997396724, 13.129146909184286 ] ] ] } },
{ "type": "Feature", "properties": { "reconciliation_status": "MATCHED", "match_class": "POSSIBLE", "match_iou": 0.5865, "ms_id": "MS_02651", "osm_id": "way/354495734", "osm_name": null, "osm_levels": null, "osm_height": null, "osm_type": "yes", "ms_confidence": -1.0, "area_m2": 165.55 }, "geometry": { "type": "Polygon", "coordinates": [ [ [ 80.21183129819542, 13.118853165336915 ], [ 80.21192244349561, 13.11885109030743 ], [ 80.211918808880881, 13.118699665003234 ], [ 80.211827663580692, 13.118701740033998 ], [ 80.21183129819542, 13.118853165336915 ] ] ] } },
{ "type": "Feature", "properties": { "reconciliation_status": "MATCHED", "match_class": "POSSIBLE", "match_iou": 0.5857, "ms_id": "MS_02855", "osm_id": "way/354473591", "osm_name": null, "osm_levels": null, "osm_height": null, "osm_type": "yes", "ms_confidence": -1.0, "area_m2": 158.8 }, "geometry": { "type": "Polygon", "coordinates": [ [ [ 80.205088589859912, 13.129302157691285 ], [ 80.20508191275708, 13.129147051434586 ], [ 80.205, 13.129150395722744 ], [ 80.205, 13.129305768547962 ], [ 80.205088589859912, 13.129302157691285 ] ] ] } },
{ "type": "Feature", "properties": { "reconciliation_status": "MATCHED", "match_class": "POSSIBLE", "match_iou": 0.5848, "ms_id": "MS_00148", "osm_id": "way/354736540", "osm_name": null, "osm_levels": null, "osm_height": null, "osm_type": "yes", "ms_confidence": -1.0, "area_m2": 197.76 }, "geometry": { "type": "Polygon", "coordinates": [ [ [ 80.211840717850279, 13.122793279628468 ], [ 80.211845091057469, 13.12263143741994 ], [ 80.211743237650523, 13.122628827060865 ], [ 80.211738864443291, 13.122790669271097 ], [ 80.211840717850279, 13.122793279628468 ] ] ] } },
{ "type": "Feature", "properties": { "reconciliation_status": "MATCHED", "match_class": "POSSIBLE", "match_iou": 0.5843, "ms_id": "MS_02673", "osm_id": "way/354308321", "osm_name": null, "osm_levels": null, "osm_height": null, "osm_type": "yes", "ms_confidence": -1.0, "area_m2": 150.08 }, "geometry": { "type": "Polygon", "coordinates": [ [ [ 80.20829460550847, 13.12575869292391 ], [ 80.208196792309167, 13.125754152714364 ], [ 80.208190551482147, 13.125881857546005 ], [ 80.20828835552453, 13.125886397328159 ], [ 80.20829460550847, 13.12575869292391 ] ] ] } },
{ "type": "Feature", "properties": { "reconciliation_status": "MATCHED", "match_class": "POSSIBLE", "match_iou": 0.5841, "ms_id": "MS_00854", "osm_id": "way/354495514", "osm_name": null, "osm_levels": null, "osm_height": null, "osm_type": "yes", "ms_confidence": -1.0, "area_m2": 442.87 }, "geometry": { "type": "Polygon", "coordinates": [ [ [ 80.20734327563116, 13.123105635965644 ], [ 80.207338843682351, 13.123270089120624 ], [ 80.207554300590303, 13.123275581591159 ], [ 80.207558752385111, 13.123109950344812 ], [ 80.207510505768497, 13.123108717143069 ], [ 80.207511315954847, 13.123078573743584 ], [ 80.207465749622429, 13.123077412156604 ], [ 80.207464907691332, 13.12310873663651 ], [ 80.20734327563116, 13.123105635965644 ] ] ] } },
{ "type": "Feature", "properties": { "reconciliation_status": "MATCHED", "match_class": "POSSIBLE", "match_iou": 0.5836, "ms_id": "MS_00681", "osm_id": "way/354568490", "osm_name": null, "osm_levels": null, "osm_height": null, "osm_type": "yes", "ms_confidence": -1.0, "area_m2": 172.14 }, "geometry": { "type": "Polygon", "coordinates": [ [ [ 80.216487877202965, 13.120712462946983 ], [ 80.216386085506812, 13.120708889726487 ], [ 80.216380871659581, 13.120849764772998 ], [ 80.216482663355734, 13.120853337991477 ], [ 80.216487877202965, 13.120712462946983 ] ] ] } },
{ "type": "Feature", "properties": { "reconciliation_status": "MATCHED", "match_class": "POSSIBLE", "match_iou": 0.5815, "ms_id": "MS_02173", "osm_id": "way/354443363", "osm_name": null, "osm_levels": null, "osm_height": null, "osm_type": "yes", "ms_confidence": -1.0, "area_m2": 163.43 }, "geometry": { "type": "Polygon", "coordinates": [ [ [ 80.211809789136765, 13.120712586348859 ], [ 80.211725609242023, 13.120710847782618 ], [ 80.211722084233031, 13.120872730533776 ], [ 80.211806252499343, 13.120874468858716 ], [ 80.211809789136765, 13.120712586348859 ] ] ] } },
{ "type": "Feature", "properties": { "reconciliation_status": "MATCHED", "match_class": "POSSIBLE", "match_iou": 0.5814, "ms_id": "MS_00785", "osm_id": "way/354513457", "osm_name": null, "osm_levels": null, "osm_height": null, "osm_type": "yes", "ms_confidence": -1.0, "area_m2": 176.65 }, "geometry": { "type": "Polygon", "coordinates": [ [ [ 80.215463407569246, 13.118391801494084 ], [ 80.215471454414271, 13.118230224411434 ], [ 80.21538047333776, 13.118225926782344 ], [ 80.215372426492735, 13.118387503867822 ], [ 80.215463407569246, 13.118391801494084 ] ] ] } },
{ "type": "Feature", "properties": { "reconciliation_status": "MATCHED", "match_class": "POSSIBLE", "match_iou": 0.5805, "ms_id": "MS_01146", "osm_id": "way/354736268", "osm_name": null, "osm_levels": null, "osm_height": null, "osm_type": "yes", "ms_confidence": -1.0, "area_m2": 77.91 }, "geometry": { "type": "Polygon", "coordinates": [ [ [ 80.208878987904896, 13.120864130599955 ], [ 80.208882934704434, 13.120953868605881 ], [ 80.208955221508091, 13.120950848241733 ], [ 80.208951274924871, 13.120861115152849 ], [ 80.208878987904896, 13.120864130599955 ] ] ] } },
{ "type": "Feature", "properties": { "reconciliation_status": "MATCHED", "match_class": "POSSIBLE", "match_iou": 0.5796, "ms_id": "MS_02214", "osm_id": "way/354471625", "osm_name": null, "osm_levels": null, "osm_height": null, "osm_type": "yes", "ms_confidence": -1.0, "area_m2": 119.88 }, "geometry": { "type": "Polygon", "coordinates": [ [ [ 80.208921801228271, 13.119073826186721 ], [ 80.208809212204159, 13.119071216922222 ], [ 80.208807043335995, 13.119159981599623 ], [ 80.208919632360107, 13.119162590863169 ], [ 80.208921801228271, 13.119073826186721 ] ] ] } },
{ "type": "Feature", "properties": { "reconciliation_status": "MATCHED", "match_class": "POSSIBLE", "match_iou": 0.5796, "ms_id": "MS_01799", "osm_id": "way/354495937", "osm_name": null, "osm_levels": null, "osm_height": null, "osm_type": "yes", "ms_confidence": -1.0, "area_m2": 206.9 }, "geometry": { "type": "Polygon", "coordinates": [ [ [ 80.21188936362357, 13.11838716778071 ], [ 80.211812881565592, 13.118389352109105 ], [ 80.211819653372999, 13.118614783991106 ], [ 80.211896151774411, 13.118612604412277 ], [ 80.21188936362357, 13.11838716778071 ] ] ] } },
{ "type": "Feature", "properties": { "reconciliation_status": "MATCHED", "match_class": "POSSIBLE", "match_iou": 0.579, "ms_id": "MS_00386", "osm_id": "way/355061636", "osm_name": null, "osm_levels": null, "osm_height": null, "osm_type": "yes", "ms_confidence": -1.0, "area_m2": 222.6 }, "geometry": { "type": "Polygon", "coordinates": [ [ [ 80.216249208208367, 13.128895068758055 ], [ 80.216244628366894, 13.129072579442479 ], [ 80.216349168520708, 13.129075137457207 ], [ 80.216353748362209, 13.128897626774616 ], [ 80.216249208208367, 13.128895068758055 ] ] ] } },
{ "type": "Feature", "properties": { "reconciliation_status": "MATCHED", "match_class": "POSSIBLE", "match_iou": 0.5776, "ms_id": "MS_00644", "osm_id": "way/354568549", "osm_name": null, "osm_levels": null, "osm_height": null, "osm_type": "yes", "ms_confidence": -1.0, "area_m2": 161.64 }, "geometry": { "type": "Polygon", "coordinates": [ [ [ 80.216370698389397, 13.120687368357039 ], [ 80.216373454162721, 13.120543748158113 ], [ 80.216279609618155, 13.120542040264453 ], [ 80.216276853844775, 13.120685660464375 ], [ 80.216370698389397, 13.120687368357039 ] ] ] } },
{ "type": "Feature", "properties": { "reconciliation_status": "MATCHED", "match_class": "POSSIBLE", "match_iou": 0.5776, "ms_id": "MS_01820", "osm_id": "way/354513042", "osm_name": null, "osm_levels": null, "osm_height": null, "osm_type": "yes", "ms_confidence": -1.0, "area_m2": 166.27 }, "geometry": { "type": "Polygon", "coordinates": [ [ [ 80.215977444757215, 13.121553530570381 ], [ 80.215829957595417, 13.121555722110671 ], [ 80.215831430515124, 13.121649738622281 ], [ 80.215978917676964, 13.121647547082816 ], [ 80.215977444757215, 13.121553530570381 ] ] ] } },
{ "type": "Feature", "properties": { "reconciliation_status": "MATCHED", "match_class": "POSSIBLE", "match_iou": 0.5769, "ms_id": "MS_02961", "osm_id": "way/354495373", "osm_name": null, "osm_levels": null, "osm_height": null, "osm_type": "yes", "ms_confidence": -1.0, "area_m2": 261.68 }, "geometry": { "type": "Polygon", "coordinates": [ [ [ 80.215581087983253, 13.124168712819724 ], [ 80.215691037651112, 13.124167236452919 ], [ 80.215688227572656, 13.123968750670144 ], [ 80.215578277904854, 13.123970227038171 ], [ 80.215581087983253, 13.124168712819724 ] ] ] } },
{ "type": "Feature", "properties": { "reconciliation_status": "MATCHED", "match_class": "POSSIBLE", "match_iou": 0.5766, "ms_id": "MS_01391", "osm_id": "way/354471531", "osm_name": null, "osm_levels": null, "osm_height": null, "osm_type": "yes", "ms_confidence": -1.0, "area_m2": 124.4 }, "geometry": { "type": "Polygon", "coordinates": [ [ [ 80.207756156091051, 13.121164549177166 ], [ 80.207651624073051, 13.12116183452774 ], [ 80.207648915251013, 13.121261027092359 ], [ 80.207753447269013, 13.121263741740663 ], [ 80.207756156091051, 13.121164549177166 ] ] ] } },
{ "type": "Feature", "properties": { "reconciliation_status": "MATCHED", "match_class": "POSSIBLE", "match_iou": 0.5755, "ms_id": "MS_01420", "osm_id": "way/354296406", "osm_name": null, "osm_levels": null, "osm_height": null, "osm_type": "yes", "ms_confidence": -1.0, "area_m2": 174.93 }, "geometry": { "type": "Polygon", "coordinates": [ [ [ 80.214400573810721, 13.129317812366779 ], [ 80.214510105914869, 13.129324561296116 ], [ 80.214518726261659, 13.129191875534119 ], [ 80.214409194157554, 13.129185126601143 ], [ 80.214400573810721, 13.129317812366779 ] ] ] } },
{ "type": "Feature", "properties": { "reconciliation_status": "MATCHED", "match_class": "POSSIBLE", "match_iou": 0.5752, "ms_id": "MS_00804", "osm_id": "way/354496166", "osm_name": "Soorya Apartments", "osm_levels": "4", "osm_height": null, "osm_type": "apartments", "ms_confidence": -1.0, "area_m2": 354.95 }, "geometry": { "type": "Polygon", "coordinates": [ [ [ 80.212291433556913, 13.118200497087244 ], [ 80.212437387981822, 13.11820481477929 ], [ 80.212443775957922, 13.118 ], [ 80.212297672459698, 13.118 ], [ 80.212291433556913, 13.118200497087244 ] ] ] } },
{ "type": "Feature", "properties": { "reconciliation_status": "MATCHED", "match_class": "POSSIBLE", "match_iou": 0.5738, "ms_id": "MS_01122", "osm_id": "way/354443129", "osm_name": null, "osm_levels": null, "osm_height": null, "osm_type": "yes", "ms_confidence": -1.0, "area_m2": 142.8 }, "geometry": { "type": "Polygon", "coordinates": [ [ [ 80.213838013478679, 13.119272853737769 ], [ 80.213842222610282, 13.119152832403103 ], [ 80.213743096510555, 13.119149535161 ], [ 80.213738887378909, 13.119269556497329 ], [ 80.213838013478679, 13.119272853737769 ] ] ] } },
{ "type": "Feature", "properties": { "reconciliation_status": "MATCHED", "match_class": "POSSIBLE", "match_iou": 0.5738, "ms_id": "MS_00868", "osm_id": "way/354736478", "osm_name": null, "osm_levels": null, "osm_height": null, "osm_type": "yes", "ms_confidence": -1.0, "area_m2": 176.95 }, "geometry": { "type": "Polygon", "coordinates": [ [ [ 80.208682033905944, 13.121680890415476 ], [ 80.208686244493947, 13.121842741435614 ], [ 80.208777381098926, 13.121840492693494 ], [ 80.208773170510938, 13.121678641671863 ], [ 80.208682033905944, 13.121680890415476 ] ] ] } },
{ "type": "Feature", "properties": { "reconciliation_status": "MATCHED", "match_class": "POSSIBLE", "match_iou": 0.5728, "ms_id": "MS_00023", "osm_id": "way/354471382", "osm_name": null, "osm_levels": null, "osm_height": null, "osm_type": "yes", "ms_confidence": -1.0, "area_m2": 117.73 }, "geometry": { "type": "Polygon", "coordinates": [ [ [ 80.209040182594421, 13.119279004205524 ], [ 80.209055380461621, 13.119386682140302 ], [ 80.209144884417427, 13.119374700223446 ], [ 80.209129686550227, 13.119267022283438 ], [ 80.209040182594421, 13.119279004205524 ] ] ] } },
{ "type": "Feature", "properties": { "reconciliation_status": "MATCHED", "match_class": "POSSIBLE", "match_iou": 0.5717, "ms_id": "MS_02834", "osm_id": "way/354443265", "osm_name": null, "osm_levels": null, "osm_height": null, "osm_type": "yes", "ms_confidence": -1.0, "area_m2": 194.96 }, "geometry": { "type": "Polygon", "coordinates": [ [ [ 80.211468786819225, 13.121256820874777 ], [ 80.211464275550341, 13.121162988040652 ], [ 80.211291347420726, 13.121170873576204 ], [ 80.211295851961069, 13.121264706714129 ], [ 80.211468786819225, 13.121256820874777 ] ] ] } },
{ "type": "Feature", "properties": { "reconciliation_status": "MATCHED", "match_class": "POSSIBLE", "match_iou": 0.5716, "ms_id": "MS_00733", "osm_id": "way/368444784", "osm_name": null, "osm_levels": null, "osm_height": null, "osm_type": "yes", "ms_confidence": -1.0, "area_m2": 330.22 }, "geometry": { "type": "Polygon", "coordinates": [ [ [ 80.215841008430061, 13.122104497015556 ], [ 80.215980231639179, 13.122117194144138 ], [ 80.216001644951234, 13.121894500119041 ], [ 80.215924537078735, 13.121887467890346 ], [ 80.215918810262721, 13.12194702561618 ], [ 80.215856683304096, 13.121941359646257 ], [ 80.215841008430061, 13.122104497015556 ] ] ] } },
{ "type": "Feature", "properties": { "reconciliation_status": "MATCHED", "match_class": "POSSIBLE", "match_iou": 0.571, "ms_id": "MS_01459", "osm_id": "way/354513039", "osm_name": null, "osm_levels": null, "osm_height": null, "osm_type": "yes", "ms_confidence": -1.0, "area_m2": 120.04 }, "geometry": { "type": "Polygon", "coordinates": [ [ [ 80.21637052629454, 13.120179229883561 ], [ 80.216298203184039, 13.120176656593287 ], [ 80.216293016518264, 13.120314918232893 ], [ 80.216365339628766, 13.120317491521718 ], [ 80.21637052629454, 13.120179229883561 ] ] ] } },
{ "type": "Feature", "properties": { "reconciliation_status": "MATCHED", "match_class": "POSSIBLE", "match_iou": 0.5704, "ms_id": "MS_01849", "osm_id": "way/368446470", "osm_name": null, "osm_levels": null, "osm_height": null, "osm_type": "yes", "ms_confidence": -1.0, "area_m2": 308.79 }, "geometry": { "type": "Polygon", "coordinates": [ [ [ 80.217999480589427, 13.123926242688086 ], [ 80.217834891335926, 13.123930202829868 ], [ 80.217838896018904, 13.124088062333684 ], [ 80.218, 13.124084175071724 ], [ 80.218, 13.123946659354191 ], [ 80.217999480589427, 13.123926242688086 ] ] ] } },
{ "type": "Feature", "properties": { "reconciliation_status": "MATCHED", "match_class": "POSSIBLE", "match_iou": 0.5674, "ms_id": "MS_01234", "osm_id": "way/368452112", "osm_name": null, "osm_levels": null, "osm_height": null, "osm_type": "yes", "ms_confidence": -1.0, "area_m2": 85.67 }, "geometry": { "type": "Polygon", "coordinates": [ [ [ 80.212204633385667, 13.126319551843196 ], [ 80.212208096505648, 13.126435388846673 ], [ 80.212269735187292, 13.126433645308097 ], [ 80.2122662719418, 13.126317804106051 ], [ 80.212204633385667, 13.126319551843196 ] ] ] } },
{ "type": "Feature", "properties": { "reconciliation_status": "MATCHED", "match_class": "POSSIBLE", "match_iou": 0.5669, "ms_id": "MS_01268", "osm_id": "way/363737658", "osm_name": null, "osm_levels": null, "osm_height": null, "osm_type": "yes", "ms_confidence": -1.0, "area_m2": 161.23 }, "geometry": { "type": "Polygon", "coordinates": [ [ [ 80.20542118100289, 13.129879626822259 ], [ 80.205351581472755, 13.129882643906626 ], [ 80.205351044218233, 13.129870889793168 ], [ 80.205310890518305, 13.129872627687377 ], [ 80.205316712426452, 13.13 ], [ 80.205426682996006, 13.13 ], [ 80.20542118100289, 13.129879626822259 ] ] ] } },
{ "type": "Feature", "properties": { "reconciliation_status": "MATCHED", "match_class": "POSSIBLE", "match_iou": 0.5654, "ms_id": "MS_01404", "osm_id": "way/354568603", "osm_name": null, "osm_levels": null, "osm_height": null, "osm_type": "yes", "ms_confidence": -1.0, "area_m2": 154.61 }, "geometry": { "type": "Polygon", "coordinates": [ [ [ 80.215632163227497, 13.12137893217475 ], [ 80.215531412960559, 13.121382750386857 ], [ 80.215536510425807, 13.121510553993929 ], [ 80.215637269863478, 13.121506735436256 ], [ 80.215632163227497, 13.12137893217475 ] ] ] } },
{ "type": "Feature", "properties": { "reconciliation_status": "MATCHED", "match_class": "POSSIBLE", "match_iou": 0.5643, "ms_id": "MS_00243", "osm_id": "way/354443136", "osm_name": null, "osm_levels": null, "osm_height": null, "osm_type": "yes", "ms_confidence": -1.0, "area_m2": 182.25 }, "geometry": { "type": "Polygon", "coordinates": [ [ [ 80.214437307463754, 13.118796090808857 ], [ 80.214588680631522, 13.118798412342812 ], [ 80.214590304095807, 13.118698009315111 ], [ 80.214438923548386, 13.118695697985487 ], [ 80.214437307463754, 13.118796090808857 ] ] ] } },
{ "type": "Feature", "properties": { "reconciliation_status": "MATCHED", "match_class": "POSSIBLE", "match_iou": 0.5639, "ms_id": "MS_02725", "osm_id": "way/368444709", "osm_name": null, "osm_levels": null, "osm_height": null, "osm_type": "yes", "ms_confidence": -1.0, "area_m2": 124.62 }, "geometry": { "type": "Polygon", "coordinates": [ [ [ 80.213141158903639, 13.121050591359648 ], [ 80.213066076002974, 13.121051753093184 ], [ 80.213068333947646, 13.121190163847373 ], [ 80.213143416848311, 13.121189002114491 ], [ 80.213141158903639, 13.121050591359648 ] ] ] } },
{ "type": "Feature", "properties": { "reconciliation_status": "MATCHED", "match_class": "POSSIBLE", "match_iou": 0.5623, "ms_id": "MS_00817", "osm_id": "way/354495320", "osm_name": null, "osm_levels": null, "osm_height": null, "osm_type": "yes", "ms_confidence": -1.0, "area_m2": 233.65 }, "geometry": { "type": "Polygon", "coordinates": [ [ [ 80.209290973925647, 13.125044191307509 ], [ 80.209285999885736, 13.124862531054532 ], [ 80.209178787759527, 13.124865315263193 ], [ 80.209183761599505, 13.125046968211677 ], [ 80.209290973925647, 13.125044191307509 ] ] ] } },
{ "type": "Feature", "properties": { "reconciliation_status": "MATCHED", "match_class": "POSSIBLE", "match_iou": 0.5613, "ms_id": "MS_00982", "osm_id": "way/354568522", "osm_name": null, "osm_levels": null, "osm_height": null, "osm_type": "yes", "ms_confidence": -1.0, "area_m2": 113.37 }, "geometry": { "type": "Polygon", "coordinates": [ [ [ 80.217454906634785, 13.123029520184076 ], [ 80.217455899886417, 13.123100035293646 ], [ 80.217589985105235, 13.123098243974368 ], [ 80.217588991853589, 13.123027728864287 ], [ 80.217454906634785, 13.123029520184076 ] ] ] } },
{ "type": "Feature", "properties": { "reconciliation_status": "MATCHED", "match_class": "POSSIBLE", "match_iou": 0.5603, "ms_id": "MS_02867", "osm_id": "way/354443114", "osm_name": null, "osm_levels": null, "osm_height": null, "osm_type": "yes", "ms_confidence": -1.0, "area_m2": 155.28 }, "geometry": { "type": "Polygon", "coordinates": [ [ [ 80.214532879848562, 13.119609225904028 ], [ 80.214398869754902, 13.119605654356349 ], [ 80.214396155975507, 13.119702233372479 ], [ 80.214530166069125, 13.11970580491878 ], [ 80.214532879848562, 13.119609225904028 ] ] ] } },
{ "type": "Feature", "properties": { "reconciliation_status": "MATCHED", "match_class": "POSSIBLE", "match_iou": 0.5602, "ms_id": "MS_02172", "osm_id": "way/354542662", "osm_name": null, "osm_levels": null, "osm_height": null, "osm_type": "yes", "ms_confidence": -1.0, "area_m2": 109.49 }, "geometry": { "type": "Polygon", "coordinates": [ [ [ 80.211229475407492, 13.119441242303509 ], [ 80.211225357778744, 13.119323830209325 ], [ 80.211147664349213, 13.119326414532367 ], [ 80.211151781977961, 13.119443826625343 ], [ 80.211229475407492, 13.119441242303509 ] ] ] } },
{ "type": "Feature", "properties": { "reconciliation_status": "MATCHED", "match_class": "POSSIBLE", "match_iou": 0.5601, "ms_id": "MS_02203", "osm_id": "way/354443124", "osm_name": null, "osm_levels": null, "osm_height": null, "osm_type": "yes", "ms_confidence": -1.0, "area_m2": 145.04 }, "geometry": { "type": "Polygon", "coordinates": [ [ [ 80.214596960340955, 13.119150336518857 ], [ 80.21459457132957, 13.119233862378209 ], [ 80.214739298600094, 13.119237778748271 ], [ 80.214741687611479, 13.11915425289024 ], [ 80.214596960340955, 13.119150336518857 ] ] ] } },
{ "type": "Feature", "properties": { "reconciliation_status": "MATCHED", "match_class": "POSSIBLE", "match_iou": 0.559, "ms_id": "MS_02524", "osm_id": "way/368403239", "osm_name": null, "osm_levels": null, "osm_height": null, "osm_type": "yes", "ms_confidence": -1.0, "area_m2": 188.35 }, "geometry": { "type": "Polygon", "coordinates": [ [ [ 80.20657140955997, 13.127501696370217 ], [ 80.20666393691468, 13.127502951392572 ], [ 80.20666637685872, 13.127333196953572 ], [ 80.206573837306664, 13.127331941764936 ], [ 80.20657140955997, 13.127501696370217 ] ] ] } },
{ "type": "Feature", "properties": { "reconciliation_status": "MATCHED", "match_class": "POSSIBLE", "match_iou": 0.5588, "ms_id": "MS_01949", "osm_id": "way/354495984", "osm_name": null, "osm_levels": null, "osm_height": null, "osm_type": "yes", "ms_confidence": -1.0, "area_m2": 243.22 }, "geometry": { "type": "Polygon", "coordinates": [ [ [ 80.207606216804749, 13.122853811832115 ], [ 80.207709220635934, 13.12286149264429 ], [ 80.207717190646903, 13.122760212523502 ], [ 80.207715509463512, 13.1227600871606 ], [ 80.207723063890953, 13.122664000341629 ], [ 80.207621734006992, 13.122656444346674 ], [ 80.207606216804749, 13.122853811832115 ] ] ] } },
{ "type": "Feature", "properties": { "reconciliation_status": "MATCHED", "match_class": "POSSIBLE", "match_iou": 0.5583, "ms_id": "MS_00887", "osm_id": "way/354471488", "osm_name": null, "osm_levels": null, "osm_height": null, "osm_type": "yes", "ms_confidence": -1.0, "area_m2": 119.41 }, "geometry": { "type": "Polygon", "coordinates": [ [ [ 80.213644488360146, 13.118727646717176 ], [ 80.213641019142472, 13.118851427566327 ], [ 80.213721425352574, 13.118853570505635 ], [ 80.213724894723725, 13.118729784180971 ], [ 80.213644488360146, 13.118727646717176 ] ] ] } },
{ "type": "Feature", "properties": { "reconciliation_status": "MATCHED", "match_class": "POSSIBLE", "match_iou": 0.5581, "ms_id": "MS_00195", "osm_id": "way/354471398", "osm_name": null, "osm_levels": null, "osm_height": null, "osm_type": "yes", "ms_confidence": -1.0, "area_m2": 310.1 }, "geometry": { "type": "Polygon", "coordinates": [ [ [ 80.2087914986692, 13.120073138882688 ], [ 80.208788945073266, 13.11997132404268 ], [ 80.208740694099177, 13.119972471860763 ], [ 80.208738795271472, 13.119896763362988 ], [ 80.208620848445889, 13.119899569141324 ], [ 80.208625300869528, 13.120077092476592 ], [ 80.2087914986692, 13.120073138882688 ] ] ] } },
{ "type": "Feature", "properties": { "reconciliation_status": "MATCHED", "match_class": "POSSIBLE", "match_iou": 0.5573, "ms_id": "MS_01841", "osm_id": "way/354513086", "osm_name": null, "osm_levels": null, "osm_height": null, "osm_type": "yes", "ms_confidence": -1.0, "area_m2": 246.02 }, "geometry": { "type": "Polygon", "coordinates": [ [ [ 80.209602409623074, 13.124109400320123 ], [ 80.209594561900957, 13.124273610070489 ], [ 80.209719255275658, 13.124279262028992 ], [ 80.209727114773273, 13.124115052816094 ], [ 80.209602409623074, 13.124109400320123 ] ] ] } },
{ "type": "Feature", "properties": { "reconciliation_status": "MATCHED", "match_class": "POSSIBLE", "match_iou": 0.5557, "ms_id": "MS_02801", "osm_id": "way/354543345", "osm_name": null, "osm_levels": null, "osm_height": null, "osm_type": "yes", "ms_confidence": -1.0, "area_m2": 199.55 }, "geometry": { "type": "Polygon", "coordinates": [ [ [ 80.210577135444765, 13.119576469116438 ], [ 80.210581986777541, 13.119727829144892 ], [ 80.210691850298744, 13.119724489268847 ], [ 80.210686998965926, 13.119573129238319 ], [ 80.210577135444765, 13.119576469116438 ] ] ] } },
{ "type": "Feature", "properties": { "reconciliation_status": "MATCHED", "match_class": "POSSIBLE", "match_iou": 0.5547, "ms_id": "MS_01767", "osm_id": "way/354495923", "osm_name": null, "osm_levels": null, "osm_height": null, "osm_type": "yes", "ms_confidence": -1.0, "area_m2": 239.32 }, "geometry": { "type": "Polygon", "coordinates": [ [ [ 80.214855336443748, 13.120700273635876 ], [ 80.214957229440628, 13.120698544281723 ], [ 80.214953724748213, 13.12050268963641 ], [ 80.214851831751332, 13.120504418991942 ], [ 80.214855336443748, 13.120700273635876 ] ] ] } },
{ "type": "Feature", "properties": { "reconciliation_status": "MATCHED", "match_class": "POSSIBLE", "match_iou": 0.5546, "ms_id": "MS_00134", "osm_id": "way/354512942", "osm_name": null, "osm_levels": null, "osm_height": null, "osm_type": "yes", "ms_confidence": -1.0, "area_m2": 266.55 }, "geometry": { "type": "Polygon", "coordinates": [ [ [ 80.210198884197126, 13.123700397476298 ], [ 80.210019256975102, 13.123704107269788 ], [ 80.21002195115787, 13.123827833604054 ], [ 80.21020157811337, 13.123824111574422 ], [ 80.210198884197126, 13.123700397476298 ] ] ] } },
{ "type": "Feature", "properties": { "reconciliation_status": "MATCHED", "match_class": "POSSIBLE", "match_iou": 0.5529, "ms_id": "MS_02650", "osm_id": "way/354736292", "osm_name": null, "osm_levels": null, "osm_height": null, "osm_type": "yes", "ms_confidence": -1.0, "area_m2": 248.07 }, "geometry": { "type": "Polygon", "coordinates": [ [ [ 80.211692399381405, 13.122621596285668 ], [ 80.211693200600337, 13.122585042603106 ], [ 80.211623494929228, 13.122583593481338 ], [ 80.211618952700434, 13.122790821652345 ], [ 80.211725198959869, 13.12279303766195 ], [ 80.21172895238891, 13.12262235619157 ], [ 80.211692399381405, 13.122621596285668 ] ] ] } },
{ "type": "Feature", "properties": { "reconciliation_status": "MATCHED", "match_class": "POSSIBLE", "match_iou": 0.5522, "ms_id": "MS_00488", "osm_id": "way/354764940", "osm_name": null, "osm_levels": null, "osm_height": null, "osm_type": "yes", "ms_confidence": -1.0, "area_m2": 145.95 }, "geometry": { "type": "Polygon", "coordinates": [ [ [ 80.206596315264875, 13.129362162080611 ], [ 80.20649714628496, 13.12936477792411 ], [ 80.206500558304469, 13.129487456367201 ], [ 80.206599727284342, 13.129484840525009 ], [ 80.206596315264875, 13.129362162080611 ] ] ] } },
{ "type": "Feature", "properties": { "reconciliation_status": "MATCHED", "match_class": "POSSIBLE", "match_iou": 0.5506, "ms_id": "MS_01064", "osm_id": "way/354455832", "osm_name": null, "osm_levels": null, "osm_height": null, "osm_type": "yes", "ms_confidence": -1.0, "area_m2": 269.83 }, "geometry": { "type": "Polygon", "coordinates": [ [ [ 80.207343181773112, 13.118032272198974 ], [ 80.207347915964036, 13.11825040776786 ], [ 80.207451040355735, 13.118248291978247 ], [ 80.207446321681971, 13.118030149058868 ], [ 80.207343181773112, 13.118032272198974 ] ] ] } },
{ "type": "Feature", "properties": { "reconciliation_status": "MATCHED", "match_class": "POSSIBLE", "match_iou": 0.5505, "ms_id": "MS_02061", "osm_id": "way/354293251", "osm_name": null, "osm_levels": null, "osm_height": null, "osm_type": "yes", "ms_confidence": -1.0, "area_m2": 507.95 }, "geometry": { "type": "Polygon", "coordinates": [ [ [ 80.205194037542256, 13.126936279546868 ], [ 80.205195362023971, 13.127082546906095 ], [ 80.205415286060287, 13.127080658165895 ], [ 80.205413583155178, 13.126892600115184 ], [ 80.205169521114925, 13.126894696157734 ], [ 80.205169899538262, 13.126936486847754 ], [ 80.205194037542256, 13.126936279546868 ] ] ] } },
{ "type": "Feature", "properties": { "reconciliation_status": "MATCHED", "match_class": "POSSIBLE", "match_iou": 0.5501, "ms_id": "MS_01633", "osm_id": "way/354764498", "osm_name": null, "osm_levels": null, "osm_height": null, "osm_type": "yes", "ms_confidence": -1.0, "area_m2": 138.27 }, "geometry": { "type": "Polygon", "coordinates": [ [ [ 80.207327264882181, 13.11809813733079 ], [ 80.207254885027922, 13.118099790081558 ], [ 80.207258719072314, 13.118259047593483 ], [ 80.207331098926588, 13.118257394843809 ], [ 80.207327264882181, 13.11809813733079 ] ] ] } },
{ "type": "Feature", "properties": { "reconciliation_status": "MATCHED", "match_class": "POSSIBLE", "match_iou": 0.5476, "ms_id": "MS_02124", "osm_id": "way/354542719", "osm_name": null, "osm_levels": null, "osm_height": null, "osm_type": "yes", "ms_confidence": -1.0, "area_m2": 227.69 }, "geometry": { "type": "Polygon", "coordinates": [ [ [ 80.209729556257287, 13.122670186532815 ], [ 80.209829150870576, 13.122689689838793 ], [ 80.209866992152399, 13.122506411981263 ], [ 80.209767384879441, 13.122486906181635 ], [ 80.209729556257287, 13.122670186532815 ] ] ] } },
{ "type": "Feature", "properties": { "reconciliation_status": "MATCHED", "match_class": "POSSIBLE", "match_iou": 0.5472, "ms_id": "MS_01761", "osm_id": "way/354542834", "osm_name": null, "osm_levels": null, "osm_height": null, "osm_type": "yes", "ms_confidence": -1.0, "area_m2": 145.1 }, "geometry": { "type": "Polygon", "coordinates": [ [ [ 80.211051427989844, 13.119275498407319 ], [ 80.211045027739431, 13.119452908674177 ], [ 80.21111315832637, 13.119455244565174 ], [ 80.211119571310519, 13.119277834736593 ], [ 80.211051427989844, 13.119275498407319 ] ] ] } },
{ "type": "Feature", "properties": { "reconciliation_status": "MATCHED", "match_class": "POSSIBLE", "match_iou": 0.5467, "ms_id": "MS_02443", "osm_id": "way/354443150", "osm_name": null, "osm_levels": null, "osm_height": null, "osm_type": "yes", "ms_confidence": -1.0, "area_m2": 319.41 }, "geometry": { "type": "Polygon", "coordinates": [ [ [ 80.212870405119929, 13.120263664236404 ], [ 80.212791063807686, 13.120262339265054 ], [ 80.212793492230944, 13.120124975144989 ], [ 80.212693168614535, 13.120123292937507 ], [ 80.212689490298402, 13.120332206646964 ], [ 80.212869145263141, 13.12033521906497 ], [ 80.212870405119929, 13.120263664236404 ] ] ] } },
{ "type": "Feature", "properties": { "reconciliation_status": "MATCHED", "match_class": "POSSIBLE", "match_iou": 0.5456, "ms_id": "MS_01642", "osm_id": "way/354543043", "osm_name": null, "osm_levels": null, "osm_height": null, "osm_type": "yes", "ms_confidence": -1.0, "area_m2": 129.03 }, "geometry": { "type": "Polygon", "coordinates": [ [ [ 80.211375732744983, 13.118868812962987 ], [ 80.211449298930233, 13.118866847305711 ], [ 80.211445191596241, 13.118720673427958 ], [ 80.211371614914214, 13.118722639366865 ], [ 80.211375732744983, 13.118868812962987 ] ] ] } },
{ "type": "Feature", "properties": { "reconciliation_status": "MATCHED", "match_class": "POSSIBLE", "match_iou": 0.5454, "ms_id": "MS_02298", "osm_id": "way/354542731", "osm_name": null, "osm_levels": null, "osm_height": null, "osm_type": "yes", "ms_confidence": -1.0, "area_m2": 258.46 }, "geometry": { "type": "Polygon", "coordinates": [ [ [ 80.210904346720483, 13.119189286160733 ], [ 80.21090250686845, 13.119090054767995 ], [ 80.210685318754443, 13.119093874200658 ], [ 80.210687158606476, 13.119193105591862 ], [ 80.210904346720483, 13.119189286160733 ] ] ] } },
{ "type": "Feature", "properties": { "reconciliation_status": "MATCHED", "match_class": "POSSIBLE", "match_iou": 0.5452, "ms_id": "MS_00052", "osm_id": "way/354980983", "osm_name": null, "osm_levels": null, "osm_height": null, "osm_type": "yes", "ms_confidence": -1.0, "area_m2": 197.22 }, "geometry": { "type": "Polygon", "coordinates": [ [ [ 80.205883243621187, 13.12308141372057 ], [ 80.205765519582229, 13.123087134967975 ], [ 80.205772662349759, 13.123226532724402 ], [ 80.205890385978563, 13.12322080347603 ], [ 80.205883243621187, 13.12308141372057 ] ] ] } },
{ "type": "Feature", "properties": { "reconciliation_status": "MATCHED", "match_class": "POSSIBLE", "match_iou": 0.5449, "ms_id": "MS_01748", "osm_id": "way/354443353", "osm_name": null, "osm_levels": null, "osm_height": null, "osm_type": "yes", "ms_confidence": -1.0, "area_m2": 161.53 }, "geometry": { "type": "Polygon", "coordinates": [ [ [ 80.215085809274214, 13.119779086965394 ], [ 80.215054810734642, 13.119780318797936 ], [ 80.215052844027156, 13.119733377399669 ], [ 80.214988578008771, 13.119735931229258 ], [ 80.214995133700398, 13.119892402520279 ], [ 80.215090406116559, 13.119888616548081 ], [ 80.215085809274214, 13.119779086965394 ] ] ] } },
{ "type": "Feature", "properties": { "reconciliation_status": "MATCHED", "match_class": "POSSIBLE", "match_iou": 0.5435, "ms_id": "MS_01775", "osm_id": "way/354296373", "osm_name": null, "osm_levels": null, "osm_height": null, "osm_type": "yes", "ms_confidence": -1.0, "area_m2": 380.89 }, "geometry": { "type": "Polygon", "coordinates": [ [ [ 80.207128031476927, 13.129781574346637 ], [ 80.206991273947267, 13.129783708919263 ], [ 80.206910828341577, 13.129784964550183 ], [ 80.206913235103571, 13.129931204022228 ], [ 80.207130438238877, 13.129927813820686 ], [ 80.207128031476927, 13.129781574346637 ] ] ] } },
{ "type": "Feature", "properties": { "reconciliation_status": "MATCHED", "match_class": "POSSIBLE", "match_iou": 0.5421, "ms_id": "MS_01187", "osm_id": "way/354471552", "osm_name": null, "osm_levels": null, "osm_height": null, "osm_type": "yes", "ms_confidence": -1.0, "area_m2": 141.34 }, "geometry": { "type": "Polygon", "coordinates": [ [ [ 80.213938513136952, 13.118901157252296 ], [ 80.213943679981185, 13.118747201846503 ], [ 80.213867188499805, 13.118744761774536 ], [ 80.213862010603535, 13.118898716829293 ], [ 80.213938513136952, 13.118901157252296 ] ] ] } },
{ "type": "Feature", "properties": { "reconciliation_status": "MATCHED", "match_class": "POSSIBLE", "match_iou": 0.5409, "ms_id": "MS_01034", "osm_id": "way/354471684", "osm_name": null, "osm_levels": null, "osm_height": null, "osm_type": "yes", "ms_confidence": -1.0, "area_m2": 212.96 }, "geometry": { "type": "Polygon", "coordinates": [ [ [ 80.212633076551242, 13.122003231685412 ], [ 80.212739339332899, 13.122005455289724 ], [ 80.212743026043711, 13.121838353278974 ], [ 80.21263677526531, 13.121836129924318 ], [ 80.212633076551242, 13.122003231685412 ] ] ] } },
{ "type": "Feature", "properties": { "reconciliation_status": "MATCHED", "match_class": "POSSIBLE", "match_iou": 0.5402, "ms_id": "MS_01864", "osm_id": "way/354495758", "osm_name": null, "osm_levels": null, "osm_height": null, "osm_type": "yes", "ms_confidence": -1.0, "area_m2": 240.58 }, "geometry": { "type": "Polygon", "coordinates": [ [ [ 80.216213891865877, 13.127085447528486 ], [ 80.216208915206622, 13.126926255746682 ], [ 80.216082968124027, 13.12692999002445 ], [ 80.216087944783268, 13.127089181803868 ], [ 80.216213891865877, 13.127085447528486 ] ] ] } },
{ "type": "Feature", "properties": { "reconciliation_status": "MATCHED", "match_class": "POSSIBLE", "match_iou": 0.5398, "ms_id": "MS_01312", "osm_id": "way/355061810", "osm_name": null, "osm_levels": null, "osm_height": null, "osm_type": "yes", "ms_confidence": -1.0, "area_m2": 203.27 }, "geometry": { "type": "Polygon", "coordinates": [ [ [ 80.214581731764639, 13.12882389170143 ], [ 80.214759832171225, 13.128831612245719 ], [ 80.21476416863625, 13.128736588756311 ], [ 80.214586074491493, 13.128728880619263 ], [ 80.214581731764639, 13.12882389170143 ] ] ] } },
{ "type": "Feature", "properties": { "reconciliation_status": "MATCHED", "match_class": "POSSIBLE", "match_iou": 0.5396, "ms_id": "MS_01038", "osm_id": "way/354568518", "osm_name": null, "osm_levels": null, "osm_height": null, "osm_type": "yes", "ms_confidence": -1.0, "area_m2": 192.51 }, "geometry": { "type": "Polygon", "coordinates": [ [ [ 80.216464184840177, 13.12386314312981 ], [ 80.216469156711014, 13.123730099476276 ], [ 80.216348616964581, 13.123725827109567 ], [ 80.216343645093758, 13.123858870765389 ], [ 80.216464184840177, 13.12386314312981 ] ] ] } },
{ "type": "Feature", "properties": { "reconciliation_status": "MATCHED", "match_class": "POSSIBLE", "match_iou": 0.5395, "ms_id": "MS_00366", "osm_id": "way/354296370", "osm_name": null, "osm_levels": null, "osm_height": null, "osm_type": "yes", "ms_confidence": -1.0, "area_m2": 245.69 }, "geometry": { "type": "Polygon", "coordinates": [ [ [ 80.214854945750588, 13.128806856858091 ], [ 80.214851677341571, 13.128921701286117 ], [ 80.215030000821386, 13.128926502282155 ], [ 80.215033260983176, 13.12881165763433 ], [ 80.214854945750588, 13.128806856858091 ] ] ] } },
{ "type": "Feature", "properties": { "reconciliation_status": "MATCHED", "match_class": "POSSIBLE", "match_iou": 0.5391, "ms_id": "MS_02786", "osm_id": "way/368444698", "osm_name": null, "osm_levels": null, "osm_height": null, "osm_type": "yes", "ms_confidence": -1.0, "area_m2": 199.56 }, "geometry": { "type": "Polygon", "coordinates": [ [ [ 80.213222695525928, 13.120558061405958 ], [ 80.213221387943008, 13.120699108064585 ], [ 80.213339395520279, 13.120700145688247 ], [ 80.213340703103242, 13.120559099030189 ], [ 80.213222695525928, 13.120558061405958 ] ] ] } },
{ "type": "Feature", "properties": { "reconciliation_status": "MATCHED", "match_class": "POSSIBLE", "match_iou": 0.5383, "ms_id": "MS_01016", "osm_id": "way/354455391", "osm_name": null, "osm_levels": null, "osm_height": null, "osm_type": "yes", "ms_confidence": -1.0, "area_m2": 192.07 }, "geometry": { "type": "Polygon", "coordinates": [ [ [ 80.211759116920618, 13.122055431686093 ], [ 80.211762014395688, 13.121940565174626 ], [ 80.21162262340853, 13.121937239798271 ], [ 80.211619725933502, 13.122052106311273 ], [ 80.211759116920618, 13.122055431686093 ] ] ] } },
{ "type": "Feature", "properties": { "reconciliation_status": "MATCHED", "match_class": "POSSIBLE", "match_iou": 0.5366, "ms_id": "MS_02121", "osm_id": "way/354277900", "osm_name": null, "osm_levels": null, "osm_height": null, "osm_type": "yes", "ms_confidence": -1.0, "area_m2": 364.07 }, "geometry": { "type": "Polygon", "coordinates": [ [ [ 80.207825773012644, 13.127159988671096 ], [ 80.208033381221028, 13.127214355083296 ], [ 80.208071056232896, 13.127077942396838 ], [ 80.207863448024554, 13.127023575954468 ], [ 80.207825773012644, 13.127159988671096 ] ] ] } },
{ "type": "Feature", "properties": { "reconciliation_status": "MATCHED", "match_class": "POSSIBLE", "match_iou": 0.5359, "ms_id": "MS_00676", "osm_id": "way/354542686", "osm_name": null, "osm_levels": null, "osm_height": null, "osm_type": "yes", "ms_confidence": -1.0, "area_m2": 134.24 }, "geometry": { "type": "Polygon", "coordinates": [ [ [ 80.211251375115907, 13.119327308407222 ], [ 80.211257913296905, 13.119441891859125 ], [ 80.211355333322103, 13.119436626064584 ], [ 80.211348803350262, 13.119322042166516 ], [ 80.211251375115907, 13.119327308407222 ] ] ] } },
{ "type": "Feature", "properties": { "reconciliation_status": "MATCHED", "match_class": "POSSIBLE", "match_iou": 0.5358, "ms_id": "MS_01529", "osm_id": "way/354471245", "osm_name": null, "osm_levels": null, "osm_height": null, "osm_type": "yes", "ms_confidence": -1.0, "area_m2": 239.62 }, "geometry": { "type": "Polygon", "coordinates": [ [ [ 80.212721230926249, 13.121605004003612 ], [ 80.212725034760538, 13.121495417745564 ], [ 80.212542852736107, 13.121489419952027 ], [ 80.212539048901817, 13.121599006212733 ], [ 80.212721230926249, 13.121605004003612 ] ] ] } },
{ "type": "Feature", "properties": { "reconciliation_status": "MATCHED", "match_class": "POSSIBLE", "match_iou": 0.5352, "ms_id": "MS_01066", "osm_id": "way/354455446", "osm_name": null, "osm_levels": null, "osm_height": null, "osm_type": "yes", "ms_confidence": -1.0, "area_m2": 175.97 }, "geometry": { "type": "Polygon", "coordinates": [ [ [ 80.208758749756186, 13.121233890199079 ], [ 80.208856328700065, 13.121232819367179 ], [ 80.208854588563639, 13.12108242216533 ], [ 80.208756998890252, 13.121083499767508 ], [ 80.208758749756186, 13.121233890199079 ] ] ] } },
{ "type": "Feature", "properties": { "reconciliation_status": "MATCHED", "match_class": "POSSIBLE", "match_iou": 0.5328, "ms_id": "MS_00552", "osm_id": "way/368444688", "osm_name": null, "osm_levels": null, "osm_height": null, "osm_type": "yes", "ms_confidence": -1.0, "area_m2": 236.26 }, "geometry": { "type": "Polygon", "coordinates": [ [ [ 80.214328878454509, 13.122369241432054 ], [ 80.214333179867978, 13.122490402843837 ], [ 80.214495629432619, 13.122484943976133 ], [ 80.214491336324272, 13.122363771209251 ], [ 80.214328878454509, 13.122369241432054 ] ] ] } },
{ "type": "Feature", "properties": { "reconciliation_status": "MATCHED", "match_class": "POSSIBLE", "match_iou": 0.5324, "ms_id": "MS_01956", "osm_id": "way/354443356", "osm_name": null, "osm_levels": null, "osm_height": null, "osm_type": "yes", "ms_confidence": -1.0, "area_m2": 139.84 }, "geometry": { "type": "Polygon", "coordinates": [ [ [ 80.214881332984746, 13.119741774943932 ], [ 80.214877775772948, 13.11986967875356 ], [ 80.21496890402473, 13.119872082594483 ], [ 80.214972461236542, 13.119744178786107 ], [ 80.214881332984746, 13.119741774943932 ] ] ] } },
{ "type": "Feature", "properties": { "reconciliation_status": "MATCHED", "match_class": "POSSIBLE", "match_iou": 0.5307, "ms_id": "MS_00802", "osm_id": "way/354443418", "osm_name": null, "osm_levels": null, "osm_height": null, "osm_type": "yes", "ms_confidence": -1.0, "area_m2": 221.79 }, "geometry": { "type": "Polygon", "coordinates": [ [ [ 80.210512459225711, 13.121522363557347 ], [ 80.210510180191108, 13.121619940938686 ], [ 80.210621097261551, 13.121622398024826 ], [ 80.210620546763309, 13.12164589542644 ], [ 80.21068388480839, 13.121647298519903 ], [ 80.210686712376216, 13.121526235572418 ], [ 80.210512459225711, 13.121522363557347 ] ] ] } },
{ "type": "Feature", "properties": { "reconciliation_status": "MATCHED", "match_class": "POSSIBLE", "match_iou": 0.5289, "ms_id": "MS_01579", "osm_id": "way/354513233", "osm_name": null, "osm_levels": null, "osm_height": null, "osm_type": "yes", "ms_confidence": -1.0, "area_m2": 104.14 }, "geometry": { "type": "Polygon", "coordinates": [ [ [ 80.217364463342804, 13.121118018904099 ], [ 80.217302879870601, 13.121115512921662 ], [ 80.217296848654158, 13.121256325332965 ], [ 80.21735843212636, 13.121258831313952 ], [ 80.217364463342804, 13.121118018904099 ] ] ] } },
{ "type": "Feature", "properties": { "reconciliation_status": "MATCHED", "match_class": "POSSIBLE", "match_iou": 0.5284, "ms_id": "MS_01319", "osm_id": "way/354542923", "osm_name": null, "osm_levels": null, "osm_height": null, "osm_type": "yes", "ms_confidence": -1.0, "area_m2": 191.2 }, "geometry": { "type": "Polygon", "coordinates": [ [ [ 80.207303726466094, 13.124169122123163 ], [ 80.207161738433442, 13.124164350866351 ], [ 80.207157763592022, 13.124276539744557 ], [ 80.207299751624674, 13.12428131099918 ], [ 80.207303726466094, 13.124169122123163 ] ] ] } },
{ "type": "Feature", "properties": { "reconciliation_status": "MATCHED", "match_class": "POSSIBLE", "match_iou": 0.5275, "ms_id": "MS_02436", "osm_id": "way/354293218", "osm_name": null, "osm_levels": null, "osm_height": null, "osm_type": "yes", "ms_confidence": -1.0, "area_m2": 203.25 }, "geometry": { "type": "Polygon", "coordinates": [ [ [ 80.208588083198137, 13.127910357739196 ], [ 80.208735593222457, 13.12791162457286 ], [ 80.208736633886687, 13.127796700614354 ], [ 80.208589123862339, 13.127795433780094 ], [ 80.208588083198137, 13.127910357739196 ] ] ] } },
{ "type": "Feature", "properties": { "reconciliation_status": "MATCHED", "match_class": "POSSIBLE", "match_iou": 0.5275, "ms_id": "MS_00995", "osm_id": "way/354277786", "osm_name": null, "osm_levels": null, "osm_height": null, "osm_type": "yes", "ms_confidence": -1.0, "area_m2": 512.11 }, "geometry": { "type": "Polygon", "coordinates": [ [ [ 80.205146670341492, 13.126837996852132 ], [ 80.205390751361847, 13.126837996852132 ], [ 80.205390751361847, 13.126662984610888 ], [ 80.205146670341492, 13.126662984610888 ], [ 80.205146670341492, 13.126837996852132 ] ] ] } },
{ "type": "Feature", "properties": { "reconciliation_status": "MATCHED", "match_class": "POSSIBLE", "match_iou": 0.5263, "ms_id": "MS_00435", "osm_id": "way/354543114", "osm_name": null, "osm_levels": null, "osm_height": null, "osm_type": "yes", "ms_confidence": -1.0, "area_m2": 135.01 }, "geometry": { "type": "Polygon", "coordinates": [ [ [ 80.210314448255801, 13.122610597027617 ], [ 80.210336624541057, 13.122492773188554 ], [ 80.210244141929763, 13.122476270039215 ], [ 80.210221974984279, 13.122594089249716 ], [ 80.210314448255801, 13.122610597027617 ] ] ] } },
{ "type": "Feature", "properties": { "reconciliation_status": "MATCHED", "match_class": "POSSIBLE", "match_iou": 0.525, "ms_id": "MS_02302", "osm_id": "way/354277594", "osm_name": null, "osm_levels": null, "osm_height": null, "osm_type": "yes", "ms_confidence": -1.0, "area_m2": 259.38 }, "geometry": { "type": "Polygon", "coordinates": [ [ [ 80.214286946009508, 13.126764395571243 ], [ 80.21428929889656, 13.126885653357419 ], [ 80.214467656032014, 13.12688238317412 ], [ 80.214465311621311, 13.126761113073499 ], [ 80.214286946009508, 13.126764395571243 ] ] ] } },
{ "type": "Feature", "properties": { "reconciliation_status": "MATCHED", "match_class": "POSSIBLE", "match_iou": 0.5236, "ms_id": "MS_02775", "osm_id": "way/368446447", "osm_name": null, "osm_levels": null, "osm_height": null, "osm_type": "yes", "ms_confidence": -1.0, "area_m2": 211.15 }, "geometry": { "type": "Polygon", "coordinates": [ [ [ 80.21725224491469, 13.122365758889288 ], [ 80.217137958554318, 13.122362705249628 ], [ 80.217133631184581, 13.122516707586627 ], [ 80.217247906485881, 13.122519760928867 ], [ 80.21725224491469, 13.122365758889288 ] ] ] } },
{ "type": "Feature", "properties": { "reconciliation_status": "MATCHED", "match_class": "POSSIBLE", "match_iou": 0.5235, "ms_id": "MS_01731", "osm_id": "way/368444743", "osm_name": null, "osm_levels": null, "osm_height": null, "osm_type": "yes", "ms_confidence": -1.0, "area_m2": 338.35 }, "geometry": { "type": "Polygon", "coordinates": [ [ [ 80.214706848176235, 13.12181402990602 ], [ 80.214705858214231, 13.121814041984422 ], [ 80.214705051875924, 13.121751359603039 ], [ 80.214660455904124, 13.121751903713474 ], [ 80.214660121806503, 13.121725786026985 ], [ 80.214565262920104, 13.121726943389731 ], [ 80.214566606817257, 13.121831414026886 ], [ 80.214545152512414, 13.121831675788371 ], [ 80.214546328422458, 13.121923087559352 ], [ 80.214708217976508, 13.121921112364447 ], [ 80.214706848176235, 13.12181402990602 ] ] ] } },
{ "type": "Feature", "properties": { "reconciliation_status": "MATCHED", "match_class": "POSSIBLE", "match_iou": 0.5223, "ms_id": "MS_01674", "osm_id": "way/354471585", "osm_name": null, "osm_levels": null, "osm_height": null, "osm_type": "yes", "ms_confidence": -1.0, "area_m2": 285.5 }, "geometry": { "type": "Polygon", "coordinates": [ [ [ 80.206209318636809, 13.120404472575345 ], [ 80.206206582360679, 13.120506278227538 ], [ 80.206320241154145, 13.120509175672808 ], [ 80.206324954496495, 13.120334279079373 ], [ 80.20615767569285, 13.120330014723677 ], [ 80.206155711186895, 13.120403105987577 ], [ 80.206209318636809, 13.120404472575345 ] ] ] } },
{ "type": "Feature", "properties": { "reconciliation_status": "MATCHED", "match_class": "POSSIBLE", "match_iou": 0.5212, "ms_id": "MS_01276", "osm_id": "way/354568523", "osm_name": null, "osm_levels": null, "osm_height": null, "osm_type": "yes", "ms_confidence": -1.0, "area_m2": 220.66 }, "geometry": { "type": "Polygon", "coordinates": [ [ [ 80.21379142999649, 13.122196212085214 ], [ 80.213697552680969, 13.122196212085214 ], [ 80.213697552680969, 13.12222233379795 ], [ 80.213702917098999, 13.12222233379795 ], [ 80.213702917098999, 13.122402573540342 ], [ 80.21379142999649, 13.122402573540342 ], [ 80.21379142999649, 13.122196212085214 ] ] ] } },
{ "type": "Feature", "properties": { "reconciliation_status": "MATCHED", "match_class": "POSSIBLE", "match_iou": 0.5207, "ms_id": "MS_00021", "osm_id": "way/354736460", "osm_name": null, "osm_levels": null, "osm_height": null, "osm_type": "yes", "ms_confidence": -1.0, "area_m2": 184.42 }, "geometry": { "type": "Polygon", "coordinates": [ [ [ 80.208153806376359, 13.121919259441668 ], [ 80.208043861401194, 13.121920893132895 ], [ 80.208046052840544, 13.122060772552942 ], [ 80.20815599793309, 13.122059146354871 ], [ 80.208153806376359, 13.121919259441668 ] ] ] } },
{ "type": "Feature", "properties": { "reconciliation_status": "MATCHED", "match_class": "POSSIBLE", "match_iou": 0.5207, "ms_id": "MS_02308", "osm_id": "way/354293024", "osm_name": null, "osm_levels": null, "osm_height": null, "osm_type": "yes", "ms_confidence": -1.0, "area_m2": 158.25 }, "geometry": { "type": "Polygon", "coordinates": [ [ [ 80.205648198061212, 13.124085776637813 ], [ 80.205555464102659, 13.124088014206279 ], [ 80.205559083427175, 13.1242302802615 ], [ 80.205651807328138, 13.124228049257155 ], [ 80.205648198061212, 13.124085776637813 ] ] ] } },
{ "type": "Feature", "properties": { "reconciliation_status": "MATCHED", "match_class": "POSSIBLE", "match_iou": 0.5203, "ms_id": "MS_02488", "osm_id": "way/368446456", "osm_name": null, "osm_levels": null, "osm_height": null, "osm_type": "yes", "ms_confidence": -1.0, "area_m2": 105.95 }, "geometry": { "type": "Polygon", "coordinates": [ [ [ 80.216532697123668, 13.122366420029778 ], [ 80.216540583294545, 13.122223162408432 ], [ 80.216479069289804, 13.122219950668736 ], [ 80.216471183118927, 13.122363208291958 ], [ 80.216532697123668, 13.122366420029778 ] ] ] } },
{ "type": "Feature", "properties": { "reconciliation_status": "MATCHED", "match_class": "POSSIBLE", "match_iou": 0.5201, "ms_id": "MS_00531", "osm_id": "way/354443121", "osm_name": null, "osm_levels": null, "osm_height": null, "osm_type": "yes", "ms_confidence": -1.0, "area_m2": 188.03 }, "geometry": { "type": "Polygon", "coordinates": [ [ [ 80.213838572605226, 13.119711410953713 ], [ 80.213932387687095, 13.11971376417344 ], [ 80.213936806045766, 13.119546694286043 ], [ 80.213842990963911, 13.119544341064724 ], [ 80.213838572605226, 13.119711410953713 ] ] ] } },
{ "type": "Feature", "properties": { "reconciliation_status": "MATCHED", "match_class": "POSSIBLE", "match_iou": 0.5198, "ms_id": "MS_00303", "osm_id": "way/354293066", "osm_name": null, "osm_levels": null, "osm_height": null, "osm_type": "yes", "ms_confidence": -1.0, "area_m2": 390.76 }, "geometry": { "type": "Polygon", "coordinates": [ [ [ 80.205476964067458, 13.127790849658325 ], [ 80.205336765458625, 13.127799994650928 ], [ 80.205352683115407, 13.128031434205923 ], [ 80.205492898282728, 13.128022288141821 ], [ 80.205476964067458, 13.127790849658325 ] ] ] } },
{ "type": "Feature", "properties": { "reconciliation_status": "MATCHED", "match_class": "POSSIBLE", "match_iou": 0.5194, "ms_id": "MS_00422", "osm_id": "way/354471156", "osm_name": null, "osm_levels": null, "osm_height": null, "osm_type": "yes", "ms_confidence": -1.0, "area_m2": 155.86 }, "geometry": { "type": "Polygon", "coordinates": [ [ [ 80.213139278778868, 13.120130951733273 ], [ 80.213225087424931, 13.120132291125543 ], [ 80.213227580142643, 13.119980822773641 ], [ 80.213141771496581, 13.119979483380533 ], [ 80.213139278778868, 13.120130951733273 ] ] ] } },
{ "type": "Feature", "properties": { "reconciliation_status": "MATCHED", "match_class": "POSSIBLE", "match_iou": 0.5185, "ms_id": "MS_01447", "osm_id": "way/354296325", "osm_name": null, "osm_levels": null, "osm_height": null, "osm_type": "yes", "ms_confidence": -1.0, "area_m2": 271.88 }, "geometry": { "type": "Polygon", "coordinates": [ [ [ 80.206819609947217, 13.128538516894565 ], [ 80.20682456118108, 13.128695094595855 ], [ 80.20696926324166, 13.12869075495766 ], [ 80.206964312007784, 13.128534177253613 ], [ 80.206819609947217, 13.128538516894565 ] ] ] } },
{ "type": "Feature", "properties": { "reconciliation_status": "MATCHED", "match_class": "POSSIBLE", "match_iou": 0.517, "ms_id": "MS_02935", "osm_id": "way/354542659", "osm_name": null, "osm_levels": null, "osm_height": null, "osm_type": "yes", "ms_confidence": -1.0, "area_m2": 145.53 }, "geometry": { "type": "Polygon", "coordinates": [ [ [ 80.209177765809443, 13.119600273267224 ], [ 80.209275404750528, 13.119597730956514 ], [ 80.209271994220117, 13.119473496014564 ], [ 80.209174346540365, 13.119476045209936 ], [ 80.209177765809443, 13.119600273267224 ] ] ] } },
{ "type": "Feature", "properties": { "reconciliation_status": "MATCHED", "match_class": "POSSIBLE", "match_iou": 0.5169, "ms_id": "MS_00251", "osm_id": "way/354277882", "osm_name": null, "osm_levels": null, "osm_height": null, "osm_type": "yes", "ms_confidence": -1.0, "area_m2": 282.74 }, "geometry": { "type": "Polygon", "coordinates": [ [ [ 80.206963867854355, 13.127097945660168 ], [ 80.206959480248557, 13.127291147910555 ], [ 80.2070814852067, 13.127293775715756 ], [ 80.207085886690507, 13.127100573766356 ], [ 80.206963867854355, 13.127097945660168 ] ] ] } },
{ "type": "Feature", "properties": { "reconciliation_status": "MATCHED", "match_class": "POSSIBLE", "match_iou": 0.515, "ms_id": "MS_00596", "osm_id": "way/354308125", "osm_name": null, "osm_levels": null, "osm_height": null, "osm_type": "yes", "ms_confidence": -1.0, "area_m2": 187.98 }, "geometry": { "type": "Polygon", "coordinates": [ [ [ 80.206172886980355, 13.121719347024893 ], [ 80.206170285702129, 13.121874697323264 ], [ 80.206271197281538, 13.121876293081783 ], [ 80.206273787283834, 13.121720949483588 ], [ 80.206172886980355, 13.121719347024893 ] ] ] } },
{ "type": "Feature", "properties": { "reconciliation_status": "MATCHED", "match_class": "POSSIBLE", "match_iou": 0.5146, "ms_id": "MS_00853", "osm_id": "way/354812294", "osm_name": null, "osm_levels": null, "osm_height": null, "osm_type": "yes", "ms_confidence": -1.0, "area_m2": 261.24 }, "geometry": { "type": "Polygon", "coordinates": [ [ [ 80.206481667841246, 13.126509775361981 ], [ 80.206345882531608, 13.126478095031459 ], [ 80.20630698957423, 13.126636196847258 ], [ 80.206379349626019, 13.126653079299103 ], [ 80.206382681901758, 13.126639537392705 ], [ 80.206446095408396, 13.126654336832374 ], [ 80.206481667841246, 13.126509775361981 ] ] ] } },
{ "type": "Feature", "properties": { "reconciliation_status": "MATCHED", "match_class": "POSSIBLE", "match_iou": 0.5139, "ms_id": "MS_00956", "osm_id": "way/354471603", "osm_name": null, "osm_levels": null, "osm_height": null, "osm_type": "yes", "ms_confidence": -1.0, "area_m2": 218.62 }, "geometry": { "type": "Polygon", "coordinates": [ [ [ 80.212329337169635, 13.121609371020426 ], [ 80.212327337588775, 13.121705982321799 ], [ 80.212516013177819, 13.121709686114571 ], [ 80.212518019698805, 13.121613074950872 ], [ 80.212329337169635, 13.121609371020426 ] ] ] } },
{ "type": "Feature", "properties": { "reconciliation_status": "MATCHED", "match_class": "POSSIBLE", "match_iou": 0.5115, "ms_id": "MS_01161", "osm_id": "way/354293036", "osm_name": null, "osm_levels": null, "osm_height": null, "osm_type": "yes", "ms_confidence": -1.0, "area_m2": 186.3 }, "geometry": { "type": "Polygon", "coordinates": [ [ [ 80.205208382748637, 13.123671756072483 ], [ 80.205205405680005, 13.123575193343925 ], [ 80.205044618091122, 13.123579894936441 ], [ 80.205047595159755, 13.123676457663166 ], [ 80.205208382748637, 13.123671756072483 ] ] ] } },
{ "type": "Feature", "properties": { "reconciliation_status": "MATCHED", "match_class": "POSSIBLE", "match_iou": 0.5114, "ms_id": "MS_00036", "osm_id": "way/368446454", "osm_name": null, "osm_levels": null, "osm_height": null, "osm_type": "yes", "ms_confidence": -1.0, "area_m2": 152.79 }, "geometry": { "type": "Polygon", "coordinates": [ [ [ 80.216871981046097, 13.12227921748422 ], [ 80.216917553546949, 13.122278176881068 ], [ 80.216915919364084, 13.122210297752531 ], [ 80.216800647744321, 13.122212929867089 ], [ 80.216803978963256, 13.122351298838581 ], [ 80.216873678082166, 13.122349707328354 ], [ 80.216871981046097, 13.12227921748422 ] ] ] } },
{ "type": "Feature", "properties": { "reconciliation_status": "MATCHED", "match_class": "POSSIBLE", "match_iou": 0.5112, "ms_id": "MS_00924", "osm_id": "way/354249532", "osm_name": null, "osm_levels": null, "osm_height": null, "osm_type": "yes", "ms_confidence": -1.0, "area_m2": 230.89 }, "geometry": { "type": "Polygon", "coordinates": [ [ [ 80.205273733249527, 13.119131538946775 ], [ 80.205276860273642, 13.119275145541067 ], [ 80.205410910439298, 13.11927237698859 ], [ 80.205407783415211, 13.119128770392678 ], [ 80.205273733249527, 13.119131538946775 ] ] ] } },
{ "type": "Feature", "properties": { "reconciliation_status": "MATCHED", "match_class": "POSSIBLE", "match_iou": 0.5101, "ms_id": "MS_01449", "osm_id": "way/354513245", "osm_name": null, "osm_levels": null, "osm_height": null, "osm_type": "yes", "ms_confidence": -1.0, "area_m2": 194.65 }, "geometry": { "type": "Polygon", "coordinates": [ [ [ 80.208478326381098, 13.12275662676187 ], [ 80.208482135742045, 13.122914385060113 ], [ 80.208585004706762, 13.122912022131416 ], [ 80.208581184184425, 13.122754271098955 ], [ 80.208478326381098, 13.12275662676187 ] ] ] } },
{ "type": "Feature", "properties": { "reconciliation_status": "MATCHED", "match_class": "POSSIBLE", "match_iou": 0.5098, "ms_id": "MS_00576", "osm_id": "way/354765222", "osm_name": null, "osm_levels": null, "osm_height": null, "osm_type": "yes", "ms_confidence": -1.0, "area_m2": 145.0 }, "geometry": { "type": "Polygon", "coordinates": [ [ [ 80.20797721426031, 13.129956372390595 ], [ 80.208076917856204, 13.129919825069464 ], [ 80.208035858837576, 13.129813573472362 ], [ 80.207936146252393, 13.129850117308067 ], [ 80.20797721426031, 13.129956372390595 ] ] ] } },
{ "type": "Feature", "properties": { "reconciliation_status": "MATCHED", "match_class": "POSSIBLE", "match_iou": 0.5098, "ms_id": "MS_01719", "osm_id": "way/354513361", "osm_name": null, "osm_levels": null, "osm_height": null, "osm_type": "yes", "ms_confidence": -1.0, "area_m2": 151.18 }, "geometry": { "type": "Polygon", "coordinates": [ [ [ 80.217078306647025, 13.121132122172668 ], [ 80.217076842569725, 13.121262715706322 ], [ 80.217173390584946, 13.12126374232038 ], [ 80.217174854662247, 13.12113314878728 ], [ 80.217078306647025, 13.121132122172668 ] ] ] } },
{ "type": "Feature", "properties": { "reconciliation_status": "MATCHED", "match_class": "POSSIBLE", "match_iou": 0.5092, "ms_id": "MS_00004", "osm_id": "way/354542950", "osm_name": null, "osm_levels": null, "osm_height": null, "osm_type": "yes", "ms_confidence": -1.0, "area_m2": 131.66 }, "geometry": { "type": "Polygon", "coordinates": [ [ [ 80.209172013143458, 13.123224328853965 ], [ 80.209173998846737, 13.123127717741639 ], [ 80.209060374332736, 13.123125494995293 ], [ 80.209058381689289, 13.123222105972715 ], [ 80.209172013143458, 13.123224328853965 ] ] ] } },
{ "type": "Feature", "properties": { "reconciliation_status": "MATCHED", "match_class": "POSSIBLE", "match_iou": 0.5087, "ms_id": "MS_01806", "osm_id": "way/354277894", "osm_name": null, "osm_levels": null, "osm_height": null, "osm_type": "yes", "ms_confidence": -1.0, "area_m2": 337.12 }, "geometry": { "type": "Polygon", "coordinates": [ [ [ 80.216668660144549, 13.127459561978881 ], [ 80.216730781302601, 13.127421153858407 ], [ 80.216672525125276, 13.127331790772516 ], [ 80.21664290827043, 13.127350102217832 ], [ 80.216661111895405, 13.127378029067998 ], [ 80.216623821099674, 13.127401085136427 ], [ 80.216566778592707, 13.127313583774651 ], [ 80.216475017567333, 13.127370317583882 ], [ 80.216581820559057, 13.127534149857524 ], [ 80.21667836874451, 13.127474456292731 ], [ 80.216668660144549, 13.127459561978881 ] ] ] } },
{ "type": "Feature", "properties": { "reconciliation_status": "MATCHED", "match_class": "POSSIBLE", "match_iou": 0.5079, "ms_id": "MS_00631", "osm_id": "way/354846590", "osm_name": null, "osm_levels": null, "osm_height": null, "osm_type": "yes", "ms_confidence": -1.0, "area_m2": 231.93 }, "geometry": { "type": "Polygon", "coordinates": [ [ [ 80.205652375115946, 13.123107140247313 ], [ 80.205598745941245, 13.123108013892349 ], [ 80.20559982242834, 13.123170688229237 ], [ 80.205476475326577, 13.123172697612318 ], [ 80.205478134910805, 13.123269320516272 ], [ 80.205569304507762, 13.123267835320661 ], [ 80.205569080239627, 13.123254778173632 ], [ 80.20565488691912, 13.123253380342376 ], [ 80.205652375115946, 13.123107140247313 ] ] ] } },
{ "type": "Feature", "properties": { "reconciliation_status": "MATCHED", "match_class": "POSSIBLE", "match_iou": 0.5063, "ms_id": "MS_01695", "osm_id": "way/354543279", "osm_name": null, "osm_levels": null, "osm_height": null, "osm_type": "yes", "ms_confidence": -1.0, "area_m2": 127.42 }, "geometry": { "type": "Polygon", "coordinates": [ [ [ 80.210898480159642, 13.118158808346749 ], [ 80.210799242276579, 13.118159410368563 ], [ 80.210799927257042, 13.118266506976624 ], [ 80.21089916514012, 13.118265904955038 ], [ 80.210898480159642, 13.118158808346749 ] ] ] } },
{ "type": "Feature", "properties": { "reconciliation_status": "MATCHED", "match_class": "POSSIBLE", "match_iou": 0.5063, "ms_id": "MS_01563", "osm_id": "way/354568589", "osm_name": null, "osm_levels": null, "osm_height": null, "osm_type": "yes", "ms_confidence": -1.0, "area_m2": 144.39 }, "geometry": { "type": "Polygon", "coordinates": [ [ [ 80.217315452724847, 13.123673631779369 ], [ 80.217376929527376, 13.123677164211671 ], [ 80.217388757241849, 13.123481932074199 ], [ 80.217327280439321, 13.123478399639126 ], [ 80.217315452724847, 13.123673631779369 ] ] ] } },
{ "type": "Feature", "properties": { "reconciliation_status": "MATCHED", "match_class": "POSSIBLE", "match_iou": 0.5058, "ms_id": "MS_00099", "osm_id": "way/354512931", "osm_name": null, "osm_levels": null, "osm_height": null, "osm_type": "yes", "ms_confidence": -1.0, "area_m2": 391.31 }, "geometry": { "type": "Polygon", "coordinates": [ [ [ 80.215750474472259, 13.122099827919243 ], [ 80.215831877591057, 13.122101414802074 ], [ 80.21583489348815, 13.121955191895196 ], [ 80.215628446400842, 13.121951167386825 ], [ 80.215625028064196, 13.122116902189475 ], [ 80.21575007325923, 13.12211934835959 ], [ 80.215750474472259, 13.122099827919243 ] ] ] } },
{ "type": "Feature", "properties": { "reconciliation_status": "MATCHED", "match_class": "POSSIBLE", "match_iou": 0.5045, "ms_id": "MS_02672", "osm_id": "way/354736439", "osm_name": null, "osm_levels": null, "osm_height": null, "osm_type": "yes", "ms_confidence": -1.0, "area_m2": 135.28 }, "geometry": { "type": "Polygon", "coordinates": [ [ [ 80.208311428190797, 13.118312352561915 ], [ 80.208306277098885, 13.118150550864058 ], [ 80.208236606639559, 13.11815265462873 ], [ 80.208241757731514, 13.118314456325223 ], [ 80.208311428190797, 13.118312352561915 ] ] ] } },
{ "type": "Feature", "properties": { "reconciliation_status": "MATCHED", "match_class": "POSSIBLE", "match_iou": 0.5044, "ms_id": "MS_02289", "osm_id": "way/354443357", "osm_name": null, "osm_levels": null, "osm_height": null, "osm_type": "yes", "ms_confidence": -1.0, "area_m2": 227.04 }, "geometry": { "type": "Polygon", "coordinates": [ [ [ 80.215714267379042, 13.118789574836796 ], [ 80.215802678825526, 13.118792491575235 ], [ 80.215810120699814, 13.11857853597138 ], [ 80.21572170925333, 13.118575619230398 ], [ 80.215714267379042, 13.118789574836796 ] ] ] } },
{ "type": "Feature", "properties": { "reconciliation_status": "MATCHED", "match_class": "POSSIBLE", "match_iou": 0.5043, "ms_id": "MS_01614", "osm_id": "way/368444683", "osm_name": null, "osm_levels": null, "osm_height": null, "osm_type": "yes", "ms_confidence": -1.0, "area_m2": 132.93 }, "geometry": { "type": "Polygon", "coordinates": [ [ [ 80.217231191498527, 13.120647975114949 ], [ 80.217227356323306, 13.120522701688273 ], [ 80.217138922223668, 13.120525275567729 ], [ 80.217142757398875, 13.120650548993083 ], [ 80.217231191498527, 13.120647975114949 ] ] ] } },
{ "type": "Feature", "properties": { "reconciliation_status": "MATCHED", "match_class": "POSSIBLE", "match_iou": 0.5041, "ms_id": "MS_00774", "osm_id": "way/354443329", "osm_name": null, "osm_levels": null, "osm_height": null, "osm_type": "yes", "ms_confidence": -1.0, "area_m2": 192.58 }, "geometry": { "type": "Polygon", "coordinates": [ [ [ 80.209858143069724, 13.121250923673017 ], [ 80.209758954890333, 13.121248679081631 ], [ 80.20975509285249, 13.121410546883936 ], [ 80.20985428103188, 13.121412791473816 ], [ 80.209858143069724, 13.121250923673017 ] ] ] } },
{ "type": "Feature", "properties": { "reconciliation_status": "MATCHED", "match_class": "POSSIBLE", "match_iou": 0.5035, "ms_id": "MS_01621", "osm_id": "way/354455776", "osm_name": null, "osm_levels": null, "osm_height": null, "osm_type": "yes", "ms_confidence": -1.0, "area_m2": 332.82 }, "geometry": { "type": "Polygon", "coordinates": [ [ [ 80.209437835505696, 13.121914275382693 ], [ 80.209435362304092, 13.122016093184726 ], [ 80.209449740874902, 13.122016424445761 ], [ 80.209448214404404, 13.122079081429945 ], [ 80.209487454510835, 13.122079985463813 ], [ 80.209485805709789, 13.122147863957395 ], [ 80.209580595948481, 13.122150047783322 ], [ 80.209583547020756, 13.122028915241145 ], [ 80.209579892188515, 13.122028830790072 ], [ 80.209581198644017, 13.121975046088551 ], [ 80.209550008188046, 13.121974327506393 ], [ 80.209551407452707, 13.121916891913671 ], [ 80.209437835505696, 13.121914275382693 ] ] ] } },
{ "type": "Feature", "properties": { "reconciliation_status": "MATCHED", "match_class": "POSSIBLE", "match_iou": 0.502, "ms_id": "MS_01513", "osm_id": "way/354495638", "osm_name": null, "osm_levels": null, "osm_height": null, "osm_type": "yes", "ms_confidence": -1.0, "area_m2": 148.79 }, "geometry": { "type": "Polygon", "coordinates": [ [ [ 80.212035294815536, 13.118894687348941 ], [ 80.211937575770634, 13.118896618964314 ], [ 80.211940230873012, 13.119023581181096 ], [ 80.212037940658874, 13.119021643089624 ], [ 80.212035294815536, 13.118894687348941 ] ] ] } },
{ "type": "Feature", "properties": { "reconciliation_status": "MATCHED", "match_class": "POSSIBLE", "match_iou": 0.5016, "ms_id": "MS_01906", "osm_id": "way/354296332", "osm_name": null, "osm_levels": null, "osm_height": null, "osm_type": "yes", "ms_confidence": -1.0, "area_m2": 202.0 }, "geometry": { "type": "Polygon", "coordinates": [ [ [ 80.205735592589775, 13.12862376981505 ], [ 80.20573740454256, 13.12871254622948 ], [ 80.205785665237613, 13.128711612033442 ], [ 80.205785931701257, 13.128724667385853 ], [ 80.205909264588598, 13.128722279996154 ], [ 80.205907186172169, 13.128620448228034 ], [ 80.205735592589775, 13.12862376981505 ] ] ] } },
{ "type": "Feature", "properties": { "reconciliation_status": "MATCHED", "match_class": "POSSIBLE", "match_iou": 0.5007, "ms_id": "MS_02112", "osm_id": "way/354495304", "osm_name": null, "osm_levels": null, "osm_height": null, "osm_type": "yes", "ms_confidence": -1.0, "area_m2": 181.39 }, "geometry": { "type": "Polygon", "coordinates": [ [ [ 80.209393313687869, 13.124883454365659 ], [ 80.20935156630091, 13.124884433225702 ], [ 80.209351669279826, 13.12488859871047 ], [ 80.209295375427004, 13.124889914807611 ], [ 80.209299144933865, 13.125042390880608 ], [ 80.209397174828396, 13.125040092353856 ], [ 80.209393313687869, 13.124883454365659 ] ] ] } },
{ "type": "Feature", "properties": { "reconciliation_status": "MATCHED", "match_class": "POSSIBLE", "match_iou": 0.5004, "ms_id": "MS_01745", "osm_id": "way/368444740", "osm_name": null, "osm_levels": null, "osm_height": null, "osm_type": "yes", "ms_confidence": -1.0, "area_m2": 183.72 }, "geometry": { "type": "Polygon", "coordinates": [ [ [ 80.213504207141312, 13.121050989190991 ], [ 80.213442539511831, 13.121049824859469 ], [ 80.213440772185862, 13.121138605717306 ], [ 80.213601644262681, 13.121141643102803 ], [ 80.213603619509371, 13.121042417437266 ], [ 80.21350441506199, 13.121040544382126 ], [ 80.213504207141312, 13.121050989190991 ] ] ] } },
{ "type": "Feature", "properties": { "reconciliation_status": "MATCHED", "match_class": "POSSIBLE", "match_iou": 0.5002, "ms_id": "MS_00952", "osm_id": "way/354293192", "osm_name": null, "osm_levels": null, "osm_height": null, "osm_type": "yes", "ms_confidence": -1.0, "area_m2": 201.7 }, "geometry": { "type": "Polygon", "coordinates": [ [ [ 80.205655825475105, 13.124094252493734 ], [ 80.205663088259044, 13.124233645869552 ], [ 80.205783477693387, 13.124227696644482 ], [ 80.205776215335902, 13.124088311450095 ], [ 80.205655825475105, 13.124094252493734 ] ] ] } },
{ "type": "Feature", "properties": { "reconciliation_status": "MATCHED", "match_class": "POSSIBLE", "match_iou": 0.4993, "ms_id": "MS_00079", "osm_id": "way/368446395", "osm_name": null, "osm_levels": null, "osm_height": null, "osm_type": "yes", "ms_confidence": -1.0, "area_m2": 147.05 }, "geometry": { "type": "Polygon", "coordinates": [ [ [ 80.216914111535402, 13.122376065048854 ], [ 80.216917747850687, 13.12252358387849 ], [ 80.217000848439611, 13.122521641046433 ], [ 80.216997211984804, 13.122374116554681 ], [ 80.216914111535402, 13.122376065048854 ] ] ] } },
{ "type": "Feature", "properties": { "reconciliation_status": "MATCHED", "match_class": "POSSIBLE", "match_iou": 0.4988, "ms_id": "MS_01121", "osm_id": "way/354568607", "osm_name": null, "osm_levels": null, "osm_height": null, "osm_type": "yes", "ms_confidence": -1.0, "area_m2": 275.14 }, "geometry": { "type": "Polygon", "coordinates": [ [ [ 80.213199962822529, 13.120492379319174 ], [ 80.213095369299694, 13.120493498615446 ], [ 80.213097844712763, 13.120712895946028 ], [ 80.213202438235612, 13.120711776650737 ], [ 80.213199962822529, 13.120492379319174 ] ] ] } },
{ "type": "Feature", "properties": { "reconciliation_status": "MATCHED", "match_class": "POSSIBLE", "match_iou": 0.4987, "ms_id": "MS_01825", "osm_id": "way/354471357", "osm_name": null, "osm_levels": null, "osm_height": null, "osm_type": "yes", "ms_confidence": -1.0, "area_m2": 179.99 }, "geometry": { "type": "Polygon", "coordinates": [ [ [ 80.208410350169999, 13.119196914755193 ], [ 80.208414643510054, 13.11929974120936 ], [ 80.208560412985378, 13.119293968423349 ], [ 80.208556127436182, 13.11919115159472 ], [ 80.208410350169999, 13.119196914755193 ] ] ] } },
{ "type": "Feature", "properties": { "reconciliation_status": "MATCHED", "match_class": "POSSIBLE", "match_iou": 0.4982, "ms_id": "MS_00170", "osm_id": "way/354443336", "osm_name": null, "osm_levels": null, "osm_height": null, "osm_type": "yes", "ms_confidence": -1.0, "area_m2": 121.21 }, "geometry": { "type": "Polygon", "coordinates": [ [ [ 80.213710910245823, 13.119456527645085 ], [ 80.213708165472781, 13.119316623927304 ], [ 80.213653371776473, 13.119317643541677 ], [ 80.213654429891676, 13.119371379862201 ], [ 80.213626101630453, 13.119371908932138 ], [ 80.213627792221885, 13.119458079990011 ], [ 80.213710910245823, 13.119456527645085 ] ] ] } },
{ "type": "Feature", "properties": { "reconciliation_status": "MATCHED", "match_class": "POSSIBLE", "match_iou": 0.4977, "ms_id": "MS_02040", "osm_id": "way/368446392", "osm_name": null, "osm_levels": null, "osm_height": null, "osm_type": "yes", "ms_confidence": -1.0, "area_m2": 133.55 }, "geometry": { "type": "Polygon", "coordinates": [ [ [ 80.217208455010748, 13.123285370350644 ], [ 80.217121423355835, 13.123274312802238 ], [ 80.217104564276696, 13.123400166627633 ], [ 80.217191595931652, 13.12341122417034 ], [ 80.217208455010748, 13.123285370350644 ] ] ] } },
{ "type": "Feature", "properties": { "reconciliation_status": "MATCHED", "match_class": "POSSIBLE", "match_iou": 0.4967, "ms_id": "MS_00846", "osm_id": "way/354568666", "osm_name": null, "osm_levels": null, "osm_height": null, "osm_type": "yes", "ms_confidence": -1.0, "area_m2": 214.3 }, "geometry": { "type": "Polygon", "coordinates": [ [ [ 80.217306267463883, 13.123480267500753 ], [ 80.217209884194247, 13.123476253492939 ], [ 80.217201755378667, 13.123661378092535 ], [ 80.217298138648303, 13.123665392097323 ], [ 80.217306267463883, 13.123480267500753 ] ] ] } },
{ "type": "Feature", "properties": { "reconciliation_status": "MATCHED", "match_class": "POSSIBLE", "match_iou": 0.4964, "ms_id": "MS_01878", "osm_id": "way/354443164", "osm_name": null, "osm_levels": null, "osm_height": null, "osm_type": "yes", "ms_confidence": -1.0, "area_m2": 182.22 }, "geometry": { "type": "Polygon", "coordinates": [ [ [ 80.209963310153455, 13.121410826278719 ], [ 80.209960424569402, 13.121248919858203 ], [ 80.209866575528096, 13.121250506287822 ], [ 80.209869461112106, 13.121412412707272 ], [ 80.209963310153455, 13.121410826278719 ] ] ] } },
{ "type": "Feature", "properties": { "reconciliation_status": "MATCHED", "match_class": "POSSIBLE", "match_iou": 0.4947, "ms_id": "MS_02364", "osm_id": "way/354513019", "osm_name": null, "osm_levels": null, "osm_height": null, "osm_type": "yes", "ms_confidence": -1.0, "area_m2": 101.49 }, "geometry": { "type": "Polygon", "coordinates": [ [ [ 80.21508914421841, 13.120165741675038 ], [ 80.214995321130388, 13.120167935212436 ], [ 80.214997550583576, 13.120258118054537 ], [ 80.215091373513644, 13.120255918126503 ], [ 80.21508914421841, 13.120165741675038 ] ] ] } },
{ "type": "Feature", "properties": { "reconciliation_status": "MATCHED", "match_class": "POSSIBLE", "match_iou": 0.4946, "ms_id": "MS_02044", "osm_id": "way/354308170", "osm_name": null, "osm_levels": null, "osm_height": null, "osm_type": "yes", "ms_confidence": -1.0, "area_m2": 265.35 }, "geometry": { "type": "Polygon", "coordinates": [ [ [ 80.207471804996743, 13.127922869598336 ], [ 80.207479496631549, 13.127850505872132 ], [ 80.207421113609172, 13.127844620385545 ], [ 80.207414670503283, 13.127905237820613 ], [ 80.207316480170903, 13.127895346126081 ], [ 80.207306167204777, 13.127992371596108 ], [ 80.207499892688162, 13.128011900698354 ], [ 80.207508957829191, 13.127926614906826 ], [ 80.207471804996743, 13.127922869598336 ] ] ] } },
{ "type": "Feature", "properties": { "reconciliation_status": "MATCHED", "match_class": "POSSIBLE", "match_iou": 0.4944, "ms_id": "MS_01626", "osm_id": "way/354495386", "osm_name": null, "osm_levels": null, "osm_height": null, "osm_type": "yes", "ms_confidence": -1.0, "area_m2": 155.58 }, "geometry": { "type": "Polygon", "coordinates": [ [ [ 80.217062719724268, 13.128197871165455 ], [ 80.217217984064462, 13.128191182864413 ], [ 80.217214194935892, 13.128107758628076 ], [ 80.217058930595655, 13.128114446931392 ], [ 80.217062719724268, 13.128197871165455 ] ] ] } },
{ "type": "Feature", "properties": { "reconciliation_status": "MATCHED", "match_class": "POSSIBLE", "match_iou": 0.4937, "ms_id": "MS_01506", "osm_id": "way/354296397", "osm_name": null, "osm_levels": null, "osm_height": null, "osm_type": "yes", "ms_confidence": -1.0, "area_m2": 242.59 }, "geometry": { "type": "MultiPolygon", "coordinates": [ [ [ [ 80.207371172731499, 13.129969267535742 ], [ 80.207211378106649, 13.129989296927079 ], [ 80.207212792674099, 13.13 ], [ 80.207375236683092, 13.13 ], [ 80.207371172731499, 13.129969267535742 ] ] ], [ [ [ 80.20761858291236, 13.129913309603296 ], [ 80.207389037539016, 13.129942097525088 ], [ 80.20739669435558, 13.13 ], [ 80.207630046540061, 13.13 ], [ 80.20761858291236, 13.129913309603296 ] ] ] ] } },
{ "type": "Feature", "properties": { "reconciliation_status": "MATCHED", "match_class": "POSSIBLE", "match_iou": 0.4929, "ms_id": "MS_00142", "osm_id": "way/354736382", "osm_name": null, "osm_levels": null, "osm_height": null, "osm_type": "yes", "ms_confidence": -1.0, "area_m2": 205.89 }, "geometry": { "type": "Polygon", "coordinates": [ [ [ 80.210566573500287, 13.120834046613226 ], [ 80.210663790460217, 13.120820382837351 ], [ 80.210638146122122, 13.120647327135302 ], [ 80.210540930124111, 13.120660997411989 ], [ 80.210566573500287, 13.120834046613226 ] ] ] } },
{ "type": "Feature", "properties": { "reconciliation_status": "MATCHED", "match_class": "POSSIBLE", "match_iou": 0.4928, "ms_id": "MS_00248", "osm_id": "way/354455742", "osm_name": null, "osm_levels": null, "osm_height": null, "osm_type": "yes", "ms_confidence": -1.0, "area_m2": 234.74 }, "geometry": { "type": "Polygon", "coordinates": [ [ [ 80.206772646526019, 13.11958382863655 ], [ 80.206791710945154, 13.119754209151012 ], [ 80.206843600003836, 13.119748698724962 ], [ 80.206843021927497, 13.119743535719635 ], [ 80.206906638524799, 13.119736779872056 ], [ 80.206888140081631, 13.119571563639596 ], [ 80.206772646526019, 13.11958382863655 ] ] ] } },
{ "type": "Feature", "properties": { "reconciliation_status": "MATCHED", "match_class": "POSSIBLE", "match_iou": 0.4924, "ms_id": "MS_02471", "osm_id": "way/354443266", "osm_name": null, "osm_levels": null, "osm_height": null, "osm_type": "yes", "ms_confidence": -1.0, "area_m2": 163.61 }, "geometry": { "type": "Polygon", "coordinates": [ [ [ 80.212454256808073, 13.121288501092323 ], [ 80.212345419459339, 13.121291802332934 ], [ 80.212349416377535, 13.121417065756276 ], [ 80.212458262719636, 13.121413764244565 ], [ 80.212454256808073, 13.121288501092323 ] ] ] } },
{ "type": "Feature", "properties": { "reconciliation_status": "MATCHED", "match_class": "POSSIBLE", "match_iou": 0.4911, "ms_id": "MS_02098", "osm_id": "way/354736585", "osm_name": null, "osm_levels": null, "osm_height": null, "osm_type": "yes", "ms_confidence": -1.0, "area_m2": 212.88 }, "geometry": { "type": "Polygon", "coordinates": [ [ [ 80.211614888709136, 13.122591420503639 ], [ 80.211453038621158, 13.12258835363869 ], [ 80.211450839699793, 13.12269802297169 ], [ 80.211612697666226, 13.122701089984545 ], [ 80.211614888709136, 13.122591420503639 ] ] ] } },
{ "type": "Feature", "properties": { "reconciliation_status": "MATCHED", "match_class": "POSSIBLE", "match_iou": 0.4905, "ms_id": "MS_02254", "osm_id": "way/354443106", "osm_name": null, "osm_levels": null, "osm_height": null, "osm_type": "yes", "ms_confidence": -1.0, "area_m2": 124.35 }, "geometry": { "type": "Polygon", "coordinates": [ [ [ 80.215398770341707, 13.119575464050442 ], [ 80.215325233767004, 13.119577002856943 ], [ 80.215328354556988, 13.119717996271149 ], [ 80.215401881003913, 13.119716457677455 ], [ 80.215398770341707, 13.119575464050442 ] ] ] } },
{ "type": "Feature", "properties": { "reconciliation_status": "MATCHED", "match_class": "POSSIBLE", "match_iou": 0.4886, "ms_id": "MS_00431", "osm_id": "way/354293168", "osm_name": null, "osm_levels": null, "osm_height": null, "osm_type": "yes", "ms_confidence": -1.0, "area_m2": 150.85 }, "geometry": { "type": "Polygon", "coordinates": [ [ [ 80.205860972341398, 13.124223458377941 ], [ 80.205862183387907, 13.124152950132384 ], [ 80.205895951317956, 13.12415350252752 ], [ 80.20589712238899, 13.124085605759291 ], [ 80.205774861546232, 13.124083605745881 ], [ 80.205774054181887, 13.124130611258451 ], [ 80.205795505826629, 13.12413096217675 ], [ 80.205793935951476, 13.124222361758626 ], [ 80.205860972341398, 13.124223458377941 ] ] ] } },
{ "type": "Feature", "properties": { "reconciliation_status": "MATCHED", "match_class": "POSSIBLE", "match_iou": 0.4881, "ms_id": "MS_00816", "osm_id": "way/354542856", "osm_name": null, "osm_levels": null, "osm_height": null, "osm_type": "yes", "ms_confidence": -1.0, "area_m2": 177.31 }, "geometry": { "type": "Polygon", "coordinates": [ [ [ 80.209007326753849, 13.122706646183119 ], [ 80.209102341564147, 13.122729747200438 ], [ 80.209139902867093, 13.122583220347366 ], [ 80.209044876581657, 13.122560123003396 ], [ 80.209007326753849, 13.122706646183119 ] ] ] } },
{ "type": "Feature", "properties": { "reconciliation_status": "MATCHED", "match_class": "POSSIBLE", "match_iou": 0.4879, "ms_id": "MS_01739", "osm_id": "way/354443193", "osm_name": null, "osm_levels": null, "osm_height": null, "osm_type": "yes", "ms_confidence": -1.0, "area_m2": 202.3 }, "geometry": { "type": "Polygon", "coordinates": [ [ [ 80.210882779337524, 13.120851879198923 ], [ 80.21077029688901, 13.120847616353899 ], [ 80.210769007991814, 13.120879873529844 ], [ 80.210726157418733, 13.120878252505406 ], [ 80.210722756664694, 13.120963363012095 ], [ 80.210878089569789, 13.120969249795294 ], [ 80.210882779337524, 13.120851879198923 ] ] ] } },
{ "type": "Feature", "properties": { "reconciliation_status": "MATCHED", "match_class": "POSSIBLE", "match_iou": 0.4875, "ms_id": "MS_00751", "osm_id": "way/354293229", "osm_name": null, "osm_levels": null, "osm_height": null, "osm_type": "yes", "ms_confidence": -1.0, "area_m2": 225.57 }, "geometry": { "type": "Polygon", "coordinates": [ [ [ 80.205288753086535, 13.127583771923995 ], [ 80.20528357960977, 13.127416748895101 ], [ 80.205171029482358, 13.127420062937944 ], [ 80.205176202959123, 13.12758708596462 ], [ 80.205288753086535, 13.127583771923995 ] ] ] } },
{ "type": "Feature", "properties": { "reconciliation_status": "MATCHED", "match_class": "POSSIBLE", "match_iou": 0.4865, "ms_id": "MS_00849", "osm_id": "way/354293069", "osm_name": null, "osm_levels": null, "osm_height": null, "osm_type": "yes", "ms_confidence": -1.0, "area_m2": 142.86 }, "geometry": { "type": "Polygon", "coordinates": [ [ [ 80.205217299050489, 13.128320478477491 ], [ 80.205215109652585, 13.128214698862394 ], [ 80.2051025024669, 13.128216901661943 ], [ 80.205104692023625, 13.128322688948202 ], [ 80.205217299050489, 13.128320478477491 ] ] ] } },
{ "type": "Feature", "properties": { "reconciliation_status": "MATCHED", "match_class": "POSSIBLE", "match_iou": 0.4862, "ms_id": "MS_01634", "osm_id": "way/354296359", "osm_name": null, "osm_levels": null, "osm_height": null, "osm_type": "yes", "ms_confidence": -1.0, "area_m2": 210.4 }, "geometry": { "type": "Polygon", "coordinates": [ [ [ 80.207494402700689, 13.128616883521914 ], [ 80.207499735646692, 13.128468174978735 ], [ 80.207381862221951, 13.128464165914806 ], [ 80.20737652927599, 13.128612874460444 ], [ 80.207494402700689, 13.128616883521914 ] ] ] } },
{ "type": "Feature", "properties": { "reconciliation_status": "MATCHED", "match_class": "POSSIBLE", "match_iou": 0.485, "ms_id": "MS_01888", "osm_id": "way/368444724", "osm_name": null, "osm_levels": null, "osm_height": null, "osm_type": "yes", "ms_confidence": -1.0, "area_m2": 104.09 }, "geometry": { "type": "Polygon", "coordinates": [ [ [ 80.216962175599249, 13.121642769647352 ], [ 80.216964200722998, 13.121543546092084 ], [ 80.216876732060726, 13.121541852886878 ], [ 80.216874699809068, 13.121641076304854 ], [ 80.216962175599249, 13.121642769647352 ] ] ] } },
{ "type": "Feature", "properties": { "reconciliation_status": "MATCHED", "match_class": "POSSIBLE", "match_iou": 0.4822, "ms_id": "MS_00464", "osm_id": "way/363737278", "osm_name": null, "osm_levels": null, "osm_height": null, "osm_type": "yes", "ms_confidence": -1.0, "area_m2": 202.16 }, "geometry": { "type": "Polygon", "coordinates": [ [ [ 80.208796777596064, 13.129364878574521 ], [ 80.208788101300897, 13.129322143572438 ], [ 80.208754544408279, 13.12932860495124 ], [ 80.208748419964635, 13.129298439063732 ], [ 80.208632261490166, 13.129320805376437 ], [ 80.208659821486521, 13.129456551828667 ], [ 80.208760492164444, 13.129437167701838 ], [ 80.208747732906829, 13.129374322126466 ], [ 80.208796777596064, 13.129364878574521 ] ] ] } },
{ "type": "Feature", "properties": { "reconciliation_status": "MATCHED", "match_class": "POSSIBLE", "match_iou": 0.4821, "ms_id": "MS_02246", "osm_id": "way/354277887", "osm_name": null, "osm_levels": null, "osm_height": null, "osm_type": "yes", "ms_confidence": -1.0, "area_m2": 132.25 }, "geometry": { "type": "Polygon", "coordinates": [ [ [ 80.206645027789094, 13.127092129852869 ], [ 80.206712062162055, 13.127093281255057 ], [ 80.20671504155095, 13.126928768855223 ], [ 80.206648007177947, 13.126927617452239 ], [ 80.206645027789094, 13.127092129852869 ] ] ] } },
{ "type": "Feature", "properties": { "reconciliation_status": "MATCHED", "match_class": "POSSIBLE", "match_iou": 0.4814, "ms_id": "MS_02959", "osm_id": "way/354443287", "osm_name": null, "osm_levels": null, "osm_height": null, "osm_type": "yes", "ms_confidence": -1.0, "area_m2": 287.34 }, "geometry": { "type": "Polygon", "coordinates": [ [ [ 80.215121987493518, 13.118490945888453 ], [ 80.215065698647493, 13.118489530117884 ], [ 80.215060437607917, 13.118687925733894 ], [ 80.215194458669885, 13.118691296613406 ], [ 80.215198819794793, 13.118526837103218 ], [ 80.215121087578851, 13.118524881991789 ], [ 80.215121987493518, 13.118490945888453 ] ] ] } },
{ "type": "Feature", "properties": { "reconciliation_status": "MATCHED", "match_class": "POSSIBLE", "match_iou": 0.4807, "ms_id": "MS_01511", "osm_id": "way/354736608", "osm_name": null, "osm_levels": null, "osm_height": null, "osm_type": "yes", "ms_confidence": -1.0, "area_m2": 313.66 }, "geometry": { "type": "Polygon", "coordinates": [ [ [ 80.211308596101134, 13.123440186666784 ], [ 80.21132094748657, 13.12339681861252 ], [ 80.211319757978316, 13.123263336131885 ], [ 80.211329277122672, 13.123229904153035 ], [ 80.211350039659393, 13.123235512569664 ], [ 80.211349663296943, 13.123193616336451 ], [ 80.211312021029471, 13.123183448332455 ], [ 80.211312232733363, 13.123207014965487 ], [ 80.211264373508826, 13.123194087137406 ], [ 80.21124041322183, 13.123278237540973 ], [ 80.211204558504519, 13.123278543027467 ], [ 80.211204585787485, 13.123281604630037 ], [ 80.211170083094828, 13.123402780735248 ], [ 80.211308596101134, 13.123440186666784 ] ] ] } },
{ "type": "Feature", "properties": { "reconciliation_status": "MATCHED", "match_class": "POSSIBLE", "match_iou": 0.4799, "ms_id": "MS_01324", "osm_id": "way/354495405", "osm_name": null, "osm_levels": null, "osm_height": null, "osm_type": "yes", "ms_confidence": -1.0, "area_m2": 178.86 }, "geometry": { "type": "Polygon", "coordinates": [ [ [ 80.211710345837886, 13.118881281826248 ], [ 80.211713081885478, 13.119022290590806 ], [ 80.211818841155946, 13.119020344220644 ], [ 80.211816115238292, 13.118879335268559 ], [ 80.211710345837886, 13.118881281826248 ] ] ] } },
{ "type": "Feature", "properties": { "reconciliation_status": "MATCHED", "match_class": "POSSIBLE", "match_iou": 0.4789, "ms_id": "MS_02410", "osm_id": "way/354471597", "osm_name": null, "osm_levels": null, "osm_height": null, "osm_type": "yes", "ms_confidence": -1.0, "area_m2": 123.21 }, "geometry": { "type": "Polygon", "coordinates": [ [ [ 80.213667589028816, 13.118455313684322 ], [ 80.213671630072554, 13.118298679574337 ], [ 80.213606055477072, 13.118297079415314 ], [ 80.213602025682704, 13.118453713800818 ], [ 80.213667589028816, 13.118455313684322 ] ] ] } },
{ "type": "Feature", "properties": { "reconciliation_status": "MATCHED", "match_class": "POSSIBLE", "match_iou": 0.4775, "ms_id": "MS_02739", "osm_id": "way/354568601", "osm_name": null, "osm_levels": null, "osm_height": null, "osm_type": "yes", "ms_confidence": -1.0, "area_m2": 238.39 }, "geometry": { "type": "Polygon", "coordinates": [ [ [ 80.213810208220352, 13.122228369018913 ], [ 80.213819872183578, 13.122434300311198 ], [ 80.213916230441185, 13.122430011476425 ], [ 80.213906566477959, 13.12222408018053 ], [ 80.213810208220352, 13.122228369018913 ] ] ] } },
{ "type": "Feature", "properties": { "reconciliation_status": "MATCHED", "match_class": "POSSIBLE", "match_iou": 0.4772, "ms_id": "MS_00842", "osm_id": "way/368444680", "osm_name": null, "osm_levels": null, "osm_height": null, "osm_type": "yes", "ms_confidence": -1.0, "area_m2": 151.15 }, "geometry": { "type": "Polygon", "coordinates": [ [ [ 80.215459870931426, 13.12111501749979 ], [ 80.215460771864187, 13.121078468061086 ], [ 80.215500981759078, 13.121079410885827 ], [ 80.215500111029911, 13.121114735010096 ], [ 80.215519915418838, 13.121115198025123 ], [ 80.215523305705858, 13.120978059159398 ], [ 80.215421440810417, 13.120975670673076 ], [ 80.215418020198385, 13.121114036201504 ], [ 80.215459870931426, 13.12111501749979 ] ] ] } },
{ "type": "Feature", "properties": { "reconciliation_status": "MATCHED", "match_class": "POSSIBLE", "match_iou": 0.4769, "ms_id": "MS_02078", "osm_id": "way/354471474", "osm_name": null, "osm_levels": null, "osm_height": null, "osm_type": "yes", "ms_confidence": -1.0, "area_m2": 139.04 }, "geometry": { "type": "Polygon", "coordinates": [ [ [ 80.208892020931117, 13.120265576113411 ], [ 80.208830356947601, 13.120264323581296 ], [ 80.208826330880044, 13.120452319551148 ], [ 80.208887994863517, 13.120453572082283 ], [ 80.208892020931117, 13.120265576113411 ] ] ] } },
{ "type": "Feature", "properties": { "reconciliation_status": "MATCHED", "match_class": "POSSIBLE", "match_iou": 0.4754, "ms_id": "MS_01250", "osm_id": "way/354249516", "osm_name": null, "osm_levels": null, "osm_height": null, "osm_type": "yes", "ms_confidence": -1.0, "area_m2": 423.82 }, "geometry": { "type": "Polygon", "coordinates": [ [ [ 80.205136402877457, 13.119000522792206 ], [ 80.205150163092057, 13.118746577463597 ], [ 80.205011075559412, 13.118739429155482 ], [ 80.205, 13.118943829067417 ], [ 80.205, 13.118993503169834 ], [ 80.205136402877457, 13.119000522792206 ] ] ] } },
{ "type": "Feature", "properties": { "reconciliation_status": "MATCHED", "match_class": "POSSIBLE", "match_iou": 0.474, "ms_id": "MS_02200", "osm_id": "way/354443157", "osm_name": null, "osm_levels": null, "osm_height": null, "osm_type": "yes", "ms_confidence": -1.0, "area_m2": 261.06 }, "geometry": { "type": "Polygon", "coordinates": [ [ [ 80.212071154304269, 13.121123645094244 ], [ 80.21206687881795, 13.121300182952936 ], [ 80.212200914703175, 13.121303261814646 ], [ 80.212202937999677, 13.121219718487481 ], [ 80.212182524545057, 13.121219249581529 ], [ 80.21218478322622, 13.121126262946277 ], [ 80.212071154304269, 13.121123645094244 ] ] ] } },
{ "type": "Feature", "properties": { "reconciliation_status": "MATCHED", "match_class": "POSSIBLE", "match_iou": 0.4737, "ms_id": "MS_02196", "osm_id": "way/354765052", "osm_name": null, "osm_levels": null, "osm_height": null, "osm_type": "yes", "ms_confidence": -1.0, "area_m2": 219.36 }, "geometry": { "type": "Polygon", "coordinates": [ [ [ 80.209200011361077, 13.129846835789365 ], [ 80.209082120646329, 13.12984307525511 ], [ 80.209076842633465, 13.13 ], [ 80.209194859830049, 13.13 ], [ 80.209200011361077, 13.129846835789365 ] ] ] } },
{ "type": "Feature", "properties": { "reconciliation_status": "MATCHED", "match_class": "POSSIBLE", "match_iou": 0.4735, "ms_id": "MS_01369", "osm_id": "way/354471274", "osm_name": null, "osm_levels": null, "osm_height": null, "osm_type": "yes", "ms_confidence": -1.0, "area_m2": 134.98 }, "geometry": { "type": "Polygon", "coordinates": [ [ [ 80.214824683963997, 13.12186868953583 ], [ 80.21494783481171, 13.121873885501145 ], [ 80.214951887700181, 13.121782630363739 ], [ 80.214828736852468, 13.121777434396506 ], [ 80.214824683963997, 13.12186868953583 ] ] ] } },
{ "type": "Feature", "properties": { "reconciliation_status": "MATCHED", "match_class": "POSSIBLE", "match_iou": 0.4724, "ms_id": "MS_01551", "osm_id": "way/354471394", "osm_name": null, "osm_levels": null, "osm_height": null, "osm_type": "yes", "ms_confidence": -1.0, "area_m2": 190.54 }, "geometry": { "type": "Polygon", "coordinates": [ [ [ 80.212540633814584, 13.122008510970318 ], [ 80.212630106102154, 13.122007315654798 ], [ 80.212627617339962, 13.121829721046808 ], [ 80.212538132291911, 13.121830916533682 ], [ 80.212540633814584, 13.122008510970318 ] ] ] } },
{ "type": "Feature", "properties": { "reconciliation_status": "MATCHED", "match_class": "POSSIBLE", "match_iou": 0.4722, "ms_id": "MS_01861", "osm_id": "way/354495277", "osm_name": null, "osm_levels": null, "osm_height": null, "osm_type": "yes", "ms_confidence": -1.0, "area_m2": 250.42 }, "geometry": { "type": "Polygon", "coordinates": [ [ [ 80.213716962255404, 13.120931269265483 ], [ 80.213719853861278, 13.120745846840578 ], [ 80.213607227061388, 13.120744180968458 ], [ 80.213604335455514, 13.120929603394629 ], [ 80.213716962255404, 13.120931269265483 ] ] ] } },
{ "type": "Feature", "properties": { "reconciliation_status": "MATCHED", "match_class": "POSSIBLE", "match_iou": 0.4716, "ms_id": "MS_00372", "osm_id": "way/354293032", "osm_name": null, "osm_levels": null, "osm_height": null, "osm_type": "yes", "ms_confidence": -1.0, "area_m2": 267.98 }, "geometry": { "type": "Polygon", "coordinates": [ [ [ 80.20704835244085, 13.128046631511282 ], [ 80.207045567544725, 13.1281548735667 ], [ 80.207251968421801, 13.128159895915047 ], [ 80.207254752956203, 13.128051667921213 ], [ 80.20704835244085, 13.128046631511282 ] ] ] } },
{ "type": "Feature", "properties": { "reconciliation_status": "MATCHED", "match_class": "POSSIBLE", "match_iou": 0.4713, "ms_id": "MS_00966", "osm_id": "way/354293030", "osm_name": null, "osm_levels": null, "osm_height": null, "osm_type": "yes", "ms_confidence": -1.0, "area_m2": 278.89 }, "geometry": { "type": "Polygon", "coordinates": [ [ [ 80.206032392311542, 13.124047451579585 ], [ 80.205910388886934, 13.124053289302424 ], [ 80.205919985854763, 13.124243517097369 ], [ 80.206041975641355, 13.124237680031626 ], [ 80.206032392311542, 13.124047451579585 ] ] ] } },
{ "type": "Feature", "properties": { "reconciliation_status": "MATCHED", "match_class": "POSSIBLE", "match_iou": 0.4713, "ms_id": "MS_02551", "osm_id": "way/354455768", "osm_name": null, "osm_levels": null, "osm_height": null, "osm_type": "yes", "ms_confidence": -1.0, "area_m2": 93.92 }, "geometry": { "type": "Polygon", "coordinates": [ [ [ 80.210329207649195, 13.122255997055845 ], [ 80.210342762775582, 13.122166519639677 ], [ 80.21025708145774, 13.122154202768641 ], [ 80.210243520038148, 13.122243679284637 ], [ 80.210329207649195, 13.122255997055845 ] ] ] } },
{ "type": "Feature", "properties": { "reconciliation_status": "MATCHED", "match_class": "POSSIBLE", "match_iou": 0.4704, "ms_id": "MS_01931", "osm_id": "way/368444780", "osm_name": null, "osm_levels": null, "osm_height": null, "osm_type": "yes", "ms_confidence": -1.0, "area_m2": 196.48 }, "geometry": { "type": "Polygon", "coordinates": [ [ [ 80.216840373472067, 13.120699868190087 ], [ 80.216837080081461, 13.120869599696704 ], [ 80.216933605137328, 13.120871376109037 ], [ 80.216936898527933, 13.120701644603685 ], [ 80.216840373472067, 13.120699868190087 ] ] ] } },
{ "type": "Feature", "properties": { "reconciliation_status": "MATCHED", "match_class": "POSSIBLE", "match_iou": 0.4686, "ms_id": "MS_01545", "osm_id": "way/354513069", "osm_name": null, "osm_levels": null, "osm_height": null, "osm_type": "yes", "ms_confidence": -1.0, "area_m2": 153.83 }, "geometry": { "type": "Polygon", "coordinates": [ [ [ 80.208356445637449, 13.123088248259833 ], [ 80.208214343327128, 13.123085536225361 ], [ 80.208212520659274, 13.123175793052141 ], [ 80.208354622774067, 13.12317851476773 ], [ 80.208356445637449, 13.123088248259833 ] ] ] } },
{ "type": "Feature", "properties": { "reconciliation_status": "MATCHED", "match_class": "POSSIBLE", "match_iou": 0.4671, "ms_id": "MS_01446", "osm_id": "way/354308141", "osm_name": null, "osm_levels": null, "osm_height": null, "osm_type": "yes", "ms_confidence": -1.0, "area_m2": 419.85 }, "geometry": { "type": "Polygon", "coordinates": [ [ [ 80.207019215968842, 13.123504053278069 ], [ 80.207017702676353, 13.123352562433013 ], [ 80.206792418440614, 13.123354696859323 ], [ 80.20679382736806, 13.123495740061685 ], [ 80.206826010830326, 13.123495435143809 ], [ 80.20682624565157, 13.123518942336361 ], [ 80.206920114083147, 13.123518052992665 ], [ 80.206919983626904, 13.123504993441458 ], [ 80.207019215968842, 13.123504053278069 ] ] ] } },
{ "type": "Feature", "properties": { "reconciliation_status": "MATCHED", "match_class": "POSSIBLE", "match_iou": 0.4665, "ms_id": "MS_01130", "osm_id": "way/354542551", "osm_name": null, "osm_levels": null, "osm_height": null, "osm_type": "yes", "ms_confidence": -1.0, "area_m2": 200.85 }, "geometry": { "type": "Polygon", "coordinates": [ [ [ 80.210410793761866, 13.122549362513155 ], [ 80.210413112616962, 13.122678947300969 ], [ 80.210526716084075, 13.12267701920922 ], [ 80.210524059362598, 13.122529147259939 ], [ 80.210413148049028, 13.122531037221108 ], [ 80.210413475153246, 13.122549316821448 ], [ 80.210410793761866, 13.122549362513155 ] ] ] } },
{ "type": "Feature", "properties": { "reconciliation_status": "MATCHED", "match_class": "POSSIBLE", "match_iou": 0.4664, "ms_id": "MS_01809", "osm_id": "way/354786595", "osm_name": null, "osm_levels": null, "osm_height": null, "osm_type": "yes", "ms_confidence": -1.0, "area_m2": 113.2 }, "geometry": { "type": "Polygon", "coordinates": [ [ [ 80.207757043301356, 13.12356719647758 ], [ 80.207877537247455, 13.123572042131855 ], [ 80.207880854316727, 13.123493810811325 ], [ 80.207760360370614, 13.123488965155488 ], [ 80.207757043301356, 13.12356719647758 ] ] ] } },
{ "type": "Feature", "properties": { "reconciliation_status": "MATCHED", "match_class": "POSSIBLE", "match_iou": 0.4659, "ms_id": "MS_02949", "osm_id": "way/354308309", "osm_name": null, "osm_levels": null, "osm_height": null, "osm_type": "yes", "ms_confidence": -1.0, "area_m2": 216.6 }, "geometry": { "type": "Polygon", "coordinates": [ [ [ 80.206059542992406, 13.122307450802381 ], [ 80.206140881072599, 13.122304922691143 ], [ 80.206135364337726, 13.122136578659848 ], [ 80.20602282643712, 13.12214008418205 ], [ 80.20602740225246, 13.122279715911333 ], [ 80.206058600263191, 13.122278746229597 ], [ 80.206059542992406, 13.122307450802381 ] ] ] } },
{ "type": "Feature", "properties": { "reconciliation_status": "MATCHED", "match_class": "POSSIBLE", "match_iou": 0.4651, "ms_id": "MS_02685", "osm_id": "way/354513203", "osm_name": null, "osm_levels": null, "osm_height": null, "osm_type": "yes", "ms_confidence": -1.0, "area_m2": 111.62 }, "geometry": { "type": "Polygon", "coordinates": [ [ [ 80.216402074090595, 13.11999676482813 ], [ 80.216305747096257, 13.119992155616771 ], [ 80.216300882879665, 13.12008857405587 ], [ 80.216397209874003, 13.120093183265439 ], [ 80.216402074090595, 13.11999676482813 ] ] ] } },
{ "type": "Feature", "properties": { "reconciliation_status": "MATCHED", "match_class": "POSSIBLE", "match_iou": 0.465, "ms_id": "MS_02291", "osm_id": "way/355061867", "osm_name": null, "osm_levels": null, "osm_height": null, "osm_type": "yes", "ms_confidence": -1.0, "area_m2": 105.74 }, "geometry": { "type": "Polygon", "coordinates": [ [ [ 80.21781083825671, 13.129174429708172 ], [ 80.217741176361301, 13.129172193349419 ], [ 80.217736904256952, 13.129298670494194 ], [ 80.217806566312561, 13.129300902108824 ], [ 80.21781083825671, 13.129174429708172 ] ] ] } },
{ "type": "Feature", "properties": { "reconciliation_status": "MATCHED", "match_class": "POSSIBLE", "match_iou": 0.4647, "ms_id": "MS_00674", "osm_id": "way/354293084", "osm_name": null, "osm_levels": null, "osm_height": null, "osm_type": "yes", "ms_confidence": -1.0, "area_m2": 239.23 }, "geometry": { "type": "Polygon", "coordinates": [ [ [ 80.205175129726697, 13.127747540487817 ], [ 80.205309159291701, 13.127744333956173 ], [ 80.205305405750948, 13.127595533302113 ], [ 80.205171376185945, 13.127598739835705 ], [ 80.205175129726697, 13.127747540487817 ] ] ] } },
{ "type": "Feature", "properties": { "reconciliation_status": "MATCHED", "match_class": "POSSIBLE", "match_iou": 0.4639, "ms_id": "MS_01884", "osm_id": "way/354471500", "osm_name": null, "osm_levels": null, "osm_height": null, "osm_type": "yes", "ms_confidence": -1.0, "area_m2": 319.05 }, "geometry": { "type": "Polygon", "coordinates": [ [ [ 80.213145672313047, 13.12141199698398 ], [ 80.213144354055828, 13.121346717640805 ], [ 80.213241899820005, 13.12134485595854 ], [ 80.213239776549841, 13.12123933728688 ], [ 80.213046731901855, 13.121243034746044 ], [ 80.21305016847505, 13.12141381969515 ], [ 80.213145672313047, 13.12141199698398 ] ] ] } },
{ "type": "Feature", "properties": { "reconciliation_status": "MATCHED", "match_class": "POSSIBLE", "match_iou": 0.4634, "ms_id": "MS_00301", "osm_id": "way/354568667", "osm_name": null, "osm_levels": null, "osm_height": null, "osm_type": "yes", "ms_confidence": -1.0, "area_m2": 108.51 }, "geometry": { "type": "Polygon", "coordinates": [ [ [ 80.217846455573579, 13.122839095479833 ], [ 80.217782286250312, 13.122835574530143 ], [ 80.21777415168377, 13.122976185038382 ], [ 80.217838321007036, 13.122979705986069 ], [ 80.217846455573579, 13.122839095479833 ] ] ] } },
{ "type": "Feature", "properties": { "reconciliation_status": "MATCHED", "match_class": "POSSIBLE", "match_iou": 0.4632, "ms_id": "MS_00224", "osm_id": "way/354511552", "osm_name": null, "osm_levels": null, "osm_height": null, "osm_type": "yes", "ms_confidence": -1.0, "area_m2": 415.39 }, "geometry": { "type": "Polygon", "coordinates": [ [ [ 80.207690882766471, 13.129146045908271 ], [ 80.207691020520073, 13.129163159972734 ], [ 80.207784892067579, 13.129162443371897 ], [ 80.207784156232378, 13.129071025564585 ], [ 80.207748052249499, 13.129071301176907 ], [ 80.207747298099434, 13.128978437097814 ], [ 80.207662716812536, 13.128979088543716 ], [ 80.207662980693897, 13.129011872331446 ], [ 80.207542288704261, 13.129012793675926 ], [ 80.207543370415621, 13.129147182049067 ], [ 80.207690882766471, 13.129146045908271 ] ] ] } },
{ "type": "Feature", "properties": { "reconciliation_status": "MATCHED", "match_class": "POSSIBLE", "match_iou": 0.4627, "ms_id": "MS_00320", "osm_id": "way/354568747", "osm_name": null, "osm_levels": null, "osm_height": null, "osm_type": "yes", "ms_confidence": -1.0, "area_m2": 79.76 }, "geometry": { "type": "Polygon", "coordinates": [ [ [ 80.216997815541319, 13.123260782667657 ], [ 80.216993250686514, 13.123349373004174 ], [ 80.217068163890232, 13.123353034116889 ], [ 80.217072728745052, 13.123264443781665 ], [ 80.216997815541319, 13.123260782667657 ] ] ] } },
{ "type": "Feature", "properties": { "reconciliation_status": "MATCHED", "match_class": "POSSIBLE", "match_iou": 0.4594, "ms_id": "MS_02255", "osm_id": "way/354277646", "osm_name": null, "osm_levels": null, "osm_height": null, "osm_type": "yes", "ms_confidence": -1.0, "area_m2": 167.95 }, "geometry": { "type": "Polygon", "coordinates": [ [ [ 80.215551015196198, 13.128134989567044 ], [ 80.215430577469078, 13.128140456753599 ], [ 80.21543613303318, 13.128256527778632 ], [ 80.215556570368236, 13.128251052403513 ], [ 80.215551015196198, 13.128134989567044 ] ] ] } },
{ "type": "Feature", "properties": { "reconciliation_status": "MATCHED", "match_class": "POSSIBLE", "match_iou": 0.4592, "ms_id": "MS_00883", "osm_id": "way/354293102", "osm_name": null, "osm_levels": null, "osm_height": null, "osm_type": "yes", "ms_confidence": -1.0, "area_m2": 215.14 }, "geometry": { "type": "Polygon", "coordinates": [ [ [ 80.206344081992881, 13.126440829869765 ], [ 80.206484726195441, 13.126446687111567 ], [ 80.206489649280954, 13.126334570683809 ], [ 80.206414684515678, 13.126331448714026 ], [ 80.206416117818989, 13.126298807213601 ], [ 80.206350427801482, 13.126296075975404 ], [ 80.206344081992881, 13.126440829869765 ] ] ] } },
{ "type": "Feature", "properties": { "reconciliation_status": "MATCHED", "match_class": "POSSIBLE", "match_iou": 0.4592, "ms_id": "MS_02956", "osm_id": "way/354471681", "osm_name": null, "osm_levels": null, "osm_height": null, "osm_type": "yes", "ms_confidence": -1.0, "area_m2": 82.39 }, "geometry": { "type": "Polygon", "coordinates": [ [ [ 80.211319335780672, 13.119860570912678 ], [ 80.211322172878596, 13.119765671024268 ], [ 80.211249814426239, 13.119763624206044 ], [ 80.211246977475611, 13.119858519167309 ], [ 80.211319335780672, 13.119860570912678 ] ] ] } },
{ "type": "Feature", "properties": { "reconciliation_status": "MATCHED", "match_class": "POSSIBLE", "match_iou": 0.459, "ms_id": "MS_01061", "osm_id": "way/368444737", "osm_name": null, "osm_levels": null, "osm_height": null, "osm_type": "yes", "ms_confidence": -1.0, "area_m2": 144.67 }, "geometry": { "type": "Polygon", "coordinates": [ [ [ 80.21537829955885, 13.121937065496297 ], [ 80.215386574677439, 13.121796470002266 ], [ 80.215301025077352, 13.121791694267401 ], [ 80.215292749958763, 13.121932289764146 ], [ 80.21537829955885, 13.121937065496297 ] ] ] } },
{ "type": "Feature", "properties": { "reconciliation_status": "MATCHED", "match_class": "POSSIBLE", "match_iou": 0.459, "ms_id": "MS_02217", "osm_id": "way/354455796", "osm_name": null, "osm_levels": null, "osm_height": null, "osm_type": "yes", "ms_confidence": -1.0, "area_m2": 206.89 }, "geometry": { "type": "Polygon", "coordinates": [ [ [ 80.210705768466639, 13.121073029976827 ], [ 80.21070353084356, 13.120958135215417 ], [ 80.210553381154426, 13.120960908749609 ], [ 80.210555618777519, 13.121075803509754 ], [ 80.210705768466639, 13.121073029976827 ] ] ] } },
{ "type": "Feature", "properties": { "reconciliation_status": "MATCHED", "match_class": "POSSIBLE", "match_iou": 0.4586, "ms_id": "MS_00807", "osm_id": "way/354443223", "osm_name": null, "osm_levels": null, "osm_height": null, "osm_type": "yes", "ms_confidence": -1.0, "area_m2": 413.98 }, "geometry": { "type": "Polygon", "coordinates": [ [ [ 80.214756803434597, 13.119709711231963 ], [ 80.21475338356565, 13.119551612641743 ], [ 80.214535069140155, 13.119556091746404 ], [ 80.214538500688562, 13.119714204974059 ], [ 80.214756803434597, 13.119709711231963 ] ] ] } },
{ "type": "Feature", "properties": { "reconciliation_status": "MATCHED", "match_class": "POSSIBLE", "match_iou": 0.458, "ms_id": "MS_00606", "osm_id": "way/368444726", "osm_name": null, "osm_levels": null, "osm_height": null, "osm_type": "yes", "ms_confidence": -1.0, "area_m2": 98.45 }, "geometry": { "type": "Polygon", "coordinates": [ [ [ 80.214569342471762, 13.121074362025539 ], [ 80.21463098472519, 13.121072677170773 ], [ 80.214627148591092, 13.120939560635847 ], [ 80.214565506337678, 13.120941245491551 ], [ 80.214569342471762, 13.121074362025539 ] ] ] } },
{ "type": "Feature", "properties": { "reconciliation_status": "MATCHED", "match_class": "POSSIBLE", "match_iou": 0.4578, "ms_id": "MS_00565", "osm_id": "way/354512915", "osm_name": null, "osm_levels": null, "osm_height": null, "osm_type": "yes", "ms_confidence": -1.0, "area_m2": 206.17 }, "geometry": { "type": "Polygon", "coordinates": [ [ [ 80.215290182864976, 13.122106672940802 ], [ 80.215394685816875, 13.122103474688856 ], [ 80.215389380890016, 13.121939070126857 ], [ 80.215284877938132, 13.12194226838092 ], [ 80.215290182864976, 13.122106672940802 ] ] ] } },
{ "type": "Feature", "properties": { "reconciliation_status": "MATCHED", "match_class": "POSSIBLE", "match_iou": 0.4577, "ms_id": "MS_00495", "osm_id": "way/354443144", "osm_name": null, "osm_levels": null, "osm_height": null, "osm_type": "yes", "ms_confidence": -1.0, "area_m2": 314.42 }, "geometry": { "type": "Polygon", "coordinates": [ [ [ 80.209643013809838, 13.120774053095815 ], [ 80.209645409483102, 13.120860192041761 ], [ 80.209757979676468, 13.120857222603135 ], [ 80.209752680156853, 13.120666672770838 ], [ 80.209594545837575, 13.120670844128327 ], [ 80.209597449683969, 13.120775255011864 ], [ 80.209643013809838, 13.120774053095815 ] ] ] } },
{ "type": "Feature", "properties": { "reconciliation_status": "MATCHED", "match_class": "POSSIBLE", "match_iou": 0.4566, "ms_id": "MS_02860", "osm_id": "way/354513381", "osm_name": null, "osm_levels": null, "osm_height": null, "osm_type": "yes", "ms_confidence": -1.0, "area_m2": 259.87 }, "geometry": { "type": "Polygon", "coordinates": [ [ [ 80.208338587731646, 13.123390636775923 ], [ 80.208400681329152, 13.123399190369895 ], [ 80.208404774760311, 13.123371020506738 ], [ 80.208353197568911, 13.123363915580939 ], [ 80.208360636562446, 13.123312697141088 ], [ 80.208181823918039, 13.123288065111268 ], [ 80.208165458132271, 13.123400745676165 ], [ 80.20833375238584, 13.123423928752487 ], [ 80.208338587731646, 13.123390636775923 ] ] ] } },
{ "type": "Feature", "properties": { "reconciliation_status": "MATCHED", "match_class": "POSSIBLE", "match_iou": 0.4565, "ms_id": "MS_00648", "osm_id": "way/354308176", "osm_name": null, "osm_levels": null, "osm_height": null, "osm_type": "yes", "ms_confidence": -1.0, "area_m2": 206.78 }, "geometry": { "type": "Polygon", "coordinates": [ [ [ 80.206013241240925, 13.121893553917431 ], [ 80.206008745900988, 13.122039704204155 ], [ 80.206126657047079, 13.122043152067462 ], [ 80.206131152387016, 13.121897001782798 ], [ 80.206013241240925, 13.121893553917431 ] ] ] } },
{ "type": "Feature", "properties": { "reconciliation_status": "MATCHED", "match_class": "POSSIBLE", "match_iou": 0.4563, "ms_id": "MS_02015", "osm_id": "way/368452176", "osm_name": null, "osm_levels": null, "osm_height": null, "osm_type": "yes", "ms_confidence": -1.0, "area_m2": 99.28 }, "geometry": { "type": "Polygon", "coordinates": [ [ [ 80.210355718037718, 13.126082849963751 ], [ 80.210350770566251, 13.126017904156399 ], [ 80.210223948492001, 13.126027067027337 ], [ 80.210228900605358, 13.126092012496869 ], [ 80.210355718037718, 13.126082849963751 ] ] ] } },
{ "type": "Feature", "properties": { "reconciliation_status": "MATCHED", "match_class": "POSSIBLE", "match_iou": 0.4559, "ms_id": "MS_00481", "osm_id": "way/363911343", "osm_name": null, "osm_levels": null, "osm_height": null, "osm_type": "yes", "ms_confidence": -1.0, "area_m2": 111.62 }, "geometry": { "type": "Polygon", "coordinates": [ [ [ 80.21741682378763, 13.128285423847927 ], [ 80.217421482727815, 13.128379240242651 ], [ 80.217520492885683, 13.128374577037818 ], [ 80.217515833945498, 13.128280760641317 ], [ 80.21741682378763, 13.128285423847927 ] ] ] } },
{ "type": "Feature", "properties": { "reconciliation_status": "MATCHED", "match_class": "POSSIBLE", "match_iou": 0.4558, "ms_id": "MS_01779", "osm_id": "way/363737285", "osm_name": null, "osm_levels": null, "osm_height": null, "osm_type": "yes", "ms_confidence": -1.0, "area_m2": 68.66 }, "geometry": { "type": "Polygon", "coordinates": [ [ [ 80.209055535887813, 13.129724325216102 ], [ 80.208972522086697, 13.129727578653458 ], [ 80.208975373614749, 13.129796463276648 ], [ 80.209058387182012, 13.129793204191245 ], [ 80.209055535887813, 13.129724325216102 ] ] ] } },
{ "type": "Feature", "properties": { "reconciliation_status": "MATCHED", "match_class": "POSSIBLE", "match_iou": 0.4545, "ms_id": "MS_02805", "osm_id": "way/354471525", "osm_name": null, "osm_levels": null, "osm_height": null, "osm_type": "yes", "ms_confidence": -1.0, "area_m2": 201.29 }, "geometry": { "type": "Polygon", "coordinates": [ [ [ 80.211837110763852, 13.121545289483109 ], [ 80.211944236322111, 13.12154122236241 ], [ 80.211937972086105, 13.121384729437551 ], [ 80.211830846527832, 13.121388796560808 ], [ 80.211837110763852, 13.121545289483109 ] ] ] } },
{ "type": "Feature", "properties": { "reconciliation_status": "MATCHED", "match_class": "POSSIBLE", "match_iou": 0.4541, "ms_id": "MS_00996", "osm_id": "way/354471354", "osm_name": null, "osm_levels": null, "osm_height": null, "osm_type": "yes", "ms_confidence": -1.0, "area_m2": 358.21 }, "geometry": { "type": "Polygon", "coordinates": [ [ [ 80.206148229138634, 13.120872903084276 ], [ 80.206411084133677, 13.120873512249517 ], [ 80.206411361897167, 13.120759833525867 ], [ 80.206148506858355, 13.120759242276904 ], [ 80.206148229138634, 13.120872903084276 ] ] ] } },
{ "type": "Feature", "properties": { "reconciliation_status": "MATCHED", "match_class": "POSSIBLE", "match_iou": 0.4541, "ms_id": "MS_01973", "osm_id": "way/354277807", "osm_name": null, "osm_levels": null, "osm_height": null, "osm_type": "yes", "ms_confidence": -1.0, "area_m2": 360.28 }, "geometry": { "type": "Polygon", "coordinates": [ [ [ 80.215323438039434, 13.127433536257698 ], [ 80.215227560458203, 13.127441410929563 ], [ 80.215254513725625, 13.127752650870391 ], [ 80.215350391306814, 13.127744776208488 ], [ 80.215323438039434, 13.127433536257698 ] ] ] } },
{ "type": "Feature", "properties": { "reconciliation_status": "MATCHED", "match_class": "POSSIBLE", "match_iou": 0.453, "ms_id": "MS_02303", "osm_id": "way/354568566", "osm_name": null, "osm_levels": null, "osm_height": null, "osm_type": "yes", "ms_confidence": -1.0, "area_m2": 90.04 }, "geometry": { "type": "Polygon", "coordinates": [ [ [ 80.216212876183889, 13.120965585673019 ], [ 80.216149670410203, 13.120968226603765 ], [ 80.216154886644887, 13.121086827579617 ], [ 80.216218101115658, 13.121084190595582 ], [ 80.216212876183889, 13.120965585673019 ] ] ] } },
{ "type": "Feature", "properties": { "reconciliation_status": "MATCHED", "match_class": "POSSIBLE", "match_iou": 0.4524, "ms_id": "MS_01837", "osm_id": "way/354471677", "osm_name": null, "osm_levels": null, "osm_height": null, "osm_type": "yes", "ms_confidence": -1.0, "area_m2": 506.13 }, "geometry": { "type": "Polygon", "coordinates": [ [ [ 80.205370974915567, 13.119800207553467 ], [ 80.205344187223346, 13.119799272692319 ], [ 80.205345387979321, 13.119766638748558 ], [ 80.205300984919731, 13.11976508610357 ], [ 80.205297184877807, 13.119868161668208 ], [ 80.205348081365557, 13.119869937899438 ], [ 80.20534553348341, 13.119939048793412 ], [ 80.205494420766712, 13.119944254942098 ], [ 80.205500419763766, 13.119781215264354 ], [ 80.205493518221715, 13.119780974408087 ], [ 80.205497557738596, 13.119671403080972 ], [ 80.205375870493782, 13.11966715632704 ], [ 80.205370974915567, 13.119800207553467 ] ] ] } },
{ "type": "Feature", "properties": { "reconciliation_status": "MATCHED", "match_class": "POSSIBLE", "match_iou": 0.452, "ms_id": "MS_01191", "osm_id": "way/354513301", "osm_name": null, "osm_levels": null, "osm_height": null, "osm_type": "yes", "ms_confidence": -1.0, "area_m2": 143.49 }, "geometry": { "type": "Polygon", "coordinates": [ [ [ 80.21516015724012, 13.119131591886116 ], [ 80.215162567399503, 13.119031179959634 ], [ 80.215043424812634, 13.119028475662134 ], [ 80.215041022059594, 13.119128879637344 ], [ 80.21516015724012, 13.119131591886116 ] ] ] } },
{ "type": "Feature", "properties": { "reconciliation_status": "MATCHED", "match_class": "POSSIBLE", "match_iou": 0.4517, "ms_id": "MS_01178", "osm_id": "way/354277834", "osm_name": null, "osm_levels": null, "osm_height": null, "osm_type": "yes", "ms_confidence": -1.0, "area_m2": 144.96 }, "geometry": { "type": "Polygon", "coordinates": [ [ [ 80.207056370146745, 13.126971746994954 ], [ 80.206959933490438, 13.126968394705614 ], [ 80.206955343839937, 13.127093616923247 ], [ 80.207051780496244, 13.127096969210882 ], [ 80.207056370146745, 13.126971746994954 ] ] ] } },
{ "type": "Feature", "properties": { "reconciliation_status": "MATCHED", "match_class": "POSSIBLE", "match_iou": 0.4511, "ms_id": "MS_01375", "osm_id": "way/354495796", "osm_name": null, "osm_levels": null, "osm_height": null, "osm_type": "yes", "ms_confidence": -1.0, "area_m2": 162.56 }, "geometry": { "type": "Polygon", "coordinates": [ [ [ 80.208136022319962, 13.124882431698168 ], [ 80.208165204439013, 13.124733745380638 ], [ 80.208077222511619, 13.124717373850871 ], [ 80.208048040392583, 13.124866060178292 ], [ 80.208136022319962, 13.124882431698168 ] ] ] } },
{ "type": "Feature", "properties": { "reconciliation_status": "MATCHED", "match_class": "POSSIBLE", "match_iou": 0.4509, "ms_id": "MS_00779", "osm_id": "way/354471158", "osm_name": null, "osm_levels": null, "osm_height": null, "osm_type": "yes", "ms_confidence": -1.0, "area_m2": 244.43 }, "geometry": { "type": "Polygon", "coordinates": [ [ [ 80.212327485435083, 13.121819361843478 ], [ 80.212517860201672, 13.121822709704077 ], [ 80.212519845305195, 13.121715645399277 ], [ 80.212329470538563, 13.121712297537258 ], [ 80.212327485435083, 13.121819361843478 ] ] ] } },
{ "type": "Feature", "properties": { "reconciliation_status": "MATCHED", "match_class": "POSSIBLE", "match_iou": 0.4506, "ms_id": "MS_02755", "osm_id": "way/384128358", "osm_name": null, "osm_levels": "2", "osm_height": null, "osm_type": "house", "ms_confidence": -1.0, "area_m2": 142.76 }, "geometry": { "type": "Polygon", "coordinates": [ [ [ 80.211681740828766, 13.119553953314394 ], [ 80.2115905701759, 13.119555407477776 ], [ 80.211592765964738, 13.119685982394401 ], [ 80.211683936617561, 13.119684528231801 ], [ 80.211681740828766, 13.119553953314394 ] ] ] } },
{ "type": "Feature", "properties": { "reconciliation_status": "MATCHED", "match_class": "POSSIBLE", "match_iou": 0.4503, "ms_id": "MS_01632", "osm_id": "way/354308347", "osm_name": null, "osm_levels": null, "osm_height": null, "osm_type": "yes", "ms_confidence": -1.0, "area_m2": 148.41 }, "geometry": { "type": "Polygon", "coordinates": [ [ [ 80.207133817401399, 13.126829132079877 ], [ 80.207131535818306, 13.126928342782648 ], [ 80.207256245979067, 13.126931071359053 ], [ 80.207258534688492, 13.126831860813283 ], [ 80.207133817401399, 13.126829132079877 ] ] ] } },
{ "type": "Feature", "properties": { "reconciliation_status": "MATCHED", "match_class": "POSSIBLE", "match_iou": 0.4499, "ms_id": "MS_00331", "osm_id": "way/354471600", "osm_name": null, "osm_levels": null, "osm_height": null, "osm_type": "yes", "ms_confidence": -1.0, "area_m2": 246.75 }, "geometry": { "type": "Polygon", "coordinates": [ [ [ 80.211854452140386, 13.123388277095657 ], [ 80.211981542112127, 13.123402405747981 ], [ 80.212000281019073, 13.123242535076201 ], [ 80.211873191047331, 13.123228406414697 ], [ 80.211854452140386, 13.123388277095657 ] ] ] } },
{ "type": "Feature", "properties": { "reconciliation_status": "MATCHED", "match_class": "POSSIBLE", "match_iou": 0.4483, "ms_id": "MS_00812", "osm_id": "way/354308386", "osm_name": null, "osm_levels": null, "osm_height": null, "osm_type": "yes", "ms_confidence": -1.0, "area_m2": 149.65 }, "geometry": { "type": "Polygon", "coordinates": [ [ [ 80.205589078774935, 13.122733413957945 ], [ 80.205492549277821, 13.12273507200652 ], [ 80.205494890465104, 13.122864347155485 ], [ 80.205591419843074, 13.122862682530283 ], [ 80.205589078774935, 13.122733413957945 ] ] ] } },
{ "type": "Feature", "properties": { "reconciliation_status": "MATCHED", "match_class": "POSSIBLE", "match_iou": 0.4471, "ms_id": "MS_01366", "osm_id": "way/354542555", "osm_name": null, "osm_levels": null, "osm_height": null, "osm_type": "yes", "ms_confidence": -1.0, "area_m2": 166.59 }, "geometry": { "type": "Polygon", "coordinates": [ [ [ 80.20981520436834, 13.123045799796088 ], [ 80.209952987024465, 13.123076171604609 ], [ 80.209975279369829, 13.122980225116137 ], [ 80.209837494638009, 13.12294986222976 ], [ 80.20981520436834, 13.123045799796088 ] ] ] } },
{ "type": "Feature", "properties": { "reconciliation_status": "MATCHED", "match_class": "POSSIBLE", "match_iou": 0.4469, "ms_id": "MS_02198", "osm_id": "way/354542836", "osm_name": null, "osm_levels": null, "osm_height": null, "osm_type": "yes", "ms_confidence": -1.0, "area_m2": 110.18 }, "geometry": { "type": "Polygon", "coordinates": [ [ [ 80.211708468819552, 13.119408932945859 ], [ 80.211794283194436, 13.119410085254472 ], [ 80.211795799157784, 13.119303005345458 ], [ 80.2117099847829, 13.119301853036347 ], [ 80.211708468819552, 13.119408932945859 ] ] ] } },
{ "type": "Feature", "properties": { "reconciliation_status": "MATCHED", "match_class": "POSSIBLE", "match_iou": 0.4467, "ms_id": "MS_02697", "osm_id": "way/354443254", "osm_name": null, "osm_levels": null, "osm_height": null, "osm_type": "yes", "ms_confidence": -1.0, "area_m2": 376.03 }, "geometry": { "type": "Polygon", "coordinates": [ [ [ 80.212037027164797, 13.119938871281235 ], [ 80.211848216840707, 13.119935344992186 ], [ 80.211844444975398, 13.120127600083691 ], [ 80.211976935983373, 13.120130065500319 ], [ 80.211978664776993, 13.120042269078851 ], [ 80.212034970459626, 13.120043320663441 ], [ 80.212037027164797, 13.119938871281235 ] ] ] } },
{ "type": "Feature", "properties": { "reconciliation_status": "MATCHED", "match_class": "POSSIBLE", "match_iou": 0.4452, "ms_id": "MS_01151", "osm_id": "way/354736405", "osm_name": null, "osm_levels": null, "osm_height": null, "osm_type": "yes", "ms_confidence": -1.0, "area_m2": 43.67 }, "geometry": { "type": "Polygon", "coordinates": [ [ [ 80.209599317697268, 13.125655221404173 ], [ 80.209683298968699, 13.125674219985896 ], [ 80.209693114866113, 13.125633067398539 ], [ 80.209609132299207, 13.125614074244865 ], [ 80.209599317697268, 13.125655221404173 ] ] ] } },
{ "type": "Feature", "properties": { "reconciliation_status": "MATCHED", "match_class": "POSSIBLE", "match_iou": 0.445, "ms_id": "MS_00335", "osm_id": "way/355061873", "osm_name": null, "osm_levels": null, "osm_height": null, "osm_type": "yes", "ms_confidence": -1.0, "area_m2": 131.17 }, "geometry": { "type": "Polygon", "coordinates": [ [ [ 80.216567939322104, 13.129655636749618 ], [ 80.21657061597449, 13.129655755517049 ], [ 80.216566103619627, 13.129752202685737 ], [ 80.216651756496105, 13.129756003242264 ], [ 80.216656512762043, 13.129654342713607 ], [ 80.216624392933369, 13.129652917504316 ], [ 80.216626222266413, 13.129613817289567 ], [ 80.216570012566194, 13.129611323172909 ], [ 80.216567939322104, 13.129655636749618 ] ] ] } },
{ "type": "Feature", "properties": { "reconciliation_status": "MATCHED", "match_class": "POSSIBLE", "match_iou": 0.4448, "ms_id": "MS_00057", "osm_id": "way/354443285", "osm_name": null, "osm_levels": null, "osm_height": null, "osm_type": "yes", "ms_confidence": -1.0, "area_m2": 205.91 }, "geometry": { "type": "Polygon", "coordinates": [ [ [ 80.212924943113407, 13.119704834442032 ], [ 80.213044493147237, 13.119705771549832 ], [ 80.213045670104847, 13.11956210985015 ], [ 80.212926130394564, 13.119561172822714 ], [ 80.212924943113407, 13.119704834442032 ] ] ] } },
{ "type": "Feature", "properties": { "reconciliation_status": "MATCHED", "match_class": "POSSIBLE", "match_iou": 0.4435, "ms_id": "MS_02026", "osm_id": "way/354736291", "osm_name": null, "osm_levels": null, "osm_height": null, "osm_type": "yes", "ms_confidence": -1.0, "area_m2": 98.53 }, "geometry": { "type": "Polygon", "coordinates": [ [ [ 80.209029065063405, 13.120843060450056 ], [ 80.208962124368853, 13.120845757057324 ], [ 80.208967329888623, 13.12096832006111 ], [ 80.209034270583217, 13.120965623455206 ], [ 80.209029065063405, 13.120843060450056 ] ] ] } },
{ "type": "Feature", "properties": { "reconciliation_status": "MATCHED", "match_class": "POSSIBLE", "match_iou": 0.4432, "ms_id": "MS_01566", "osm_id": "way/354308483", "osm_name": null, "osm_levels": null, "osm_height": null, "osm_type": "yes", "ms_confidence": -1.0, "area_m2": 218.39 }, "geometry": { "type": "Polygon", "coordinates": [ [ [ 80.207504939205634, 13.127540421868062 ], [ 80.207334846315149, 13.12753445121875 ], [ 80.207330887653356, 13.1276414089388 ], [ 80.207500988220616, 13.127647379854992 ], [ 80.207504939205634, 13.127540421868062 ] ] ] } },
{ "type": "Feature", "properties": { "reconciliation_status": "MATCHED", "match_class": "POSSIBLE", "match_iou": 0.4429, "ms_id": "MS_01710", "osm_id": "way/354455761", "osm_name": null, "osm_levels": null, "osm_height": null, "osm_type": "yes", "ms_confidence": -1.0, "area_m2": 163.14 }, "geometry": { "type": "Polygon", "coordinates": [ [ [ 80.21047536429586, 13.122179127839885 ], [ 80.210620068837812, 13.122183428214541 ], [ 80.210623012621866, 13.122089477505028 ], [ 80.210478308079956, 13.122085177128753 ], [ 80.21047536429586, 13.122179127839885 ] ] ] } },
{ "type": "Feature", "properties": { "reconciliation_status": "MATCHED", "match_class": "POSSIBLE", "match_iou": 0.4419, "ms_id": "MS_00749", "osm_id": "way/368444714", "osm_name": null, "osm_levels": null, "osm_height": null, "osm_type": "yes", "ms_confidence": -1.0, "area_m2": 142.37 }, "geometry": { "type": "Polygon", "coordinates": [ [ [ 80.217339538791265, 13.121690179180703 ], [ 80.217379746117004, 13.12169117127344 ], [ 80.217380289418699, 13.121670287263939 ], [ 80.217439260163104, 13.121671742333405 ], [ 80.217440822155396, 13.121611700796578 ], [ 80.217419378248351, 13.1216111716803 ], [ 80.217421076066074, 13.121545909123512 ], [ 80.217343341903003, 13.121543991076436 ], [ 80.217339538791265, 13.121690179180703 ] ] ] } },
{ "type": "Feature", "properties": { "reconciliation_status": "MATCHED", "match_class": "POSSIBLE", "match_iou": 0.4413, "ms_id": "MS_02465", "osm_id": "way/354455341", "osm_name": null, "osm_levels": null, "osm_height": null, "osm_type": "yes", "ms_confidence": -1.0, "area_m2": 143.71 }, "geometry": { "type": "Polygon", "coordinates": [ [ [ 80.207206485979754, 13.119505852434585 ], [ 80.207208003218156, 13.119659958018318 ], [ 80.207285780128871, 13.119659231722821 ], [ 80.207284262890454, 13.119505126138648 ], [ 80.207206485979754, 13.119505852434585 ] ] ] } },
{ "type": "Feature", "properties": { "reconciliation_status": "MATCHED", "match_class": "POSSIBLE", "match_iou": 0.4411, "ms_id": "MS_01085", "osm_id": "way/354471550", "osm_name": null, "osm_levels": null, "osm_height": null, "osm_type": "yes", "ms_confidence": -1.0, "area_m2": 167.18 }, "geometry": { "type": "Polygon", "coordinates": [ [ [ 80.210920075168431, 13.119562447998788 ], [ 80.210826419130342, 13.119558017654001 ], [ 80.21081899994951, 13.119706562017768 ], [ 80.210912655987599, 13.119710992359828 ], [ 80.210920075168431, 13.119562447998788 ] ] ] } },
{ "type": "Feature", "properties": { "reconciliation_status": "MATCHED", "match_class": "POSSIBLE", "match_iou": 0.441, "ms_id": "MS_00609", "osm_id": "way/354513387", "osm_name": null, "osm_levels": null, "osm_height": null, "osm_type": "yes", "ms_confidence": -1.0, "area_m2": 186.73 }, "geometry": { "type": "Polygon", "coordinates": [ [ [ 80.216274152431055, 13.118753416284022 ], [ 80.216294093003086, 13.118596473240927 ], [ 80.21619634707325, 13.11858470045587 ], [ 80.216176406501219, 13.118741643506482 ], [ 80.216274152431055, 13.118753416284022 ] ] ] } },
{ "type": "Feature", "properties": { "reconciliation_status": "MATCHED", "match_class": "POSSIBLE", "match_iou": 0.4409, "ms_id": "MS_01343", "osm_id": "way/354443339", "osm_name": null, "osm_levels": null, "osm_height": null, "osm_type": "yes", "ms_confidence": -1.0, "area_m2": 96.34 }, "geometry": { "type": "Polygon", "coordinates": [ [ [ 80.21371669394442, 13.119157441380338 ], [ 80.213641658481862, 13.119155267685969 ], [ 80.213638390272436, 13.119262273339217 ], [ 80.213713425734994, 13.119264447032634 ], [ 80.21371669394442, 13.119157441380338 ] ] ] } },
{ "type": "Feature", "properties": { "reconciliation_status": "MATCHED", "match_class": "POSSIBLE", "match_iou": 0.4402, "ms_id": "MS_02576", "osm_id": "way/354513379", "osm_name": null, "osm_levels": null, "osm_height": null, "osm_type": "yes", "ms_confidence": -1.0, "area_m2": 136.06 }, "geometry": { "type": "Polygon", "coordinates": [ [ [ 80.216863127159073, 13.121277772174352 ], [ 80.216943587563293, 13.121277103089369 ], [ 80.21694235092383, 13.121136055548561 ], [ 80.21686189051961, 13.121136724633928 ], [ 80.216863127159073, 13.121277772174352 ] ] ] } },
{ "type": "Feature", "properties": { "reconciliation_status": "MATCHED", "match_class": "POSSIBLE", "match_iou": 0.44, "ms_id": "MS_00329", "osm_id": "way/354443251", "osm_name": null, "osm_levels": null, "osm_height": null, "osm_type": "yes", "ms_confidence": -1.0, "area_m2": 135.69 }, "geometry": { "type": "Polygon", "coordinates": [ [ [ 80.211407011557156, 13.121520983676305 ], [ 80.211318586761351, 13.121518265426204 ], [ 80.211314442364809, 13.121646134743187 ], [ 80.211402867160572, 13.121648852991896 ], [ 80.211407011557156, 13.121520983676305 ] ] ] } },
{ "type": "Feature", "properties": { "reconciliation_status": "MATCHED", "match_class": "POSSIBLE", "match_iou": 0.4393, "ms_id": "MS_01012", "osm_id": "way/354513190", "osm_name": null, "osm_levels": null, "osm_height": null, "osm_type": "yes", "ms_confidence": -1.0, "area_m2": 238.39 }, "geometry": { "type": "Polygon", "coordinates": [ [ [ 80.207053190958391, 13.123720574543697 ], [ 80.206939577807347, 13.123717298845392 ], [ 80.206934249608096, 13.123892159561976 ], [ 80.207047875314672, 13.123895435619929 ], [ 80.207053190958391, 13.123720574543697 ] ] ] } },
{ "type": "Feature", "properties": { "reconciliation_status": "MATCHED", "match_class": "POSSIBLE", "match_iou": 0.439, "ms_id": "MS_02501", "osm_id": "way/354471539", "osm_name": null, "osm_levels": null, "osm_height": null, "osm_type": "yes", "ms_confidence": -1.0, "area_m2": 203.06 }, "geometry": { "type": "Polygon", "coordinates": [ [ [ 80.208315819180569, 13.120381957568497 ], [ 80.208311074666028, 13.12023843579982 ], [ 80.208193179668498, 13.120242132330191 ], [ 80.20819792418304, 13.120385654096722 ], [ 80.208315819180569, 13.120381957568497 ] ] ] } },
{ "type": "Feature", "properties": { "reconciliation_status": "MATCHED", "match_class": "POSSIBLE", "match_iou": 0.4386, "ms_id": "MS_00105", "osm_id": "way/363737736", "osm_name": null, "osm_levels": null, "osm_height": null, "osm_type": "yes", "ms_confidence": -1.0, "area_m2": 38.83 }, "geometry": { "type": "Polygon", "coordinates": [ [ [ 80.206577946126657, 13.129811843194261 ], [ 80.206595995783317, 13.12985566654018 ], [ 80.206659668849326, 13.129830790225526 ], [ 80.206641618019745, 13.129786971673255 ], [ 80.206577946126657, 13.129811843194261 ] ] ] } },
{ "type": "Feature", "properties": { "reconciliation_status": "MATCHED", "match_class": "POSSIBLE", "match_iou": 0.438, "ms_id": "MS_00219", "osm_id": "way/368444758", "osm_name": null, "osm_levels": null, "osm_height": null, "osm_type": "yes", "ms_confidence": -1.0, "area_m2": 115.33 }, "geometry": { "type": "Polygon", "coordinates": [ [ [ 80.216760030062943, 13.121545255815022 ], [ 80.216765597530937, 13.121688720658682 ], [ 80.216832557112426, 13.121686256066866 ], [ 80.216826989644417, 13.121542791221756 ], [ 80.216760030062943, 13.121545255815022 ] ] ] } },
{ "type": "Feature", "properties": { "reconciliation_status": "MATCHED", "match_class": "POSSIBLE", "match_iou": 0.4372, "ms_id": "MS_01456", "osm_id": "way/354471496", "osm_name": null, "osm_levels": null, "osm_height": null, "osm_type": "yes", "ms_confidence": -1.0, "area_m2": 226.97 }, "geometry": { "type": "Polygon", "coordinates": [ [ [ 80.214108493043952, 13.118292826884087 ], [ 80.213998680492736, 13.118288769970277 ], [ 80.213991974857805, 13.118460928230931 ], [ 80.214101787409021, 13.118464985141912 ], [ 80.214108493043952, 13.118292826884087 ] ] ] } },
{ "type": "Feature", "properties": { "reconciliation_status": "MATCHED", "match_class": "POSSIBLE", "match_iou": 0.4365, "ms_id": "MS_02598", "osm_id": "way/354471679", "osm_name": null, "osm_levels": null, "osm_height": null, "osm_type": "yes", "ms_confidence": -1.0, "area_m2": 103.71 }, "geometry": { "type": "Polygon", "coordinates": [ [ [ 80.209168204110682, 13.119276539757678 ], [ 80.209166022182202, 13.119387754771125 ], [ 80.209243777753031, 13.119389206965181 ], [ 80.20924595978542, 13.119277986654325 ], [ 80.209168204110682, 13.119276539757678 ] ] ] } },
{ "type": "Feature", "properties": { "reconciliation_status": "MATCHED", "match_class": "POSSIBLE", "match_iou": 0.4364, "ms_id": "MS_00455", "osm_id": "way/368446455", "osm_name": null, "osm_levels": null, "osm_height": null, "osm_type": "yes", "ms_confidence": -1.0, "area_m2": 86.63 }, "geometry": { "type": "Polygon", "coordinates": [ [ [ 80.21709143152593, 13.122405354387681 ], [ 80.217027099804739, 13.122406941731427 ], [ 80.217030020051268, 13.122519192925125 ], [ 80.217094351772417, 13.122517605582104 ], [ 80.21709143152593, 13.122405354387681 ] ] ] } },
{ "type": "Feature", "properties": { "reconciliation_status": "MATCHED", "match_class": "POSSIBLE", "match_iou": 0.4357, "ms_id": "MS_02814", "osm_id": "way/354308319", "osm_name": null, "osm_levels": null, "osm_height": null, "osm_type": "yes", "ms_confidence": -1.0, "area_m2": 313.34 }, "geometry": { "type": "Polygon", "coordinates": [ [ [ 80.207262789927327, 13.123530675374909 ], [ 80.207259524963547, 13.123682113462294 ], [ 80.207366765888452, 13.123684313661627 ], [ 80.207494397697175, 13.123686932208813 ], [ 80.20749617948249, 13.123604562635805 ], [ 80.207359447303276, 13.123601766700503 ], [ 80.207360941561632, 13.123532689095839 ], [ 80.207262789927327, 13.123530675374909 ] ] ] } },
{ "type": "Feature", "properties": { "reconciliation_status": "MATCHED", "match_class": "POSSIBLE", "match_iou": 0.4353, "ms_id": "MS_02853", "osm_id": "way/354513080", "osm_name": null, "osm_levels": null, "osm_height": null, "osm_type": "yes", "ms_confidence": -1.0, "area_m2": 322.39 }, "geometry": { "type": "Polygon", "coordinates": [ [ [ 80.216678804522559, 13.121147303337764 ], [ 80.216589338052444, 13.121149980435888 ], [ 80.21658843238535, 13.121121273526541 ], [ 80.216493002646601, 13.121124129063347 ], [ 80.216498013552652, 13.121283322222155 ], [ 80.21668291182263, 13.121277789528818 ], [ 80.216678804522559, 13.121147303337764 ] ] ] } },
{ "type": "Feature", "properties": { "reconciliation_status": "MATCHED", "match_class": "POSSIBLE", "match_iou": 0.4351, "ms_id": "MS_00505", "osm_id": "way/368444723", "osm_name": null, "osm_levels": null, "osm_height": null, "osm_type": "yes", "ms_confidence": -1.0, "area_m2": 257.45 }, "geometry": { "type": "Polygon", "coordinates": [ [ [ 80.21358613891752, 13.120741093339049 ], [ 80.213473522009679, 13.120739135919294 ], [ 80.213470411465295, 13.120908873944117 ], [ 80.213518675854345, 13.120909712837715 ], [ 80.213518005890933, 13.120946271781449 ], [ 80.213582358409681, 13.120947390306085 ], [ 80.21358613891752, 13.120741093339049 ] ] ] } },
{ "type": "Feature", "properties": { "reconciliation_status": "MATCHED", "match_class": "POSSIBLE", "match_iou": 0.4339, "ms_id": "MS_01347", "osm_id": "way/368444731", "osm_name": null, "osm_levels": null, "osm_height": null, "osm_type": "yes", "ms_confidence": -1.0, "area_m2": 109.56 }, "geometry": { "type": "Polygon", "coordinates": [ [ [ 80.217551383099277, 13.120571860623144 ], [ 80.217473641774333, 13.120570085464252 ], [ 80.217470813380899, 13.120687569343474 ], [ 80.217548554705843, 13.120689344501528 ], [ 80.217551383099277, 13.120571860623144 ] ] ] } },
{ "type": "Feature", "properties": { "reconciliation_status": "MATCHED", "match_class": "POSSIBLE", "match_iou": 0.4336, "ms_id": "MS_02882", "osm_id": "way/354443171", "osm_name": null, "osm_levels": null, "osm_height": null, "osm_type": "yes", "ms_confidence": -1.0, "area_m2": 411.13 }, "geometry": { "type": "Polygon", "coordinates": [ [ [ 80.21339126370755, 13.119706524833589 ], [ 80.213600407817339, 13.119710202796568 ], [ 80.213603458098362, 13.119545687919569 ], [ 80.213509611382406, 13.119544037550469 ], [ 80.213509591172738, 13.119545127547582 ], [ 80.213394293924537, 13.119543092094943 ], [ 80.21339126370755, 13.119706524833589 ] ] ] } },
{ "type": "Feature", "properties": { "reconciliation_status": "MATCHED", "match_class": "POSSIBLE", "match_iou": 0.4335, "ms_id": "MS_01653", "osm_id": "way/354471547", "osm_name": null, "osm_levels": null, "osm_height": null, "osm_type": "yes", "ms_confidence": -1.0, "area_m2": 122.76 }, "geometry": { "type": "Polygon", "coordinates": [ [ [ 80.213993987791667, 13.118630136059721 ], [ 80.214085149373076, 13.118631838635025 ], [ 80.214087360331163, 13.118519554902676 ], [ 80.213996198749768, 13.118517852326605 ], [ 80.213993987791667, 13.118630136059721 ] ] ] } },
{ "type": "Feature", "properties": { "reconciliation_status": "MATCHED", "match_class": "POSSIBLE", "match_iou": 0.433, "ms_id": "MS_02089", "osm_id": "way/354513385", "osm_name": null, "osm_levels": null, "osm_height": null, "osm_type": "yes", "ms_confidence": -1.0, "area_m2": 125.4 }, "geometry": { "type": "Polygon", "coordinates": [ [ [ 80.217422073761355, 13.121787039206666 ], [ 80.217325541133945, 13.121788605198248 ], [ 80.217327401797888, 13.121896935801487 ], [ 80.217423934312308, 13.121895363232667 ], [ 80.217422073761355, 13.121787039206666 ] ] ] } },
{ "type": "Feature", "properties": { "reconciliation_status": "MATCHED", "match_class": "POSSIBLE", "match_iou": 0.4325, "ms_id": "MS_02788", "osm_id": "way/354495944", "osm_name": null, "osm_levels": null, "osm_height": null, "osm_type": "yes", "ms_confidence": -1.0, "area_m2": 394.82 }, "geometry": { "type": "Polygon", "coordinates": [ [ [ 80.214383877295631, 13.120687103412834 ], [ 80.214555099036701, 13.120678653781482 ], [ 80.214551770195811, 13.120614674743919 ], [ 80.214578523687521, 13.120613356307544 ], [ 80.214572769610498, 13.120502765127043 ], [ 80.21437479447242, 13.120512535020282 ], [ 80.214383877295631, 13.120687103412834 ] ] ] } },
{ "type": "Feature", "properties": { "reconciliation_status": "MATCHED", "match_class": "POSSIBLE", "match_iou": 0.4318, "ms_id": "MS_01572", "osm_id": "way/354471324", "osm_name": null, "osm_levels": null, "osm_height": null, "osm_type": "yes", "ms_confidence": -1.0, "area_m2": 409.9 }, "geometry": { "type": "Polygon", "coordinates": [ [ [ 80.2118038153246, 13.124579951325984 ], [ 80.21195426809804, 13.124598584571629 ], [ 80.211983471139192, 13.124374944510677 ], [ 80.211833018365752, 13.124356311248079 ], [ 80.2118038153246, 13.124579951325984 ] ] ] } },
{ "type": "Feature", "properties": { "reconciliation_status": "MATCHED", "match_class": "POSSIBLE", "match_iou": 0.4312, "ms_id": "MS_02901", "osm_id": "way/354568806", "osm_name": null, "osm_levels": null, "osm_height": null, "osm_type": "yes", "ms_confidence": -1.0, "area_m2": 473.27 }, "geometry": { "type": "Polygon", "coordinates": [ [ [ 80.215046215254262, 13.124899846617993 ], [ 80.215046294947399, 13.124948060122406 ], [ 80.215142854221739, 13.124947908747245 ], [ 80.215142688164647, 13.124847445943445 ], [ 80.215196332199909, 13.124847358189697 ], [ 80.21519626942731, 13.124809381434787 ], [ 80.215241866862428, 13.124809309952056 ], [ 80.215241789144628, 13.124762291483862 ], [ 80.215158640880631, 13.124762421834788 ], [ 80.21515866678655, 13.124778094658495 ], [ 80.214909221994574, 13.124778485711232 ], [ 80.214909422964368, 13.124900070389984 ], [ 80.215046215254262, 13.124899846617993 ] ] ] } },
{ "type": "Feature", "properties": { "reconciliation_status": "MATCHED", "match_class": "POSSIBLE", "match_iou": 0.4309, "ms_id": "MS_02664", "osm_id": "way/355006129", "osm_name": null, "osm_levels": null, "osm_height": null, "osm_type": "yes", "ms_confidence": -1.0, "area_m2": 567.67 }, "geometry": { "type": "Polygon", "coordinates": [ [ [ 80.205560925265772, 13.129491806460805 ], [ 80.20556928401075, 13.129603533386785 ], [ 80.205555943780155, 13.129604479925931 ], [ 80.205563913746317, 13.129711010202982 ], [ 80.205786547922216, 13.129695213483473 ], [ 80.205770234813912, 13.129476955159774 ], [ 80.205560925265772, 13.129491806460805 ] ] ] } },
{ "type": "Feature", "properties": { "reconciliation_status": "MATCHED", "match_class": "POSSIBLE", "match_iou": 0.4304, "ms_id": "MS_00279", "osm_id": "way/354455524", "osm_name": null, "osm_levels": null, "osm_height": null, "osm_type": "yes", "ms_confidence": -1.0, "area_m2": 382.9 }, "geometry": { "type": "Polygon", "coordinates": [ [ [ 80.210215019621955, 13.12204855512698 ], [ 80.210217488897058, 13.121915377692417 ], [ 80.210110235507415, 13.121913491574489 ], [ 80.210106410551901, 13.122119786002827 ], [ 80.210347730678578, 13.122124029764578 ], [ 80.210349086359031, 13.122050912773091 ], [ 80.210215019621955, 13.12204855512698 ] ] ] } },
{ "type": "Feature", "properties": { "reconciliation_status": "MATCHED", "match_class": "POSSIBLE", "match_iou": 0.4301, "ms_id": "MS_02736", "osm_id": "way/354455625", "osm_name": null, "osm_levels": null, "osm_height": null, "osm_type": "yes", "ms_confidence": -1.0, "area_m2": 136.32 }, "geometry": { "type": "Polygon", "coordinates": [ [ [ 80.209324863841914, 13.121804147011417 ], [ 80.209404878014368, 13.121810004473701 ], [ 80.20941578486287, 13.12166869336491 ], [ 80.209335771109039, 13.121662830476041 ], [ 80.209324863841914, 13.121804147011417 ] ] ] } },
{ "type": "Feature", "properties": { "reconciliation_status": "MATCHED", "match_class": "POSSIBLE", "match_iou": 0.4293, "ms_id": "MS_02178", "osm_id": "way/354736538", "osm_name": null, "osm_levels": null, "osm_height": null, "osm_type": "yes", "ms_confidence": -1.0, "area_m2": 186.2 }, "geometry": { "type": "Polygon", "coordinates": [ [ [ 80.217044314154521, 13.118657716193241 ], [ 80.217048373036562, 13.118565126333237 ], [ 80.216880923179971, 13.118558163938374 ], [ 80.216876858156411, 13.118650742131479 ], [ 80.217044314154521, 13.118657716193241 ] ] ] } },
{ "type": "Feature", "properties": { "reconciliation_status": "MATCHED", "match_class": "POSSIBLE", "match_iou": 0.4282, "ms_id": "MS_02547", "osm_id": "way/368446471", "osm_name": null, "osm_levels": null, "osm_height": null, "osm_type": "yes", "ms_confidence": -1.0, "area_m2": 308.51 }, "geometry": { "type": "Polygon", "coordinates": [ [ [ 80.216577893065008, 13.121798699315391 ], [ 80.21649206443665, 13.121798289801603 ], [ 80.216492038155835, 13.121803514027448 ], [ 80.216384752370331, 13.121803002135223 ], [ 80.216384147911654, 13.121923159299115 ], [ 80.216488751552518, 13.121923658393797 ], [ 80.216488633288847, 13.121947167397209 ], [ 80.216577144061873, 13.121947589708043 ], [ 80.216577893065008, 13.121798699315391 ] ] ] } },
{ "type": "Feature", "properties": { "reconciliation_status": "MATCHED", "match_class": "POSSIBLE", "match_iou": 0.4275, "ms_id": "MS_00507", "osm_id": "way/354568578", "osm_name": null, "osm_levels": null, "osm_height": null, "osm_type": "yes", "ms_confidence": -1.0, "area_m2": 213.85 }, "geometry": { "type": "Polygon", "coordinates": [ [ [ 80.214827389312617, 13.12676702699811 ], [ 80.214831075010096, 13.126894920245334 ], [ 80.21497044010475, 13.126891111098615 ], [ 80.214966754407286, 13.126763217849387 ], [ 80.214827389312617, 13.12676702699811 ] ] ] } },
{ "type": "Feature", "properties": { "reconciliation_status": "MATCHED", "match_class": "POSSIBLE", "match_iou": 0.4274, "ms_id": "MS_01701", "osm_id": "way/368444786", "osm_name": null, "osm_levels": null, "osm_height": null, "osm_type": "yes", "ms_confidence": -1.0, "area_m2": 339.21 }, "geometry": { "type": "Polygon", "coordinates": [ [ [ 80.216259891479353, 13.12212228724087 ], [ 80.216264454430728, 13.121940878342812 ], [ 80.216171613985395, 13.121938663497886 ], [ 80.216169869782846, 13.12200781007563 ], [ 80.216068007313439, 13.122005373054677 ], [ 80.216065175694979, 13.122117628741691 ], [ 80.216259891479353, 13.12212228724087 ] ] ] } },
{ "type": "Feature", "properties": { "reconciliation_status": "MATCHED", "match_class": "POSSIBLE", "match_iou": 0.4264, "ms_id": "MS_01458", "osm_id": "way/368444717", "osm_name": null, "osm_levels": null, "osm_height": null, "osm_type": "yes", "ms_confidence": -1.0, "area_m2": 250.74 }, "geometry": { "type": "Polygon", "coordinates": [ [ [ 80.21483361519455, 13.120956785865133 ], [ 80.214840397402185, 13.121127753750287 ], [ 80.214962556587636, 13.121123149162443 ], [ 80.214955762442102, 13.120952190049763 ], [ 80.21483361519455, 13.120956785865133 ] ] ] } },
{ "type": "Feature", "properties": { "reconciliation_status": "MATCHED", "match_class": "POSSIBLE", "match_iou": 0.4263, "ms_id": "MS_00173", "osm_id": "way/368444707", "osm_name": null, "osm_levels": null, "osm_height": null, "osm_type": "yes", "ms_confidence": -1.0, "area_m2": 171.32 }, "geometry": { "type": "Polygon", "coordinates": [ [ [ 80.215085559939013, 13.121106835205396 ], [ 80.215176738580894, 13.121105641948674 ], [ 80.215174576383987, 13.120948939215126 ], [ 80.21508339774212, 13.120950132472601 ], [ 80.215085559939013, 13.121106835205396 ] ] ] } },
{ "type": "Feature", "properties": { "reconciliation_status": "MATCHED", "match_class": "POSSIBLE", "match_iou": 0.4254, "ms_id": "MS_00180", "osm_id": "way/354764619", "osm_name": null, "osm_levels": null, "osm_height": null, "osm_type": "yes", "ms_confidence": -1.0, "area_m2": 81.69 }, "geometry": { "type": "Polygon", "coordinates": [ [ [ 80.210179668952932, 13.118154510593712 ], [ 80.210266618703812, 13.118151185713856 ], [ 80.210263464162054, 13.118072939896251 ], [ 80.210176508796749, 13.118076264991885 ], [ 80.210179668952932, 13.118154510593712 ] ] ] } },
{ "type": "Feature", "properties": { "reconciliation_status": "MATCHED", "match_class": "POSSIBLE", "match_iou": 0.425, "ms_id": "MS_01901", "osm_id": "way/368444763", "osm_name": null, "osm_levels": null, "osm_height": null, "osm_type": "yes", "ms_confidence": -1.0, "area_m2": 159.75 }, "geometry": { "type": "Polygon", "coordinates": [ [ [ 80.215415015264085, 13.121109556098432 ], [ 80.215410610476781, 13.120966013894574 ], [ 80.215317866665799, 13.120968706881968 ], [ 80.215322261146568, 13.121112249383529 ], [ 80.215415015264085, 13.121109556098432 ] ] ] } },
{ "type": "Feature", "properties": { "reconciliation_status": "MATCHED", "match_class": "POSSIBLE", "match_iou": 0.4246, "ms_id": "MS_01984", "osm_id": "way/354471511", "osm_name": null, "osm_levels": null, "osm_height": null, "osm_type": "yes", "ms_confidence": -1.0, "area_m2": 344.49 }, "geometry": { "type": "Polygon", "coordinates": [ [ [ 80.213979289147773, 13.118481792520839 ], [ 80.213872099003481, 13.118478628881746 ], [ 80.213871566428821, 13.118495783608722 ], [ 80.213768283495696, 13.118492742328314 ], [ 80.213763944910966, 13.11863216939966 ], [ 80.213947630244547, 13.118637590735148 ], [ 80.213950500793743, 13.118545127706867 ], [ 80.213977298386496, 13.118545916791504 ], [ 80.213979289147773, 13.118481792520839 ] ] ] } },
{ "type": "Feature", "properties": { "reconciliation_status": "MATCHED", "match_class": "POSSIBLE", "match_iou": 0.4244, "ms_id": "MS_00784", "osm_id": "way/354513417", "osm_name": null, "osm_levels": null, "osm_height": null, "osm_type": "yes", "ms_confidence": -1.0, "area_m2": 399.33 }, "geometry": { "type": "Polygon", "coordinates": [ [ [ 80.214761209959661, 13.120332609609633 ], [ 80.214757500602317, 13.120207328567744 ], [ 80.214652981356352, 13.120210263746856 ], [ 80.214650663007987, 13.120131963064196 ], [ 80.214551503723371, 13.120134747722162 ], [ 80.214557531429065, 13.120338329442916 ], [ 80.214761209959661, 13.120332609609633 ] ] ] } },
{ "type": "Feature", "properties": { "reconciliation_status": "MATCHED", "match_class": "POSSIBLE", "match_iou": 0.4235, "ms_id": "MS_02348", "osm_id": "way/354277782", "osm_name": null, "osm_levels": null, "osm_height": null, "osm_type": "yes", "ms_confidence": -1.0, "area_m2": 617.9 }, "geometry": { "type": "Polygon", "coordinates": [ [ [ 80.216508397578252, 13.129317095745364 ], [ 80.21646671123095, 13.129316493387293 ], [ 80.21646629323152, 13.129343928562818 ], [ 80.2163670732387, 13.129342501619817 ], [ 80.216361104904351, 13.129734229789833 ], [ 80.216420100575732, 13.129735078241083 ], [ 80.216420996089397, 13.12967630176 ], [ 80.216502932610922, 13.129677485722041 ], [ 80.216508397578252, 13.129317095745364 ] ] ] } },
{ "type": "Feature", "properties": { "reconciliation_status": "MATCHED", "match_class": "POSSIBLE", "match_iou": 0.4226, "ms_id": "MS_01199", "osm_id": "way/354574245", "osm_name": null, "osm_levels": null, "osm_height": null, "osm_type": "yes", "ms_confidence": -1.0, "area_m2": 331.44 }, "geometry": { "type": "Polygon", "coordinates": [ [ [ 80.213099586197956, 13.118630342732985 ], [ 80.213101419825406, 13.118540500685867 ], [ 80.213053159130368, 13.118539566451204 ], [ 80.213054416544068, 13.118477957069317 ], [ 80.213091952588016, 13.118478686254008 ], [ 80.213093764538286, 13.118389906266131 ], [ 80.212973112968427, 13.118387562457329 ], [ 80.212968210044124, 13.118627790588135 ], [ 80.213099586197956, 13.118630342732985 ] ] ] } },
{ "type": "Feature", "properties": { "reconciliation_status": "MATCHED", "match_class": "POSSIBLE", "match_iou": 0.4218, "ms_id": "MS_01127", "osm_id": "way/354786639", "osm_name": null, "osm_levels": null, "osm_height": null, "osm_type": "yes", "ms_confidence": -1.0, "area_m2": 163.65 }, "geometry": { "type": "Polygon", "coordinates": [ [ [ 80.208218327526779, 13.124714261987961 ], [ 80.208254990334808, 13.124564568703519 ], [ 80.20816870290956, 13.124544530762677 ], [ 80.208132041464438, 13.124694218494554 ], [ 80.208218327526779, 13.124714261987961 ] ] ] } },
{ "type": "Feature", "properties": { "reconciliation_status": "MATCHED", "match_class": "POSSIBLE", "match_iou": 0.4214, "ms_id": "MS_01079", "osm_id": "way/354542566", "osm_name": null, "osm_levels": null, "osm_height": null, "osm_type": "yes", "ms_confidence": -1.0, "area_m2": 179.13 }, "geometry": { "type": "Polygon", "coordinates": [ [ [ 80.207492795164114, 13.127356073482659 ], [ 80.207494027320607, 13.127343124093727 ], [ 80.207517961681376, 13.127345284017053 ], [ 80.207525601051628, 13.127264997791258 ], [ 80.207363379273261, 13.127250358305858 ], [ 80.207354507746516, 13.127343593926 ], [ 80.207492795164114, 13.127356073482659 ] ] ] } },
{ "type": "Feature", "properties": { "reconciliation_status": "MATCHED", "match_class": "POSSIBLE", "match_iou": 0.421, "ms_id": "MS_00699", "osm_id": "way/838433414", "osm_name": null, "osm_levels": null, "osm_height": null, "osm_type": "yes", "ms_confidence": -1.0, "area_m2": 239.2 }, "geometry": { "type": "Polygon", "coordinates": [ [ [ 80.216045213483284, 13.119005304591909 ], [ 80.216207733014357, 13.119045793508619 ], [ 80.216237992850992, 13.118930558563363 ], [ 80.216075481092545, 13.118890071564138 ], [ 80.216045213483284, 13.119005304591909 ] ] ] } },
{ "type": "Feature", "properties": { "reconciliation_status": "MATCHED", "match_class": "POSSIBLE", "match_iou": 0.4201, "ms_id": "MS_00538", "osm_id": "way/354296384", "osm_name": null, "osm_levels": null, "osm_height": null, "osm_type": "yes", "ms_confidence": -1.0, "area_m2": 415.18 }, "geometry": { "type": "Polygon", "coordinates": [ [ [ 80.214173048603328, 13.129295434973812 ], [ 80.214359789805741, 13.129321018549959 ], [ 80.214386060089652, 13.129139158723021 ], [ 80.214199318887268, 13.129113575127946 ], [ 80.214173048603328, 13.129295434973812 ] ] ] } },
{ "type": "Feature", "properties": { "reconciliation_status": "MATCHED", "match_class": "POSSIBLE", "match_iou": 0.42, "ms_id": "MS_02538", "osm_id": "way/354471409", "osm_name": null, "osm_levels": null, "osm_height": null, "osm_type": "yes", "ms_confidence": -1.0, "area_m2": 208.3 }, "geometry": { "type": "Polygon", "coordinates": [ [ [ 80.211120418213255, 13.119547550949619 ], [ 80.211015900661522, 13.119550514585526 ], [ 80.211020866251147, 13.119716611864689 ], [ 80.211125384015702, 13.119713655348875 ], [ 80.211120418213255, 13.119547550949619 ] ] ] } },
{ "type": "Feature", "properties": { "reconciliation_status": "MATCHED", "match_class": "POSSIBLE", "match_iou": 0.4198, "ms_id": "MS_02144", "osm_id": "way/354443096", "osm_name": null, "osm_levels": null, "osm_height": null, "osm_type": "yes", "ms_confidence": -1.0, "area_m2": 196.04 }, "geometry": { "type": "Polygon", "coordinates": [ [ [ 80.214605778740292, 13.118574331991596 ], [ 80.214608430622405, 13.118475135056599 ], [ 80.214443696873957, 13.118470969234878 ], [ 80.214441052115745, 13.118570166351702 ], [ 80.214605778740292, 13.118574331991596 ] ] ] } },
{ "type": "Feature", "properties": { "reconciliation_status": "MATCHED", "match_class": "POSSIBLE", "match_iou": 0.4197, "ms_id": "MS_02423", "osm_id": "way/354764921", "osm_name": null, "osm_levels": null, "osm_height": null, "osm_type": "yes", "ms_confidence": -1.0, "area_m2": 248.61 }, "geometry": { "type": "Polygon", "coordinates": [ [ [ 80.21064799961681, 13.129304057810828 ], [ 80.210712355223947, 13.12930302699921 ], [ 80.210710045577073, 13.12916627118949 ], [ 80.21058256439602, 13.129168304422876 ], [ 80.210585742677893, 13.129357296918471 ], [ 80.210648881683795, 13.129356285593886 ], [ 80.21064799961681, 13.129304057810828 ] ] ] } },
{ "type": "Feature", "properties": { "reconciliation_status": "MATCHED", "match_class": "POSSIBLE", "match_iou": 0.4195, "ms_id": "MS_01600", "osm_id": "way/368446423", "osm_name": null, "osm_levels": null, "osm_height": null, "osm_type": "yes", "ms_confidence": -1.0, "area_m2": 140.97 }, "geometry": { "type": "Polygon", "coordinates": [ [ [ 80.217870996678442, 13.123263243446445 ], [ 80.217777211978031, 13.123266113659028 ], [ 80.217781253827056, 13.123391373611341 ], [ 80.217875038527495, 13.123388503400236 ], [ 80.217870996678442, 13.123263243446445 ] ] ] } },
{ "type": "Feature", "properties": { "reconciliation_status": "MATCHED", "match_class": "POSSIBLE", "match_iou": 0.419, "ms_id": "MS_01954", "osm_id": "way/354471269", "osm_name": null, "osm_levels": null, "osm_height": null, "osm_type": "yes", "ms_confidence": -1.0, "area_m2": 183.7 }, "geometry": { "type": "Polygon", "coordinates": [ [ [ 80.21118010221025, 13.124452977010989 ], [ 80.211290041631258, 13.124454782954317 ], [ 80.211292445006464, 13.124315439373021 ], [ 80.211182505456293, 13.124313640920121 ], [ 80.21118010221025, 13.124452977010989 ] ] ] } },
{ "type": "Feature", "properties": { "reconciliation_status": "MATCHED", "match_class": "POSSIBLE", "match_iou": 0.418, "ms_id": "MS_00024", "osm_id": "way/354457787", "osm_name": null, "osm_levels": null, "osm_height": null, "osm_type": "yes", "ms_confidence": -1.0, "area_m2": 169.18 }, "geometry": { "type": "Polygon", "coordinates": [ [ [ 80.210013063452536, 13.128598890445801 ], [ 80.210035827204223, 13.12848568549785 ], [ 80.2099157669048, 13.12846279694125 ], [ 80.209893010988566, 13.128576003393533 ], [ 80.210013063452536, 13.128598890445801 ] ] ] } },
{ "type": "Feature", "properties": { "reconciliation_status": "MATCHED", "match_class": "POSSIBLE", "match_iou": 0.4179, "ms_id": "MS_02923", "osm_id": "way/354455408", "osm_name": null, "osm_levels": null, "osm_height": null, "osm_type": "yes", "ms_confidence": -1.0, "area_m2": 416.45 }, "geometry": { "type": "Polygon", "coordinates": [ [ [ 80.211774302453378, 13.121902857362741 ], [ 80.211791720293348, 13.121719938036236 ], [ 80.211583302114946, 13.121701114988412 ], [ 80.211575753220401, 13.12178045215299 ], [ 80.211611308926464, 13.121783660901173 ], [ 80.211601444292867, 13.121887257670963 ], [ 80.211774302453378, 13.121902857362741 ] ] ] } },
{ "type": "Feature", "properties": { "reconciliation_status": "MATCHED", "match_class": "POSSIBLE", "match_iou": 0.4178, "ms_id": "MS_01448", "osm_id": "way/354308152", "osm_name": null, "osm_levels": null, "osm_height": null, "osm_type": "yes", "ms_confidence": -1.0, "area_m2": 443.42 }, "geometry": { "type": "Polygon", "coordinates": [ [ [ 80.208289694926805, 13.128207356502884 ], [ 80.208303089764684, 13.12820781025728 ], [ 80.208305885355841, 13.12812954172108 ], [ 80.208082226914442, 13.128121965217787 ], [ 80.208076141267497, 13.128292689364486 ], [ 80.208286393127608, 13.128299797379825 ], [ 80.208289694926805, 13.128207356502884 ] ] ] } },
{ "type": "Feature", "properties": { "reconciliation_status": "MATCHED", "match_class": "POSSIBLE", "match_iou": 0.417, "ms_id": "MS_00805", "osm_id": "way/354443143", "osm_name": null, "osm_levels": null, "osm_height": null, "osm_type": "yes", "ms_confidence": -1.0, "area_m2": 166.76 }, "geometry": { "type": "Polygon", "coordinates": [ [ [ 80.213400957276974, 13.118142240064643 ], [ 80.213499994674137, 13.118146621220319 ], [ 80.213504979552965, 13.118039740922754 ], [ 80.21349427280731, 13.118039267284118 ], [ 80.213496104225769, 13.118 ], [ 80.21340759132724, 13.118 ], [ 80.213400957276974, 13.118142240064643 ] ] ] } },
{ "type": "Feature", "properties": { "reconciliation_status": "MATCHED", "match_class": "POSSIBLE", "match_iou": 0.4167, "ms_id": "MS_00879", "osm_id": "way/368446390", "osm_name": null, "osm_levels": null, "osm_height": null, "osm_type": "yes", "ms_confidence": -1.0, "area_m2": 220.36 }, "geometry": { "type": "Polygon", "coordinates": [ [ [ 80.21640503873148, 13.123258298210146 ], [ 80.216402636327373, 13.123425443651371 ], [ 80.216512585353854, 13.123426942496721 ], [ 80.216514987757975, 13.123259797056505 ], [ 80.21640503873148, 13.123258298210146 ] ] ] } },
{ "type": "Feature", "properties": { "reconciliation_status": "MATCHED", "match_class": "POSSIBLE", "match_iou": 0.4167, "ms_id": "MS_00276", "osm_id": "way/354980980", "osm_name": null, "osm_levels": null, "osm_height": null, "osm_type": "yes", "ms_confidence": -1.0, "area_m2": 221.74 }, "geometry": { "type": "Polygon", "coordinates": [ [ [ 80.207390133236544, 13.122695074506638 ], [ 80.207275922649075, 13.122698935728621 ], [ 80.207281700218189, 13.122860694644288 ], [ 80.207395899194779, 13.122856833817366 ], [ 80.207390133236544, 13.122695074506638 ] ] ] } },
{ "type": "Feature", "properties": { "reconciliation_status": "MATCHED", "match_class": "POSSIBLE", "match_iou": 0.416, "ms_id": "MS_01732", "osm_id": "way/354568680", "osm_name": null, "osm_levels": null, "osm_height": null, "osm_type": "yes", "ms_confidence": -1.0, "area_m2": 170.5 }, "geometry": { "type": "Polygon", "coordinates": [ [ [ 80.216365655423431, 13.121527325959775 ], [ 80.216459524727156, 13.121528170531093 ], [ 80.216460961823998, 13.121376677060553 ], [ 80.216367092520272, 13.121375832488724 ], [ 80.216365655423431, 13.121527325959775 ] ] ] } },
{ "type": "Feature", "properties": { "reconciliation_status": "MATCHED", "match_class": "POSSIBLE", "match_iou": 0.4157, "ms_id": "MS_02417", "osm_id": "way/354765106", "osm_name": null, "osm_levels": null, "osm_height": null, "osm_type": "yes", "ms_confidence": -1.0, "area_m2": 118.96 }, "geometry": { "type": "Polygon", "coordinates": [ [ [ 80.205960074222418, 13.128658544086861 ], [ 80.205954716339491, 13.128658726316885 ], [ 80.205956681109072, 13.128713513642893 ], [ 80.206047765119081, 13.128710415732968 ], [ 80.206043742019475, 13.128598232146174 ], [ 80.205958015892392, 13.128601147827425 ], [ 80.205960074222418, 13.128658544086861 ] ] ] } },
{ "type": "Feature", "properties": { "reconciliation_status": "MATCHED", "match_class": "POSSIBLE", "match_iou": 0.4154, "ms_id": "MS_02176", "osm_id": "way/354568810", "osm_name": null, "osm_levels": null, "osm_height": null, "osm_type": "yes", "ms_confidence": -1.0, "area_m2": 640.91 }, "geometry": { "type": "Polygon", "coordinates": [ [ [ 80.214118385598638, 13.124683785620377 ], [ 80.214119047820915, 13.124746470456586 ], [ 80.214030544291575, 13.124747357226653 ], [ 80.214031344476808, 13.124823101382106 ], [ 80.21409302875486, 13.124822483330433 ], [ 80.214093415051167, 13.124859049466167 ], [ 80.214232875158075, 13.12485765213215 ], [ 80.214233206269213, 13.124888994530053 ], [ 80.21444776027981, 13.124886844785649 ], [ 80.214447208427927, 13.124834607453096 ], [ 80.214398933775527, 13.124835091145698 ], [ 80.214398452544074, 13.124789538611694 ], [ 80.21429922138563, 13.124790539631803 ], [ 80.21429807458253, 13.124681985207943 ], [ 80.214118385598638, 13.124683785620377 ] ] ] } },
{ "type": "Feature", "properties": { "reconciliation_status": "MATCHED", "match_class": "POSSIBLE", "match_iou": 0.4142, "ms_id": "MS_02776", "osm_id": "relation/5292833", "osm_name": null, "osm_levels": null, "osm_height": null, "osm_type": "yes", "ms_confidence": -1.0, "area_m2": 1260.69 }, "geometry": { "type": "Polygon", "coordinates": [ [ [ 80.217633741154486, 13.128995650482977 ], [ 80.2176356928465, 13.129100099972305 ], [ 80.217811214172016, 13.129097001446866 ], [ 80.217804918430204, 13.128758768628558 ], [ 80.217433636585213, 13.128765348282755 ], [ 80.217438004462196, 13.128999105877185 ], [ 80.217633741154486, 13.128995650482977 ] ] ] } },
{ "type": "Feature", "properties": { "reconciliation_status": "MATCHED", "match_class": "POSSIBLE", "match_iou": 0.4137, "ms_id": "MS_01583", "osm_id": "way/354308282", "osm_name": null, "osm_levels": null, "osm_height": null, "osm_type": "yes", "ms_confidence": -1.0, "area_m2": 182.98 }, "geometry": { "type": "Polygon", "coordinates": [ [ [ 80.20805685716509, 13.124156628186597 ], [ 80.208063867771585, 13.124021140369692 ], [ 80.207951500332911, 13.124015625854085 ], [ 80.207944489726415, 13.124151113673989 ], [ 80.20805685716509, 13.124156628186597 ] ] ] } },
{ "type": "Feature", "properties": { "reconciliation_status": "MATCHED", "match_class": "POSSIBLE", "match_iou": 0.4131, "ms_id": "MS_01803", "osm_id": "way/354513071", "osm_name": null, "osm_levels": null, "osm_height": null, "osm_type": "yes", "ms_confidence": -1.0, "area_m2": 124.58 }, "geometry": { "type": "Polygon", "coordinates": [ [ [ 80.215263575067382, 13.121957393405509 ], [ 80.215188518381993, 13.121955597702382 ], [ 80.215185038185055, 13.122093959621552 ], [ 80.215260094870402, 13.122095755323642 ], [ 80.215263575067382, 13.121957393405509 ] ] ] } },
{ "type": "Feature", "properties": { "reconciliation_status": "MATCHED", "match_class": "POSSIBLE", "match_iou": 0.4128, "ms_id": "MS_00273", "osm_id": "way/354542577", "osm_name": null, "osm_levels": null, "osm_height": null, "osm_type": "yes", "ms_confidence": -1.0, "area_m2": 123.91 }, "geometry": { "type": "Polygon", "coordinates": [ [ [ 80.205210073463007, 13.1214283315432 ], [ 80.20521697772881, 13.121561211947665 ], [ 80.205294562854647, 13.121557383208554 ], [ 80.205287658588844, 13.121424502802029 ], [ 80.205210073463007, 13.1214283315432 ] ] ] } },
{ "type": "Feature", "properties": { "reconciliation_status": "MATCHED", "match_class": "POSSIBLE", "match_iou": 0.4128, "ms_id": "MS_01522", "osm_id": "way/354308475", "osm_name": null, "osm_levels": null, "osm_height": null, "osm_type": "yes", "ms_confidence": -1.0, "area_m2": 185.38 }, "geometry": { "type": "Polygon", "coordinates": [ [ [ 80.206254622898626, 13.127696398213985 ], [ 80.206428739395406, 13.127702521964778 ], [ 80.20643202854589, 13.127613825791599 ], [ 80.206257912049068, 13.127607702038588 ], [ 80.206254622898626, 13.127696398213985 ] ] ] } },
{ "type": "Feature", "properties": { "reconciliation_status": "MATCHED", "match_class": "POSSIBLE", "match_iou": 0.4119, "ms_id": "MS_01220", "osm_id": "way/354568694", "osm_name": null, "osm_levels": null, "osm_height": null, "osm_type": "yes", "ms_confidence": -1.0, "area_m2": 139.71 }, "geometry": { "type": "Polygon", "coordinates": [ [ [ 80.215212729244627, 13.124998114320221 ], [ 80.215207466964458, 13.125125903703648 ], [ 80.215298515637613, 13.125129459694818 ], [ 80.215303777917782, 13.125001670313253 ], [ 80.215212729244627, 13.124998114320221 ] ] ] } },
{ "type": "Feature", "properties": { "reconciliation_status": "MATCHED", "match_class": "POSSIBLE", "match_iou": 0.4115, "ms_id": "MS_01905", "osm_id": "way/354736647", "osm_name": null, "osm_levels": null, "osm_height": null, "osm_type": "yes", "ms_confidence": -1.0, "area_m2": 118.05 }, "geometry": { "type": "Polygon", "coordinates": [ [ [ 80.205626236306671, 13.123896598846159 ], [ 80.205529713060557, 13.12389842125701 ], [ 80.205531116525336, 13.123968922888466 ], [ 80.205544522531724, 13.123968669775905 ], [ 80.205545250254204, 13.124005226169459 ], [ 80.205628367493901, 13.124003656871906 ], [ 80.205626236306671, 13.123896598846159 ] ] ] } },
{ "type": "Feature", "properties": { "reconciliation_status": "MATCHED", "match_class": "POSSIBLE", "match_iou": 0.4113, "ms_id": "MS_00993", "osm_id": "way/354495397", "osm_name": null, "osm_levels": null, "osm_height": null, "osm_type": "yes", "ms_confidence": -1.0, "area_m2": 407.99 }, "geometry": { "type": "Polygon", "coordinates": [ [ [ 80.216464533653237, 13.127685193703101 ], [ 80.216560784197767, 13.127826962270206 ], [ 80.216727824338363, 13.127719404319535 ], [ 80.216631566704791, 13.127577640255055 ], [ 80.216464533653237, 13.127685193703101 ] ] ] } },
{ "type": "Feature", "properties": { "reconciliation_status": "MATCHED", "match_class": "POSSIBLE", "match_iou": 0.4108, "ms_id": "MS_02925", "osm_id": "way/354568477", "osm_name": null, "osm_levels": null, "osm_height": null, "osm_type": "yes", "ms_confidence": -1.0, "area_m2": 116.98 }, "geometry": { "type": "Polygon", "coordinates": [ [ [ 80.214834460648859, 13.124749708379738 ], [ 80.214743346538043, 13.124747062754381 ], [ 80.214740070652354, 13.124854065527543 ], [ 80.21483118476317, 13.12485671115175 ], [ 80.214834460648859, 13.124749708379738 ] ] ] } },
{ "type": "Feature", "properties": { "reconciliation_status": "MATCHED", "match_class": "POSSIBLE", "match_iou": 0.4102, "ms_id": "MS_00325", "osm_id": "way/354471286", "osm_name": null, "osm_levels": null, "osm_height": null, "osm_type": "yes", "ms_confidence": -1.0, "area_m2": 181.93 }, "geometry": { "type": "Polygon", "coordinates": [ [ [ 80.209158356958994, 13.119253190206763 ], [ 80.209236098919177, 13.11925142562194 ], [ 80.209234728520869, 13.119193988260918 ], [ 80.209252316024518, 13.119193589060174 ], [ 80.209249629455357, 13.119081325271324 ], [ 80.209154308054934, 13.119083488875262 ], [ 80.209158356958994, 13.119253190206763 ] ] ] } },
{ "type": "Feature", "properties": { "reconciliation_status": "MATCHED", "match_class": "POSSIBLE", "match_iou": 0.4102, "ms_id": "MS_02811", "osm_id": "way/354293005", "osm_name": null, "osm_levels": null, "osm_height": null, "osm_type": "yes", "ms_confidence": -1.0, "area_m2": 218.25 }, "geometry": { "type": "Polygon", "coordinates": [ [ [ 80.205186628247588, 13.127189476147024 ], [ 80.205190872060413, 13.127359163118612 ], [ 80.205298096813181, 13.127356619788188 ], [ 80.205293853000356, 13.127186932814851 ], [ 80.205186628247588, 13.127189476147024 ] ] ] } },
{ "type": "Feature", "properties": { "reconciliation_status": "MATCHED", "match_class": "POSSIBLE", "match_iou": 0.4097, "ms_id": "MS_01444", "osm_id": "way/354293291", "osm_name": null, "osm_levels": null, "osm_height": null, "osm_type": "yes", "ms_confidence": -1.0, "area_m2": 377.64 }, "geometry": { "type": "Polygon", "coordinates": [ [ [ 80.206473604956884, 13.126292786205809 ], [ 80.206496894010769, 13.126179794632691 ], [ 80.206161716417085, 13.126114250147282 ], [ 80.206155506002702, 13.126144381246561 ], [ 80.206247136624071, 13.126162299752693 ], [ 80.206230052260466, 13.126245159131287 ], [ 80.206473604956884, 13.126292786205809 ] ] ] } },
{ "type": "Feature", "properties": { "reconciliation_status": "MATCHED", "match_class": "POSSIBLE", "match_iou": 0.4082, "ms_id": "MS_00789", "osm_id": "way/354455552", "osm_name": null, "osm_levels": null, "osm_height": null, "osm_type": "yes", "ms_confidence": -1.0, "area_m2": 461.23 }, "geometry": { "type": "Polygon", "coordinates": [ [ [ 80.207459010351883, 13.118690092644513 ], [ 80.207643655270402, 13.118698751681578 ], [ 80.207648030012763, 13.118610141730102 ], [ 80.207619811506305, 13.118608818405406 ], [ 80.207622388621317, 13.118556695064598 ], [ 80.207655955417252, 13.118558269201003 ], [ 80.207659243090788, 13.118491677680751 ], [ 80.207430331984682, 13.118480958347618 ], [ 80.207428785710448, 13.118512232468206 ], [ 80.207467701475821, 13.118514054795725 ], [ 80.207459010351883, 13.118690092644513 ] ] ] } },
{ "type": "Feature", "properties": { "reconciliation_status": "MATCHED", "match_class": "POSSIBLE", "match_iou": 0.4076, "ms_id": "MS_00736", "osm_id": "way/354293006", "osm_name": null, "osm_levels": null, "osm_height": null, "osm_type": "yes", "ms_confidence": -1.0, "area_m2": 174.0 }, "geometry": { "type": "Polygon", "coordinates": [ [ [ 80.205060807474638, 13.1236840829973 ], [ 80.205059363052257, 13.123780712257314 ], [ 80.205209534931782, 13.123782841311737 ], [ 80.205210979354163, 13.123686212052561 ], [ 80.205060807474638, 13.1236840829973 ] ] ] } },
{ "type": "Feature", "properties": { "reconciliation_status": "MATCHED", "match_class": "POSSIBLE", "match_iou": 0.4073, "ms_id": "MS_00860", "osm_id": "way/363869847", "osm_name": null, "osm_levels": null, "osm_height": null, "osm_type": "yes", "ms_confidence": -1.0, "area_m2": 114.14 }, "geometry": { "type": "Polygon", "coordinates": [ [ [ 80.209831443541987, 13.12903746001453 ], [ 80.20992638172082, 13.129041471988472 ], [ 80.209930848604799, 13.128941384092812 ], [ 80.209835903534241, 13.128937365354574 ], [ 80.209831443541987, 13.12903746001453 ] ] ] } },
{ "type": "Feature", "properties": { "reconciliation_status": "MATCHED", "match_class": "POSSIBLE", "match_iou": 0.4062, "ms_id": "MS_02888", "osm_id": "way/354293271", "osm_name": null, "osm_levels": null, "osm_height": null, "osm_type": "yes", "ms_confidence": -1.0, "area_m2": 930.12 }, "geometry": { "type": "Polygon", "coordinates": [ [ [ 80.205535731733875, 13.126029498480065 ], [ 80.205721903737214, 13.126024777978387 ], [ 80.205714426370676, 13.125745836041133 ], [ 80.205487922323684, 13.125645778594418 ], [ 80.205488785101977, 13.125678050948096 ], [ 80.205444418566728, 13.12567917588953 ], [ 80.20544721550101, 13.125783515131843 ], [ 80.20543085298938, 13.125818645449215 ], [ 80.205432160693888, 13.125867560299724 ], [ 80.205531335200533, 13.12586504566957 ], [ 80.205535731733875, 13.126029498480065 ] ] ] } },
{ "type": "Feature", "properties": { "reconciliation_status": "MATCHED", "match_class": "POSSIBLE", "match_iou": 0.4049, "ms_id": "MS_01409", "osm_id": "way/354455588", "osm_name": null, "osm_levels": null, "osm_height": null, "osm_type": "yes", "ms_confidence": -1.0, "area_m2": 451.82 }, "geometry": { "type": "Polygon", "coordinates": [ [ [ 80.205407723420407, 13.121694000405213 ], [ 80.20523799407519, 13.12168174884475 ], [ 80.205221172585269, 13.121902569556212 ], [ 80.205390917713146, 13.121914822244904 ], [ 80.205407723420407, 13.121694000405213 ] ] ] } },
{ "type": "Feature", "properties": { "reconciliation_status": "MATCHED", "match_class": "POSSIBLE", "match_iou": 0.4045, "ms_id": "MS_01935", "osm_id": "way/354513401", "osm_name": null, "osm_levels": null, "osm_height": null, "osm_type": "yes", "ms_confidence": -1.0, "area_m2": 238.95 }, "geometry": { "type": "Polygon", "coordinates": [ [ [ 80.206794560124081, 13.118188687920366 ], [ 80.206874944518148, 13.118186189409272 ], [ 80.20687092529846, 13.118063540244961 ], [ 80.206948630212736, 13.118061125016339 ], [ 80.206946627143665, 13.118 ], [ 80.206788376812213, 13.118 ], [ 80.206794560124081, 13.118188687920366 ] ] ] } },
{ "type": "Feature", "properties": { "reconciliation_status": "MATCHED", "match_class": "POSSIBLE", "match_iou": 0.4031, "ms_id": "MS_01271", "osm_id": "way/354764866", "osm_name": null, "osm_levels": null, "osm_height": null, "osm_type": "yes", "ms_confidence": -1.0, "area_m2": 96.66 }, "geometry": { "type": "Polygon", "coordinates": [ [ [ 80.210854841481847, 13.129267796275343 ], [ 80.210849198370354, 13.129358888075288 ], [ 80.210937390271297, 13.129364069639905 ], [ 80.210943033382833, 13.129272977841879 ], [ 80.210854841481847, 13.129267796275343 ] ] ] } },
{ "type": "Feature", "properties": { "reconciliation_status": "MATCHED", "match_class": "POSSIBLE", "match_iou": 0.4028, "ms_id": "MS_00267", "osm_id": "way/354471142", "osm_name": null, "osm_levels": null, "osm_height": null, "osm_type": "yes", "ms_confidence": -1.0, "area_m2": 205.09 }, "geometry": { "type": "Polygon", "coordinates": [ [ [ 80.213706536469203, 13.12151655189939 ], [ 80.213611621950193, 13.121504382748626 ], [ 80.213587672442216, 13.121681552412781 ], [ 80.213682586961227, 13.121693721554777 ], [ 80.213706536469203, 13.12151655189939 ] ] ] } },
{ "type": "Feature", "properties": { "reconciliation_status": "MATCHED", "match_class": "POSSIBLE", "match_iou": 0.4027, "ms_id": "MS_01147", "osm_id": "way/354471481", "osm_name": null, "osm_levels": null, "osm_height": null, "osm_type": "yes", "ms_confidence": -1.0, "area_m2": 399.35 }, "geometry": { "type": "Polygon", "coordinates": [ [ [ 80.209072583734709, 13.119797991610767 ], [ 80.209281631376712, 13.119803705495713 ], [ 80.209286219693951, 13.119644486849069 ], [ 80.20907717205192, 13.119638772960428 ], [ 80.209072583734709, 13.119797991610767 ] ] ] } },
{ "type": "Feature", "properties": { "reconciliation_status": "MATCHED", "match_class": "POSSIBLE", "match_iou": 0.4027, "ms_id": "MS_00055", "osm_id": "way/354455528", "osm_name": null, "osm_levels": null, "osm_height": null, "osm_type": "yes", "ms_confidence": -1.0, "area_m2": 149.0 }, "geometry": { "type": "Polygon", "coordinates": [ [ [ 80.209653170023159, 13.121905184760223 ], [ 80.209650330269795, 13.122020053826603 ], [ 80.209713691353585, 13.122021539485004 ], [ 80.209713369591839, 13.122034592806529 ], [ 80.209753579486744, 13.122035535627575 ], [ 80.209756732751501, 13.121907613047426 ], [ 80.209653170023159, 13.121905184760223 ] ] ] } },
{ "type": "Feature", "properties": { "reconciliation_status": "MATCHED", "match_class": "POSSIBLE", "match_iou": 0.4026, "ms_id": "MS_00546", "osm_id": "way/368403231", "osm_name": null, "osm_levels": null, "osm_height": null, "osm_type": "yes", "ms_confidence": -1.0, "area_m2": 217.55 }, "geometry": { "type": "Polygon", "coordinates": [ [ [ 80.208325972935128, 13.127571578066068 ], [ 80.20832317206694, 13.127481362807529 ], [ 80.2081221901215, 13.127487280727095 ], [ 80.208124990564784, 13.127577482297085 ], [ 80.208325972935128, 13.127571578066068 ] ] ] } },
{ "type": "Feature", "properties": { "reconciliation_status": "MATCHED", "match_class": "POSSIBLE", "match_iou": 0.4018, "ms_id": "MS_00822", "osm_id": "way/354568536", "osm_name": null, "osm_levels": null, "osm_height": null, "osm_type": "yes", "ms_confidence": -1.0, "area_m2": 308.27 }, "geometry": { "type": "Polygon", "coordinates": [ [ [ 80.214458263220166, 13.121820838535811 ], [ 80.214459243066571, 13.121607799406732 ], [ 80.214338546120416, 13.121607264659815 ], [ 80.214337566236168, 13.121820312016041 ], [ 80.214458263220166, 13.121820838535811 ] ] ] } },
{ "type": "Feature", "properties": { "reconciliation_status": "MATCHED", "match_class": "POSSIBLE", "match_iou": 0.4018, "ms_id": "MS_00211", "osm_id": "way/354443165", "osm_name": null, "osm_levels": null, "osm_height": null, "osm_type": "yes", "ms_confidence": -1.0, "area_m2": 172.19 }, "geometry": { "type": "Polygon", "coordinates": [ [ [ 80.213715946899356, 13.119700229151491 ], [ 80.213720863941646, 13.119551487995324 ], [ 80.21362440439826, 13.119548463552889 ], [ 80.213619487355928, 13.119697204710874 ], [ 80.213715946899356, 13.119700229151491 ] ] ] } },
{ "type": "Feature", "properties": { "reconciliation_status": "MATCHED", "match_class": "POSSIBLE", "match_iou": 0.4016, "ms_id": "MS_00063", "osm_id": "way/354736408", "osm_name": null, "osm_levels": null, "osm_height": null, "osm_type": "yes", "ms_confidence": -1.0, "area_m2": 386.02 }, "geometry": { "type": "Polygon", "coordinates": [ [ [ 80.217925825836971, 13.118259293720058 ], [ 80.217926584129756, 13.118241038101715 ], [ 80.217798048444152, 13.118235974072959 ], [ 80.217791873774374, 13.118384626928744 ], [ 80.21790434249931, 13.118389057951219 ], [ 80.217903042568821, 13.118420353277259 ], [ 80.218, 13.118424173188059 ], [ 80.218, 13.118262216021797 ], [ 80.217925825836971, 13.118259293720058 ] ] ] } },
{ "type": "Feature", "properties": { "reconciliation_status": "MATCHED", "match_class": "POSSIBLE", "match_iou": 0.4003, "ms_id": "MS_00907", "osm_id": "way/354542766", "osm_name": null, "osm_levels": null, "osm_height": null, "osm_type": "yes", "ms_confidence": -1.0, "area_m2": 215.24 }, "geometry": { "type": "Polygon", "coordinates": [ [ [ 80.20567061315387, 13.121515193789136 ], [ 80.205517878070324, 13.12151051940964 ], [ 80.205514088836836, 13.121627951455622 ], [ 80.205666823920382, 13.121632625832888 ], [ 80.20567061315387, 13.121515193789136 ] ] ] } },
{ "type": "Feature", "properties": { "reconciliation_status": "MATCHED", "match_class": "POSSIBLE", "match_iou": 0.4003, "ms_id": "MS_02522", "osm_id": "way/354308389", "osm_name": null, "osm_levels": null, "osm_height": null, "osm_type": "yes", "ms_confidence": -1.0, "area_m2": 367.37 }, "geometry": { "type": "Polygon", "coordinates": [ [ [ 80.205370634689473, 13.123160729535499 ], [ 80.205207182794226, 13.123165754146086 ], [ 80.205213103360734, 13.123348423354102 ], [ 80.205384593873802, 13.123343151635481 ], [ 80.205381549011008, 13.123249207486282 ], [ 80.20537351039323, 13.123249454598195 ], [ 80.205370634689473, 13.123160729535499 ] ] ] } }
]
}
