{
"type": "FeatureCollection",
"name": "osm_buildings",
"crs": { "type": "name", "properties": { "name": "urn:ogc:def:crs:OGC:1.3:CRS84" } },
"features": [
{ "type": "Feature", "properties": { "osm_id": "way/354243904", "levels": null, "height": null, "name": null, "type": "yes" }, "geometry": { "type": "Polygon", "coordinates": [ [ [ 80.2052315, 13.1233101 ], [ 80.205237, 13.1234149 ], [ 80.205396, 13.123407 ], [ 80.2053904, 13.1233021 ], [ 80.2052315, 13.1233101 ] ] ] } },
{ "type": "Feature", "properties": { "osm_id": "way/354244176", "levels": null, "height": null, "name": null, "type": "yes" }, "geometry": { "type": "Polygon", "coordinates": [ [ [ 80.2050624, 13.1234321 ], [ 80.2052232, 13.1234241 ], [ 80.2052202, 13.1233662 ], [ 80.2050593, 13.1233742 ], [ 80.2050624, 13.1234321 ] ] ] } },
{ "type": "Feature", "properties": { "osm_id": "way/354244271", "levels": null, "height": null, "name": null, "type": "yes" }, "geometry": { "type": "Polygon", "coordinates": [ [ [ 80.2050562, 13.1229958 ], [ 80.2050568, 13.1230832 ], [ 80.2052074, 13.1230822 ], [ 80.2052067, 13.1229948 ], [ 80.2050562, 13.1229958 ] ] ] } },
{ "type": "Feature", "properties": { "osm_id": "way/354249335", "levels": null, "height": null, "name": null, "type": "yes" }, "geometry": { "type": "Polygon", "coordinates": [ [ [ 80.2058163, 13.1195503 ], [ 80.2058088, 13.1196543 ], [ 80.2060698, 13.1196721 ], [ 80.2060773, 13.119568 ], [ 80.2058163, 13.1195503 ] ] ] } },
{ "type": "Feature", "properties": { "osm_id": "way/354249355", "levels": null, "height": null, "name": null, "type": "yes" }, "geometry": { "type": "Polygon", "coordinates": [ [ [ 80.2054601, 13.1205339 ], [ 80.2054493, 13.1206841 ], [ 80.205589, 13.1206936 ], [ 80.2055997, 13.1205434 ], [ 80.2054601, 13.1205339 ] ] ] } },
{ "type": "Feature", "properties": { "osm_id": "way/354249369", "levels": null, "height": null, "name": null, "type": "yes" }, "geometry": { "type": "Polygon", "coordinates": [ [ [ 80.2051939, 13.1185356 ], [ 80.2053444, 13.1185186 ], [ 80.2053145, 13.1182685 ], [ 80.205164, 13.1182856 ], [ 80.2051939, 13.1185356 ] ] ] } },
{ "type": "Feature", "properties": { "osm_id": "way/354249375", "levels": null, "height": null, "name": null, "type": "yes" }, "geometry": { "type": "Polygon", "coordinates": [ [ [ 80.2050778, 13.1204382 ], [ 80.2051732, 13.1204446 ], [ 80.2051842, 13.1202905 ], [ 80.2050889, 13.120284 ], [ 80.2050778, 13.1204382 ] ] ] } },
{ "type": "Feature", "properties": { "osm_id": "way/354249408", "levels": null, "height": null, "name": null, "type": "yes" }, "geometry": { "type": "Polygon", "coordinates": [ [ [ 80.2050676, 13.1202659 ], [ 80.205186, 13.120274 ], [ 80.205204, 13.1200238 ], [ 80.2050856, 13.1200158 ], [ 80.2050676, 13.1202659 ] ] ] } },
{ "type": "Feature", "properties": { "osm_id": "way/354249442", "levels": null, "height": null, "name": null, "type": "yes" }, "geometry": { "type": "Polygon", "coordinates": [ [ [ 80.2056842, 13.1184167 ], [ 80.2057749, 13.1184152 ], [ 80.2057729, 13.1182962 ], [ 80.2056821, 13.1182977 ], [ 80.2056842, 13.1184167 ] ] ] } },
{ "type": "Feature", "properties": { "osm_id": "way/354249448", "levels": null, "height": null, "name": null, "type": "yes" }, "geometry": { "type": "Polygon", "coordinates": [ [ [ 80.2051956, 13.1203727 ], [ 80.2052784, 13.1203784 ], [ 80.2052893, 13.1202268 ], [ 80.2052064, 13.1202212 ], [ 80.2051956, 13.1203727 ] ] ] } },
{ "type": "Feature", "properties": { "osm_id": "way/354249516", "levels": null, "height": null, "name": null, "type": "yes" }, "geometry": { "type": "Polygon", "coordinates": [ [ [ 80.2050419, 13.1189507 ], [ 80.2051561, 13.1189565 ], [ 80.2051692, 13.1187144 ], [ 80.205055, 13.1187085 ], [ 80.2050419, 13.1189507 ] ] ] } },
{ "type": "Feature", "properties": { "osm_id": "way/354249518", "levels": null, "height": null, "name": null, "type": "yes" }, "geometry": { "type": "Polygon", "coordinates": [ [ [ 80.2053636, 13.1204498 ], [ 80.2054591, 13.1204563 ], [ 80.2054704, 13.1202986 ], [ 80.205375, 13.1202922 ], [ 80.2053636, 13.1204498 ] ] ] } },
{ "type": "Feature", "properties": { "osm_id": "way/354249532", "levels": null, "height": null, "name": null, "type": "yes" }, "geometry": { "type": "Polygon", "coordinates": [ [ [ 80.2052821, 13.1192286 ], [ 80.2054085, 13.1192351 ], [ 80.2054163, 13.1190923 ], [ 80.2052899, 13.1190858 ], [ 80.2052821, 13.1192286 ] ] ] } },
{ "type": "Feature", "properties": { "osm_id": "way/354277585", "levels": null, "height": null, "name": null, "type": "yes" }, "geometry": { "type": "Polygon", "coordinates": [ [ [ 80.2154462, 13.1273297 ], [ 80.2155074, 13.1273451 ], [ 80.2155438, 13.1272079 ], [ 80.2154826, 13.1271925 ], [ 80.2154462, 13.1273297 ] ] ] } },
{ "type": "Feature", "properties": { "osm_id": "way/354277587", "levels": null, "height": null, "name": null, "type": "yes" }, "geometry": { "type": "Polygon", "coordinates": [ [ [ 80.2159732, 13.1280836 ], [ 80.2159769, 13.127971 ], [ 80.2158435, 13.1279668 ], [ 80.2158397, 13.1280794 ], [ 80.2159732, 13.1280836 ] ] ] } },
{ "type": "Feature", "properties": { "osm_id": "way/354277593", "levels": null, "height": null, "name": null, "type": "yes" }, "geometry": { "type": "Polygon", "coordinates": [ [ [ 80.2146249, 13.1272882 ], [ 80.2146934, 13.127287 ], [ 80.214692, 13.1272134 ], [ 80.2146235, 13.1272146 ], [ 80.2146249, 13.1272882 ] ] ] } },
{ "type": "Feature", "properties": { "osm_id": "way/354277594", "levels": null, "height": null, "name": null, "type": "yes" }, "geometry": { "type": "Polygon", "coordinates": [ [ [ 80.2143045, 13.12674 ], [ 80.2143156, 13.1268606 ], [ 80.2144633, 13.1268478 ], [ 80.2144523, 13.1267272 ], [ 80.2143045, 13.12674 ] ] ] } },
{ "type": "Feature", "properties": { "osm_id": "way/354277595", "levels": null, "height": null, "name": null, "type": "yes" }, "geometry": { "type": "Polygon", "coordinates": [ [ [ 80.2144632, 13.1262401 ], [ 80.2145594, 13.1262378 ], [ 80.2145565, 13.1261238 ], [ 80.2144603, 13.1261261 ], [ 80.2144632, 13.1262401 ] ] ] } },
{ "type": "Feature", "properties": { "osm_id": "way/354277599", "levels": null, "height": null, "name": null, "type": "yes" }, "geometry": { "type": "Polygon", "coordinates": [ [ [ 80.2143791, 13.1255848 ], [ 80.2145149, 13.1255807 ], [ 80.214513, 13.1255184 ], [ 80.2143772, 13.1255225 ], [ 80.2143791, 13.1255848 ] ] ] } },
{ "type": "Feature", "properties": { "osm_id": "way/354277604", "levels": null, "height": null, "name": null, "type": "yes" }, "geometry": { "type": "Polygon", "coordinates": [ [ [ 80.2145696, 13.1262356 ], [ 80.2146666, 13.1262332 ], [ 80.2146638, 13.1261229 ], [ 80.2145667, 13.1261252 ], [ 80.2145696, 13.1262356 ] ] ] } },
{ "type": "Feature", "properties": { "osm_id": "way/354277608", "levels": null, "height": null, "name": null, "type": "yes" }, "geometry": { "type": "Polygon", "coordinates": [ [ [ 80.2148122, 13.126361 ], [ 80.2148061, 13.1264538 ], [ 80.2149367, 13.126462 ], [ 80.2149428, 13.1263691 ], [ 80.2148122, 13.126361 ] ] ] } },
{ "type": "Feature", "properties": { "osm_id": "way/354277618", "levels": null, "height": null, "name": null, "type": "yes" }, "geometry": { "type": "Polygon", "coordinates": [ [ [ 80.2149418, 13.126626 ], [ 80.2150377, 13.1266195 ], [ 80.2150265, 13.1264633 ], [ 80.2149306, 13.1264699 ], [ 80.2149418, 13.126626 ] ] ] } },
{ "type": "Feature", "properties": { "osm_id": "way/354277632", "levels": null, "height": null, "name": null, "type": "yes" }, "geometry": { "type": "Polygon", "coordinates": [ [ [ 80.2166741, 13.1270165 ], [ 80.2166783, 13.1271004 ], [ 80.2167921, 13.127095 ], [ 80.2167879, 13.127011 ], [ 80.2166741, 13.1270165 ] ] ] } },
{ "type": "Feature", "properties": { "osm_id": "way/354277646", "levels": null, "height": null, "name": null, "type": "yes" }, "geometry": { "type": "Polygon", "coordinates": [ [ [ 80.2155418, 13.1282134 ], [ 80.215539, 13.1281058 ], [ 80.2154233, 13.1281086 ], [ 80.2154261, 13.1282163 ], [ 80.2155418, 13.1282134 ] ] ] } },
{ "type": "Feature", "properties": { "osm_id": "way/354277651", "levels": null, "height": null, "name": null, "type": "yes" }, "geometry": { "type": "Polygon", "coordinates": [ [ [ 80.2164017, 13.1270419 ], [ 80.2165143, 13.1270347 ], [ 80.2165068, 13.1269247 ], [ 80.2163942, 13.126932 ], [ 80.2164017, 13.1270419 ] ] ] } },
{ "type": "Feature", "properties": { "osm_id": "way/354277655", "levels": null, "height": null, "name": null, "type": "yes" }, "geometry": { "type": "Polygon", "coordinates": [ [ [ 80.2150796, 13.1268319 ], [ 80.2150823, 13.1268903 ], [ 80.2151839, 13.1268858 ], [ 80.2151812, 13.1268274 ], [ 80.2150796, 13.1268319 ] ] ] } },
{ "type": "Feature", "properties": { "osm_id": "way/354277657", "levels": null, "height": null, "name": null, "type": "yes" }, "geometry": { "type": "Polygon", "coordinates": [ [ [ 80.2157875, 13.1270995 ], [ 80.215775, 13.1272398 ], [ 80.2158394, 13.1272452 ], [ 80.2158519, 13.1271049 ], [ 80.2157875, 13.1270995 ] ] ] } },
{ "type": "Feature", "properties": { "osm_id": "way/354277659", "levels": null, "height": null, "name": null, "type": "yes" }, "geometry": { "type": "Polygon", "coordinates": [ [ [ 80.2066553, 13.1272116 ], [ 80.2067467, 13.1272104 ], [ 80.2067448, 13.1270709 ], [ 80.2066533, 13.1270722 ], [ 80.2066553, 13.1272116 ] ] ] } },
{ "type": "Feature", "properties": { "osm_id": "way/354277661", "levels": null, "height": null, "name": null, "type": "yes" }, "geometry": { "type": "Polygon", "coordinates": [ [ [ 80.216091, 13.1273881 ], [ 80.2161708, 13.1273856 ], [ 80.216167, 13.1272693 ], [ 80.2160873, 13.1272718 ], [ 80.216091, 13.1273881 ] ] ] } },
{ "type": "Feature", "properties": { "osm_id": "way/354277673", "levels": null, "height": null, "name": null, "type": "yes" }, "geometry": { "type": "Polygon", "coordinates": [ [ [ 80.2158566, 13.1282117 ], [ 80.2159938, 13.1282085 ], [ 80.215991, 13.1280967 ], [ 80.2158538, 13.1281 ], [ 80.2158566, 13.1282117 ] ] ] } },
{ "type": "Feature", "properties": { "osm_id": "way/354277680", "levels": null, "height": null, "name": null, "type": "yes" }, "geometry": { "type": "Polygon", "coordinates": [ [ [ 80.2157438, 13.1280849 ], [ 80.2158342, 13.1280842 ], [ 80.2158332, 13.1279616 ], [ 80.2157429, 13.1279622 ], [ 80.2157438, 13.1280849 ] ] ] } },
{ "type": "Feature", "properties": { "osm_id": "way/354277687", "levels": null, "height": null, "name": null, "type": "yes" }, "geometry": { "type": "Polygon", "coordinates": [ [ [ 80.2067754, 13.1270677 ], [ 80.2068654, 13.127073 ], [ 80.206875, 13.126918 ], [ 80.206785, 13.1269127 ], [ 80.2067754, 13.1270677 ] ] ] } },
{ "type": "Feature", "properties": { "osm_id": "way/354277691", "levels": null, "height": null, "name": null, "type": "yes" }, "geometry": { "type": "Polygon", "coordinates": [ [ [ 80.2161862, 13.1273772 ], [ 80.2162638, 13.1273722 ], [ 80.2162563, 13.1272605 ], [ 80.2161787, 13.1272654 ], [ 80.2161862, 13.1273772 ] ] ] } },
{ "type": "Feature", "properties": { "osm_id": "way/354277696", "levels": null, "height": null, "name": null, "type": "yes" }, "geometry": { "type": "Polygon", "coordinates": [ [ [ 80.2146963, 13.1273005 ], [ 80.2147978, 13.1273048 ], [ 80.2148011, 13.1272316 ], [ 80.2146995, 13.1272273 ], [ 80.2146963, 13.1273005 ] ] ] } },
{ "type": "Feature", "properties": { "osm_id": "way/354277697", "levels": null, "height": null, "name": null, "type": "yes" }, "geometry": { "type": "Polygon", "coordinates": [ [ [ 80.2150193, 13.1295043 ], [ 80.215083, 13.1295765 ], [ 80.2152025, 13.1294765 ], [ 80.2151388, 13.1294043 ], [ 80.2150193, 13.1295043 ] ] ] } },
{ "type": "Feature", "properties": { "osm_id": "way/354277698", "levels": null, "height": null, "name": null, "type": "yes" }, "geometry": { "type": "Polygon", "coordinates": [ [ [ 80.20851, 13.1267423 ], [ 80.2085553, 13.1267503 ], [ 80.2085804, 13.1266167 ], [ 80.208535, 13.1266086 ], [ 80.20851, 13.1267423 ] ] ] } },
{ "type": "Feature", "properties": { "osm_id": "way/354277699", "levels": null, "height": null, "name": null, "type": "yes" }, "geometry": { "type": "Polygon", "coordinates": [ [ [ 80.2166356, 13.1291158 ], [ 80.216633, 13.1292269 ], [ 80.2168364, 13.1292314 ], [ 80.216839, 13.1291203 ], [ 80.2166356, 13.1291158 ] ] ] } },
{ "type": "Feature", "properties": { "osm_id": "way/354277701", "levels": null, "height": null, "name": null, "type": "yes" }, "geometry": { "type": "Polygon", "coordinates": [ [ [ 80.2145934, 13.1270638 ], [ 80.2146164, 13.1271252 ], [ 80.2147615, 13.1270738 ], [ 80.2147386, 13.1270124 ], [ 80.2145934, 13.1270638 ] ] ] } },
{ "type": "Feature", "properties": { "osm_id": "way/354277706", "levels": null, "height": null, "name": null, "type": "yes" }, "geometry": { "type": "Polygon", "coordinates": [ [ [ 80.2148374, 13.1257991 ], [ 80.2149073, 13.1258026 ], [ 80.2149129, 13.1256963 ], [ 80.214843, 13.1256928 ], [ 80.2148374, 13.1257991 ] ] ] } },
{ "type": "Feature", "properties": { "osm_id": "way/354277727", "levels": null, "height": null, "name": null, "type": "yes" }, "geometry": { "type": "Polygon", "coordinates": [ [ [ 80.2144091, 13.1260684 ], [ 80.2145135, 13.1260658 ], [ 80.2145099, 13.125923 ], [ 80.2144054, 13.1259255 ], [ 80.2144091, 13.1260684 ] ] ] } },
{ "type": "Feature", "properties": { "osm_id": "way/354277733", "levels": null, "height": null, "name": null, "type": "yes" }, "geometry": { "type": "Polygon", "coordinates": [ [ [ 80.2172416, 13.1289214 ], [ 80.2172425, 13.1290125 ], [ 80.2173836, 13.1290112 ], [ 80.2173828, 13.1289202 ], [ 80.2172416, 13.1289214 ] ] ] } },
{ "type": "Feature", "properties": { "osm_id": "way/354277765", "levels": null, "height": null, "name": null, "type": "yes" }, "geometry": { "type": "Polygon", "coordinates": [ [ [ 80.215079, 13.1267028 ], [ 80.2150817, 13.1267612 ], [ 80.2151833, 13.1267567 ], [ 80.2151806, 13.1266983 ], [ 80.215079, 13.1267028 ] ] ] } },
{ "type": "Feature", "properties": { "osm_id": "way/354277773", "levels": null, "height": null, "name": null, "type": "yes" }, "geometry": { "type": "Polygon", "coordinates": [ [ [ 80.2142283, 13.1280726 ], [ 80.2143501, 13.1280681 ], [ 80.2143467, 13.1279829 ], [ 80.214225, 13.1279875 ], [ 80.2142283, 13.1280726 ] ] ] } },
{ "type": "Feature", "properties": { "osm_id": "way/354277782", "levels": null, "height": null, "name": null, "type": "yes" }, "geometry": { "type": "Polygon", "coordinates": [ [ [ 80.2163715, 13.129562 ], [ 80.2164965, 13.129564 ], [ 80.2164995, 13.1293895 ], [ 80.2163744, 13.1293875 ], [ 80.2163715, 13.129562 ] ] ] } },
{ "type": "Feature", "properties": { "osm_id": "way/354277786", "levels": null, "height": null, "name": null, "type": "yes" }, "geometry": { "type": "Polygon", "coordinates": [ [ [ 80.2051448, 13.1266193 ], [ 80.2051473, 13.1267818 ], [ 80.2053904, 13.1267781 ], [ 80.2053878, 13.1266157 ], [ 80.2051448, 13.1266193 ] ] ] } },
{ "type": "Feature", "properties": { "osm_id": "way/354277795", "levels": null, "height": null, "name": null, "type": "yes" }, "geometry": { "type": "Polygon", "coordinates": [ [ [ 80.2142785, 13.1264836 ], [ 80.2143498, 13.1264819 ], [ 80.2143457, 13.1263219 ], [ 80.2142744, 13.1263236 ], [ 80.2142785, 13.1264836 ] ] ] } },
{ "type": "Feature", "properties": { "osm_id": "way/354277804", "levels": null, "height": null, "name": null, "type": "yes" }, "geometry": { "type": "Polygon", "coordinates": [ [ [ 80.2150769, 13.126767 ], [ 80.2150797, 13.1268254 ], [ 80.2151813, 13.1268209 ], [ 80.2151785, 13.1267625 ], [ 80.2150769, 13.126767 ] ] ] } },
{ "type": "Feature", "properties": { "osm_id": "way/354277807", "levels": null, "height": null, "name": null, "type": "yes" }, "geometry": { "type": "Polygon", "coordinates": [ [ [ 80.2153809, 13.1277072 ], [ 80.2153342, 13.1273955 ], [ 80.2152454, 13.1274081 ], [ 80.2152921, 13.1277198 ], [ 80.2153809, 13.1277072 ] ] ] } },
{ "type": "Feature", "properties": { "osm_id": "way/354277813", "levels": null, "height": null, "name": null, "type": "yes" }, "geometry": { "type": "Polygon", "coordinates": [ [ [ 80.2170935, 13.1290027 ], [ 80.2170908, 13.1290723 ], [ 80.217228, 13.1290774 ], [ 80.2172308, 13.1290078 ], [ 80.2170935, 13.1290027 ] ] ] } },
{ "type": "Feature", "properties": { "osm_id": "way/354277825", "levels": null, "height": null, "name": null, "type": "yes" }, "geometry": { "type": "Polygon", "coordinates": [ [ [ 80.2048827, 13.1266696 ], [ 80.2050767, 13.1266569 ], [ 80.2050696, 13.1265532 ], [ 80.2048755, 13.1265659 ], [ 80.2048827, 13.1266696 ] ] ] } },
{ "type": "Feature", "properties": { "osm_id": "way/354277828", "levels": null, "height": null, "name": null, "type": "yes" }, "geometry": { "type": "Polygon", "coordinates": [ [ [ 80.2164129, 13.1271673 ], [ 80.2165228, 13.1271602 ], [ 80.2165153, 13.1270503 ], [ 80.2164054, 13.1270573 ], [ 80.2164129, 13.1271673 ] ] ] } },
{ "type": "Feature", "properties": { "osm_id": "way/354277830", "levels": null, "height": null, "name": null, "type": "yes" }, "geometry": { "type": "Polygon", "coordinates": [ [ [ 80.2160575, 13.1265945 ], [ 80.216162, 13.1265909 ], [ 80.2161592, 13.1265149 ], [ 80.2160548, 13.1265185 ], [ 80.2160575, 13.1265945 ] ] ] } },
{ "type": "Feature", "properties": { "osm_id": "way/354277831", "levels": null, "height": null, "name": null, "type": "yes" }, "geometry": { "type": "Polygon", "coordinates": [ [ [ 80.2160571, 13.1297039 ], [ 80.2161336, 13.1297045 ], [ 80.2161349, 13.1295477 ], [ 80.2160584, 13.1295471 ], [ 80.2160571, 13.1297039 ] ] ] } },
{ "type": "Feature", "properties": { "osm_id": "way/354277834", "levels": null, "height": null, "name": null, "type": "yes" }, "geometry": { "type": "Polygon", "coordinates": [ [ [ 80.2069713, 13.1270529 ], [ 80.207045, 13.1270572 ], [ 80.2070518, 13.1269482 ], [ 80.2069781, 13.1269438 ], [ 80.2069713, 13.1270529 ] ] ] } },
{ "type": "Feature", "properties": { "osm_id": "way/354277840", "levels": null, "height": null, "name": null, "type": "yes" }, "geometry": { "type": "Polygon", "coordinates": [ [ [ 80.2153333, 13.1273023 ], [ 80.2153873, 13.1273272 ], [ 80.2154578, 13.1271828 ], [ 80.2154037, 13.1271578 ], [ 80.2153333, 13.1273023 ] ] ] } },
{ "type": "Feature", "properties": { "osm_id": "way/354277848", "levels": null, "height": null, "name": null, "type": "yes" }, "geometry": { "type": "Polygon", "coordinates": [ [ [ 80.2150866, 13.1263785 ], [ 80.2151877, 13.1263841 ], [ 80.215193, 13.1262942 ], [ 80.2150919, 13.1262886 ], [ 80.2150866, 13.1263785 ] ] ] } },
{ "type": "Feature", "properties": { "osm_id": "way/354277858", "levels": null, "height": null, "name": null, "type": "yes" }, "geometry": { "type": "Polygon", "coordinates": [ [ [ 80.2178937, 13.1290436 ], [ 80.2180626, 13.1290363 ], [ 80.2180577, 13.1289283 ], [ 80.2178888, 13.1289356 ], [ 80.2178937, 13.1290436 ] ] ] } },
{ "type": "Feature", "properties": { "osm_id": "way/354277874", "levels": null, "height": null, "name": null, "type": "yes" }, "geometry": { "type": "Polygon", "coordinates": [ [ [ 80.2161155, 13.1276848 ], [ 80.2161179, 13.1277914 ], [ 80.2162663, 13.1277882 ], [ 80.2162639, 13.1276816 ], [ 80.2161155, 13.1276848 ] ] ] } },
{ "type": "Feature", "properties": { "osm_id": "way/354277876", "levels": null, "height": null, "name": null, "type": "yes" }, "geometry": { "type": "Polygon", "coordinates": [ [ [ 80.2048715, 13.1265587 ], [ 80.2050599, 13.126546 ], [ 80.2050529, 13.1264467 ], [ 80.2048644, 13.1264595 ], [ 80.2048715, 13.1265587 ] ] ] } },
{ "type": "Feature", "properties": { "osm_id": "way/354277880", "levels": null, "height": null, "name": null, "type": "yes" }, "geometry": { "type": "Polygon", "coordinates": [ [ [ 80.2162879, 13.1271073 ], [ 80.2162962, 13.1271938 ], [ 80.2164054, 13.1271838 ], [ 80.216397, 13.1270973 ], [ 80.2162879, 13.1271073 ] ] ] } },
{ "type": "Feature", "properties": { "osm_id": "way/354277882", "levels": null, "height": null, "name": null, "type": "yes" }, "geometry": { "type": "Polygon", "coordinates": [ [ [ 80.2069865, 13.1272431 ], [ 80.2070831, 13.1272487 ], [ 80.2070937, 13.1270785 ], [ 80.206997, 13.1270728 ], [ 80.2069865, 13.1272431 ] ] ] } },
{ "type": "Feature", "properties": { "osm_id": "way/354277887", "levels": null, "height": null, "name": null, "type": "yes" }, "geometry": { "type": "Polygon", "coordinates": [ [ [ 80.2066599, 13.1270593 ], [ 80.2067156, 13.1270626 ], [ 80.2067259, 13.1268961 ], [ 80.2066703, 13.1268929 ], [ 80.2066599, 13.1270593 ] ] ] } },
{ "type": "Feature", "properties": { "osm_id": "way/354277894", "levels": null, "height": null, "name": null, "type": "yes" }, "geometry": { "type": "Polygon", "coordinates": [ [ [ 80.2166533, 13.1274806 ], [ 80.2165457, 13.1273196 ], [ 80.2164574, 13.1273755 ], [ 80.2165207, 13.1274702 ], [ 80.2165435, 13.1274557 ], [ 80.2165618, 13.1274831 ], [ 80.2165284, 13.1275042 ], [ 80.2165544, 13.1275432 ], [ 80.2166533, 13.1274806 ] ] ] } },
{ "type": "Feature", "properties": { "osm_id": "way/354277896", "levels": null, "height": null, "name": null, "type": "yes" }, "geometry": { "type": "Polygon", "coordinates": [ [ [ 80.2084895, 13.1265861 ], [ 80.2085395, 13.1265965 ], [ 80.2085514, 13.1265419 ], [ 80.2085014, 13.1265315 ], [ 80.2084895, 13.1265861 ] ] ] } },
{ "type": "Feature", "properties": { "osm_id": "way/354277897", "levels": null, "height": null, "name": null, "type": "yes" }, "geometry": { "type": "Polygon", "coordinates": [ [ [ 80.2168132, 13.1284298 ], [ 80.2168165, 13.1285367 ], [ 80.2169775, 13.1285319 ], [ 80.2169742, 13.128425 ], [ 80.2168132, 13.1284298 ] ] ] } },
{ "type": "Feature", "properties": { "osm_id": "way/354277900", "levels": null, "height": null, "name": null, "type": "yes" }, "geometry": { "type": "Polygon", "coordinates": [ [ [ 80.2078417, 13.1271294 ], [ 80.2080462, 13.1271608 ], [ 80.2080436, 13.1270613 ], [ 80.2079312, 13.1270049 ], [ 80.2078672, 13.1269721 ], [ 80.2078417, 13.1271294 ] ] ] } },
{ "type": "Feature", "properties": { "osm_id": "way/354277903", "levels": null, "height": null, "name": null, "type": "yes" }, "geometry": { "type": "Polygon", "coordinates": [ [ [ 80.2149797, 13.1275754 ], [ 80.2150539, 13.1275686 ], [ 80.215036, 13.1273848 ], [ 80.2151308, 13.127376 ], [ 80.2151235, 13.1273018 ], [ 80.2149545, 13.1273174 ], [ 80.2149797, 13.1275754 ] ] ] } },
{ "type": "Feature", "properties": { "osm_id": "way/354277906", "levels": null, "height": null, "name": null, "type": "yes" }, "geometry": { "type": "Polygon", "coordinates": [ [ [ 80.2144657, 13.1264945 ], [ 80.2144593, 13.1262955 ], [ 80.2144322, 13.1262957 ], [ 80.2144208, 13.1262959 ], [ 80.214407, 13.1262958 ], [ 80.2144117, 13.1264835 ], [ 80.2144365, 13.1264829 ], [ 80.2144368, 13.1264952 ], [ 80.2144657, 13.1264945 ] ] ] } },
{ "type": "Feature", "properties": { "osm_id": "way/354277929", "levels": null, "height": null, "name": null, "type": "yes" }, "geometry": { "type": "Polygon", "coordinates": [ [ [ 80.2163388, 13.1286734 ], [ 80.2163701, 13.1286536 ], [ 80.216364, 13.1286443 ], [ 80.2163804, 13.1286339 ], [ 80.2163703, 13.1286187 ], [ 80.2163909, 13.1285689 ], [ 80.2163111, 13.1284494 ], [ 80.2162255, 13.1285036 ], [ 80.2163388, 13.1286734 ] ] ] } },
{ "type": "Feature", "properties": { "osm_id": "way/354292976", "levels": null, "height": null, "name": null, "type": "yes" }, "geometry": { "type": "Polygon", "coordinates": [ [ [ 80.2068097, 13.1251737 ], [ 80.206817, 13.1249598 ], [ 80.2066338, 13.1249389 ], [ 80.2066317, 13.1249992 ], [ 80.206764, 13.1250045 ], [ 80.2067607, 13.1250826 ], [ 80.2066284, 13.1250773 ], [ 80.2066253, 13.1251525 ], [ 80.2068097, 13.1251737 ] ] ] } },
{ "type": "Feature", "properties": { "osm_id": "way/354292980", "levels": null, "height": null, "name": null, "type": "yes" }, "geometry": { "type": "Polygon", "coordinates": [ [ [ 80.2075243, 13.1277595 ], [ 80.2076227, 13.1277657 ], [ 80.207628, 13.127686 ], [ 80.2075296, 13.1276798 ], [ 80.2075243, 13.1277595 ] ] ] } },
{ "type": "Feature", "properties": { "osm_id": "way/354292985", "levels": null, "height": null, "name": null, "type": "yes" }, "geometry": { "type": "Polygon", "coordinates": [ [ [ 80.2048214, 13.1258325 ], [ 80.2050542, 13.1258319 ], [ 80.205054, 13.125747 ], [ 80.2048211, 13.1257477 ], [ 80.2048214, 13.1258325 ] ] ] } },
{ "type": "Feature", "properties": { "osm_id": "way/354292996", "levels": null, "height": null, "name": null, "type": "yes" }, "geometry": { "type": "Polygon", "coordinates": [ [ [ 80.208075, 13.127962 ], [ 80.2082889, 13.1279979 ], [ 80.2083017, 13.1279258 ], [ 80.2080878, 13.12789 ], [ 80.208075, 13.127962 ] ] ] } },
{ "type": "Feature", "properties": { "osm_id": "way/354293001", "levels": null, "height": null, "name": null, "type": "yes" }, "geometry": { "type": "Polygon", "coordinates": [ [ [ 80.2054847, 13.1281183 ], [ 80.2055414, 13.128121 ], [ 80.205547, 13.1280111 ], [ 80.2054903, 13.1280083 ], [ 80.2054847, 13.1281183 ] ] ] } },
{ "type": "Feature", "properties": { "osm_id": "way/354293005", "levels": null, "height": null, "name": null, "type": "yes" }, "geometry": { "type": "Polygon", "coordinates": [ [ [ 80.2052198, 13.1273049 ], [ 80.205298, 13.1273036 ], [ 80.2052954, 13.1271449 ], [ 80.2052172, 13.1271462 ], [ 80.2052198, 13.1273049 ] ] ] } },
{ "type": "Feature", "properties": { "osm_id": "way/354293006", "levels": null, "height": null, "name": null, "type": "yes" }, "geometry": { "type": "Polygon", "coordinates": [ [ [ 80.2050596, 13.123655 ], [ 80.2050647, 13.1237454 ], [ 80.2052018, 13.1237382 ], [ 80.2051968, 13.1236478 ], [ 80.2050596, 13.123655 ] ] ] } },
{ "type": "Feature", "properties": { "osm_id": "way/354293013", "levels": null, "height": null, "name": null, "type": "yes" }, "geometry": { "type": "Polygon", "coordinates": [ [ [ 80.2050581, 13.1238729 ], [ 80.2050587, 13.1239761 ], [ 80.2051431, 13.1239756 ], [ 80.2051425, 13.1238725 ], [ 80.2050581, 13.1238729 ] ] ] } },
{ "type": "Feature", "properties": { "osm_id": "way/354293014", "levels": null, "height": null, "name": null, "type": "yes" }, "geometry": { "type": "Polygon", "coordinates": [ [ [ 80.2076698, 13.127846 ], [ 80.2077599, 13.1278494 ], [ 80.207764, 13.1277469 ], [ 80.2076739, 13.1277435 ], [ 80.2076698, 13.127846 ] ] ] } },
{ "type": "Feature", "properties": { "osm_id": "way/354293015", "levels": null, "height": null, "name": null, "type": "yes" }, "geometry": { "type": "Polygon", "coordinates": [ [ [ 80.2064322, 13.124643 ], [ 80.2064322, 13.1247027 ], [ 80.206578, 13.1247027 ], [ 80.206578, 13.124643 ], [ 80.2064322, 13.124643 ] ] ] } },
{ "type": "Feature", "properties": { "osm_id": "way/354293016", "levels": null, "height": null, "name": null, "type": "yes" }, "geometry": { "type": "Polygon", "coordinates": [ [ [ 80.2077659, 13.1282012 ], [ 80.2076699, 13.1281976 ], [ 80.207667, 13.1282703 ], [ 80.207763, 13.1282739 ], [ 80.2077659, 13.1282012 ] ] ] } },
{ "type": "Feature", "properties": { "osm_id": "way/354293023", "levels": null, "height": null, "name": null, "type": "yes" }, "geometry": { "type": "Polygon", "coordinates": [ [ [ 80.2059169, 13.1263243 ], [ 80.2059195, 13.1262151 ], [ 80.2058288, 13.126213 ], [ 80.2058262, 13.1263222 ], [ 80.2059169, 13.1263243 ] ] ] } },
{ "type": "Feature", "properties": { "osm_id": "way/354293024", "levels": null, "height": null, "name": null, "type": "yes" }, "geometry": { "type": "Polygon", "coordinates": [ [ [ 80.2055539, 13.1242088 ], [ 80.2056279, 13.1242061 ], [ 80.2056223, 13.1240589 ], [ 80.2055483, 13.1240616 ], [ 80.2055539, 13.1242088 ] ] ] } },
{ "type": "Feature", "properties": { "osm_id": "way/354293026", "levels": null, "height": null, "name": null, "type": "yes" }, "geometry": { "type": "Polygon", "coordinates": [ [ [ 80.2063513, 13.1250782 ], [ 80.2065342, 13.1250754 ], [ 80.2065329, 13.124993 ], [ 80.20635, 13.1249957 ], [ 80.2063513, 13.1250782 ] ] ] } },
{ "type": "Feature", "properties": { "osm_id": "way/354293028", "levels": null, "height": null, "name": null, "type": "yes" }, "geometry": { "type": "Polygon", "coordinates": [ [ [ 80.2089748, 13.1281431 ], [ 80.2090322, 13.1281502 ], [ 80.209052, 13.1279999 ], [ 80.2089946, 13.1279927 ], [ 80.2089748, 13.1281431 ] ] ] } },
{ "type": "Feature", "properties": { "osm_id": "way/354293030", "levels": null, "height": null, "name": null, "type": "yes" }, "geometry": { "type": "Polygon", "coordinates": [ [ [ 80.2058953, 13.1241961 ], [ 80.2060102, 13.1241936 ], [ 80.2060065, 13.1240265 ], [ 80.2058916, 13.1240289 ], [ 80.2058953, 13.1241961 ] ] ] } },
{ "type": "Feature", "properties": { "osm_id": "way/354293032", "levels": null, "height": null, "name": null, "type": "yes" }, "geometry": { "type": "Polygon", "coordinates": [ [ [ 80.2070497, 13.1281175 ], [ 80.20725, 13.1281198 ], [ 80.2072513, 13.1280145 ], [ 80.2070511, 13.1280121 ], [ 80.2070497, 13.1281175 ] ] ] } },
{ "type": "Feature", "properties": { "osm_id": "way/354293033", "levels": null, "height": null, "name": null, "type": "yes" }, "geometry": { "type": "Polygon", "coordinates": [ [ [ 80.2103332, 13.1277711 ], [ 80.2103943, 13.1277999 ], [ 80.2104536, 13.1276804 ], [ 80.2103925, 13.1276516 ], [ 80.2103332, 13.1277711 ] ] ] } },
{ "type": "Feature", "properties": { "osm_id": "way/354293036", "levels": null, "height": null, "name": null, "type": "yes" }, "geometry": { "type": "Polygon", "coordinates": [ [ [ 80.2050437, 13.1235543 ], [ 80.2050487, 13.1236456 ], [ 80.2052073, 13.1236374 ], [ 80.2052023, 13.1235462 ], [ 80.2050437, 13.1235543 ] ] ] } },
{ "type": "Feature", "properties": { "osm_id": "way/354293045", "levels": null, "height": null, "name": null, "type": "yes" }, "geometry": { "type": "Polygon", "coordinates": [ [ [ 80.2058699, 13.1249066 ], [ 80.2060013, 13.1249012 ], [ 80.2059967, 13.1247952 ], [ 80.2058653, 13.1248006 ], [ 80.2058699, 13.1249066 ] ] ] } },
{ "type": "Feature", "properties": { "osm_id": "way/354293047", "levels": null, "height": null, "name": null, "type": "yes" }, "geometry": { "type": "Polygon", "coordinates": [ [ [ 80.2060293, 13.1282915 ], [ 80.2061691, 13.1282985 ], [ 80.2061732, 13.1282223 ], [ 80.2060333, 13.1282152 ], [ 80.2060293, 13.1282915 ] ] ] } },
{ "type": "Feature", "properties": { "osm_id": "way/354293051", "levels": null, "height": null, "name": null, "type": "yes" }, "geometry": { "type": "Polygon", "coordinates": [ [ [ 80.2068254, 13.124587 ], [ 80.2068917, 13.1245866 ], [ 80.2068913, 13.1245057 ], [ 80.2068249, 13.1245061 ], [ 80.2068254, 13.124587 ] ] ] } },
{ "type": "Feature", "properties": { "osm_id": "way/354293052", "levels": null, "height": null, "name": null, "type": "yes" }, "geometry": { "type": "Polygon", "coordinates": [ [ [ 80.2089042, 13.1281392 ], [ 80.2089607, 13.1281486 ], [ 80.2089871, 13.1279983 ], [ 80.2089306, 13.1279889 ], [ 80.2089042, 13.1281392 ] ] ] } },
{ "type": "Feature", "properties": { "osm_id": "way/354293053", "levels": null, "height": null, "name": null, "type": "yes" }, "geometry": { "type": "Polygon", "coordinates": [ [ [ 80.2089233, 13.1279477 ], [ 80.2089431, 13.1277877 ], [ 80.2088474, 13.1277765 ], [ 80.2088276, 13.1279365 ], [ 80.2089233, 13.1279477 ] ] ] } },
{ "type": "Feature", "properties": { "osm_id": "way/354293055", "levels": null, "height": null, "name": null, "type": "yes" }, "geometry": { "type": "Polygon", "coordinates": [ [ [ 80.2090419, 13.1283299 ], [ 80.2091492, 13.1283393 ], [ 80.2091566, 13.1282547 ], [ 80.2090457, 13.1282523 ], [ 80.2090419, 13.1283299 ] ] ] } },
{ "type": "Feature", "properties": { "osm_id": "way/354293059", "levels": null, "height": null, "name": null, "type": "yes" }, "geometry": { "type": "Polygon", "coordinates": [ [ [ 80.2072833, 13.1282472 ], [ 80.2074728, 13.1282683 ], [ 80.2074834, 13.1281784 ], [ 80.2072938, 13.1281573 ], [ 80.2072833, 13.1282472 ] ] ] } },
{ "type": "Feature", "properties": { "osm_id": "way/354293066", "levels": null, "height": null, "name": null, "type": "yes" }, "geometry": { "type": "Polygon", "coordinates": [ [ [ 80.2053663, 13.1277694 ], [ 80.2053887, 13.1279794 ], [ 80.2054948, 13.1279687 ], [ 80.2054723, 13.1277586 ], [ 80.2053663, 13.1277694 ] ] ] } },
{ "type": "Feature", "properties": { "osm_id": "way/354293068", "levels": null, "height": null, "name": null, "type": "yes" }, "geometry": { "type": "Polygon", "coordinates": [ [ [ 80.2048725, 13.1273516 ], [ 80.2048803, 13.1274015 ], [ 80.2050818, 13.1273715 ], [ 80.205074, 13.1273216 ], [ 80.2048725, 13.1273516 ] ] ] } },
{ "type": "Feature", "properties": { "osm_id": "way/354293069", "levels": null, "height": null, "name": null, "type": "yes" }, "geometry": { "type": "Polygon", "coordinates": [ [ [ 80.2050952, 13.1283121 ], [ 80.2051836, 13.1283096 ], [ 80.2051812, 13.1282314 ], [ 80.2050929, 13.1282339 ], [ 80.2050952, 13.1283121 ] ] ] } },
{ "type": "Feature", "properties": { "osm_id": "way/354293073", "levels": null, "height": null, "name": null, "type": "yes" }, "geometry": { "type": "Polygon", "coordinates": [ [ [ 80.2070883, 13.1274306 ], [ 80.2070883, 13.1275044 ], [ 80.2072394, 13.1275044 ], [ 80.2072394, 13.1274306 ], [ 80.2070883, 13.1274306 ] ] ] } },
{ "type": "Feature", "properties": { "osm_id": "way/354293080", "levels": null, "height": null, "name": null, "type": "yes" }, "geometry": { "type": "Polygon", "coordinates": [ [ [ 80.208957, 13.127983 ], [ 80.2090608, 13.1279993 ], [ 80.2090865, 13.1278431 ], [ 80.2089827, 13.1278269 ], [ 80.208957, 13.127983 ] ] ] } },
{ "type": "Feature", "properties": { "osm_id": "way/354293081", "levels": null, "height": null, "name": null, "type": "yes" }, "geometry": { "type": "Polygon", "coordinates": [ [ [ 80.2062266, 13.1263611 ], [ 80.2062889, 13.1263688 ], [ 80.206306, 13.1262384 ], [ 80.2062438, 13.1262307 ], [ 80.2062266, 13.1263611 ] ] ] } },
{ "type": "Feature", "properties": { "osm_id": "way/354293084", "levels": null, "height": null, "name": null, "type": "yes" }, "geometry": { "type": "Polygon", "coordinates": [ [ [ 80.2052007, 13.1277013 ], [ 80.2053031, 13.1276988 ], [ 80.2052998, 13.1275684 ], [ 80.2051974, 13.1275708 ], [ 80.2052007, 13.1277013 ] ] ] } },
{ "type": "Feature", "properties": { "osm_id": "way/354293088", "levels": null, "height": null, "name": null, "type": "yes" }, "geometry": { "type": "Polygon", "coordinates": [ [ [ 80.2048997, 13.127114 ], [ 80.2049086, 13.1272211 ], [ 80.2050807, 13.1272075 ], [ 80.2050717, 13.1271004 ], [ 80.2048997, 13.127114 ] ] ] } },
{ "type": "Feature", "properties": { "osm_id": "way/354293097", "levels": null, "height": null, "name": null, "type": "yes" }, "geometry": { "type": "Polygon", "coordinates": [ [ [ 80.2050682, 13.1247847 ], [ 80.2052192, 13.1248302 ], [ 80.2052442, 13.1247583 ], [ 80.2050932, 13.1247101 ], [ 80.2050682, 13.1247847 ] ] ] } },
{ "type": "Feature", "properties": { "osm_id": "way/354293099", "levels": null, "height": null, "name": null, "type": "yes" }, "geometry": { "type": "Polygon", "coordinates": [ [ [ 80.2075019, 13.1282069 ], [ 80.2075624, 13.1282079 ], [ 80.2075637, 13.1281295 ], [ 80.2075032, 13.1281285 ], [ 80.2075019, 13.1282069 ] ] ] } },
{ "type": "Feature", "properties": { "osm_id": "way/354293101", "levels": null, "height": null, "name": null, "type": "yes" }, "geometry": { "type": "Polygon", "coordinates": [ [ [ 80.2068864, 13.12518 ], [ 80.2069531, 13.1251859 ], [ 80.2069689, 13.125016 ], [ 80.2069022, 13.1250101 ], [ 80.2068864, 13.12518 ] ] ] } },
{ "type": "Feature", "properties": { "osm_id": "way/354293102", "levels": null, "height": null, "name": null, "type": "yes" }, "geometry": { "type": "Polygon", "coordinates": [ [ [ 80.2063295, 13.1264022 ], [ 80.2064492, 13.1264122 ], [ 80.2064571, 13.1263222 ], [ 80.2063374, 13.1263123 ], [ 80.2063295, 13.1264022 ] ] ] } },
{ "type": "Feature", "properties": { "osm_id": "way/354293103", "levels": null, "height": null, "name": null, "type": "yes" }, "geometry": { "type": "Polygon", "coordinates": [ [ [ 80.2066226, 13.1255745 ], [ 80.2066168, 13.1256555 ], [ 80.2067894, 13.1256673 ], [ 80.2067952, 13.1255863 ], [ 80.2066226, 13.1255745 ] ] ] } },
{ "type": "Feature", "properties": { "osm_id": "way/354293105", "levels": null, "height": null, "name": null, "type": "yes" }, "geometry": { "type": "Polygon", "coordinates": [ [ [ 80.204855, 13.1260912 ], [ 80.2048565, 13.1261546 ], [ 80.2050682, 13.1261501 ], [ 80.2050668, 13.1260867 ], [ 80.204855, 13.1260912 ] ] ] } },
{ "type": "Feature", "properties": { "osm_id": "way/354293109", "levels": null, "height": null, "name": null, "type": "yes" }, "geometry": { "type": "Polygon", "coordinates": [ [ [ 80.2049193, 13.1270849 ], [ 80.2050919, 13.1270713 ], [ 80.2050852, 13.1269913 ], [ 80.2049126, 13.127005 ], [ 80.2049193, 13.1270849 ] ] ] } },
{ "type": "Feature", "properties": { "osm_id": "way/354293110", "levels": null, "height": null, "name": null, "type": "yes" }, "geometry": { "type": "Polygon", "coordinates": [ [ [ 80.207534, 13.1274244 ], [ 80.2075344, 13.1274957 ], [ 80.2076412, 13.1274952 ], [ 80.2076409, 13.1274239 ], [ 80.207534, 13.1274244 ] ] ] } },
{ "type": "Feature", "properties": { "osm_id": "way/354293124", "levels": null, "height": null, "name": null, "type": "yes" }, "geometry": { "type": "Polygon", "coordinates": [ [ [ 80.2083704, 13.1260111 ], [ 80.208452, 13.1260081 ], [ 80.2084473, 13.1258882 ], [ 80.2083657, 13.1258912 ], [ 80.2083704, 13.1260111 ] ] ] } },
{ "type": "Feature", "properties": { "osm_id": "way/354293142", "levels": null, "height": null, "name": null, "type": "yes" }, "geometry": { "type": "Polygon", "coordinates": [ [ [ 80.2083097, 13.1282485 ], [ 80.2084682, 13.128259 ], [ 80.2084748, 13.1281639 ], [ 80.2083163, 13.1281534 ], [ 80.2083097, 13.1282485 ] ] ] } },
{ "type": "Feature", "properties": { "osm_id": "way/354293145", "levels": null, "height": null, "name": null, "type": "yes" }, "geometry": { "type": "Polygon", "coordinates": [ [ [ 80.2056842, 13.1263591 ], [ 80.205687, 13.1264202 ], [ 80.205778, 13.1264164 ], [ 80.2057753, 13.1263553 ], [ 80.2056842, 13.1263591 ] ] ] } },
{ "type": "Feature", "properties": { "osm_id": "way/354293154", "levels": null, "height": null, "name": null, "type": "yes" }, "geometry": { "type": "Polygon", "coordinates": [ [ [ 80.2073639, 13.1268348 ], [ 80.2073857, 13.1266973 ], [ 80.2073113, 13.1266862 ], [ 80.2072896, 13.1268237 ], [ 80.2073639, 13.1268348 ] ] ] } },
{ "type": "Feature", "properties": { "osm_id": "way/354293156", "levels": null, "height": null, "name": null, "type": "yes" }, "geometry": { "type": "Polygon", "coordinates": [ [ [ 80.2064276, 13.1246365 ], [ 80.2065622, 13.1246365 ], [ 80.2065622, 13.124535 ], [ 80.2064276, 13.124535 ], [ 80.2064276, 13.1246365 ] ] ] } },
{ "type": "Feature", "properties": { "osm_id": "way/354293157", "levels": null, "height": null, "name": null, "type": "yes" }, "geometry": { "type": "Polygon", "coordinates": [ [ [ 80.2076716, 13.1281113 ], [ 80.2077566, 13.1281145 ], [ 80.2077603, 13.1280222 ], [ 80.2076753, 13.128019 ], [ 80.2076716, 13.1281113 ] ] ] } },
{ "type": "Feature", "properties": { "osm_id": "way/354293158", "levels": null, "height": null, "name": null, "type": "yes" }, "geometry": { "type": "Polygon", "coordinates": [ [ [ 80.2074043, 13.1277627 ], [ 80.2075085, 13.1277627 ], [ 80.2075085, 13.1276567 ], [ 80.2074043, 13.1276567 ], [ 80.2074043, 13.1277627 ] ] ] } },
{ "type": "Feature", "properties": { "osm_id": "way/354293163", "levels": null, "height": null, "name": null, "type": "yes" }, "geometry": { "type": "Polygon", "coordinates": [ [ [ 80.2061656, 13.1265382 ], [ 80.2062162, 13.1265412 ], [ 80.2062234, 13.1264256 ], [ 80.2061729, 13.1264226 ], [ 80.2061656, 13.1265382 ] ] ] } },
{ "type": "Feature", "properties": { "osm_id": "way/354293167", "levels": null, "height": null, "name": null, "type": "yes" }, "geometry": { "type": "Polygon", "coordinates": [ [ [ 80.2057158, 13.1262866 ], [ 80.205763, 13.1262111 ], [ 80.2057531, 13.1260453 ], [ 80.2056229, 13.1260527 ], [ 80.2057158, 13.1262866 ] ] ] } },
{ "type": "Feature", "properties": { "osm_id": "way/354293168", "levels": null, "height": null, "name": null, "type": "yes" }, "geometry": { "type": "Polygon", "coordinates": [ [ [ 80.2057796, 13.124197 ], [ 80.2058815, 13.1241924 ], [ 80.2058741, 13.1240352 ], [ 80.2057722, 13.1240398 ], [ 80.2057796, 13.124197 ] ] ] } },
{ "type": "Feature", "properties": { "osm_id": "way/354293174", "levels": null, "height": null, "name": null, "type": "yes" }, "geometry": { "type": "Polygon", "coordinates": [ [ [ 80.2068743, 13.127786 ], [ 80.207059, 13.127788 ], [ 80.2070603, 13.1276763 ], [ 80.2068756, 13.1276742 ], [ 80.2068743, 13.127786 ] ] ] } },
{ "type": "Feature", "properties": { "osm_id": "way/354293175", "levels": null, "height": null, "name": null, "type": "yes" }, "geometry": { "type": "Polygon", "coordinates": [ [ [ 80.2066454, 13.1249279 ], [ 80.2067365, 13.1249298 ], [ 80.2067391, 13.1248072 ], [ 80.2066481, 13.1248053 ], [ 80.2066454, 13.1249279 ] ] ] } },
{ "type": "Feature", "properties": { "osm_id": "way/354293176", "levels": null, "height": null, "name": null, "type": "yes" }, "geometry": { "type": "Polygon", "coordinates": [ [ [ 80.205221, 13.1234304 ], [ 80.2052231, 13.1235299 ], [ 80.2053517, 13.1235274 ], [ 80.2053496, 13.1234278 ], [ 80.205221, 13.1234304 ] ] ] } },
{ "type": "Feature", "properties": { "osm_id": "way/354293177", "levels": null, "height": null, "name": null, "type": "yes" }, "geometry": { "type": "Polygon", "coordinates": [ [ [ 80.2051486, 13.123981 ], [ 80.2052334, 13.1239814 ], [ 80.2052339, 13.1238728 ], [ 80.2051491, 13.1238725 ], [ 80.2051486, 13.123981 ] ] ] } },
{ "type": "Feature", "properties": { "osm_id": "way/354293178", "levels": null, "height": null, "name": null, "type": "yes" }, "geometry": { "type": "Polygon", "coordinates": [ [ [ 80.2076651, 13.1280095 ], [ 80.2077581, 13.128013 ], [ 80.2077612, 13.1279359 ], [ 80.2076682, 13.1279324 ], [ 80.2076651, 13.1280095 ] ] ] } },
{ "type": "Feature", "properties": { "osm_id": "way/354293187", "levels": null, "height": null, "name": null, "type": "yes" }, "geometry": { "type": "Polygon", "coordinates": [ [ [ 80.2058516, 13.1267072 ], [ 80.2059612, 13.1267028 ], [ 80.2059559, 13.1265763 ], [ 80.2058463, 13.1265806 ], [ 80.2058516, 13.1267072 ] ] ] } },
{ "type": "Feature", "properties": { "osm_id": "way/354293189", "levels": null, "height": null, "name": null, "type": "yes" }, "geometry": { "type": "Polygon", "coordinates": [ [ [ 80.2066649, 13.1245652 ], [ 80.2067396, 13.1245641 ], [ 80.2067387, 13.1245028 ], [ 80.206664, 13.1245038 ], [ 80.2066649, 13.1245652 ] ] ] } },
{ "type": "Feature", "properties": { "osm_id": "way/354293191", "levels": null, "height": null, "name": null, "type": "yes" }, "geometry": { "type": "Polygon", "coordinates": [ [ [ 80.2087492, 13.1281097 ], [ 80.2088094, 13.1281189 ], [ 80.2088351, 13.1279602 ], [ 80.2087749, 13.127951 ], [ 80.2087492, 13.1281097 ] ] ] } },
{ "type": "Feature", "properties": { "osm_id": "way/354293192", "levels": null, "height": null, "name": null, "type": "yes" }, "geometry": { "type": "Polygon", "coordinates": [ [ [ 80.2056593, 13.1241961 ], [ 80.2057629, 13.1241929 ], [ 80.2057582, 13.1240493 ], [ 80.2056546, 13.1240525 ], [ 80.2056593, 13.1241961 ] ] ] } },
{ "type": "Feature", "properties": { "osm_id": "way/354293194", "levels": null, "height": null, "name": null, "type": "yes" }, "geometry": { "type": "Polygon", "coordinates": [ [ [ 80.2063569, 13.1250809 ], [ 80.2063562, 13.1251449 ], [ 80.2065363, 13.1251468 ], [ 80.2065369, 13.1250827 ], [ 80.2063569, 13.1250809 ] ] ] } },
{ "type": "Feature", "properties": { "osm_id": "way/354293195", "levels": null, "height": null, "name": null, "type": "yes" }, "geometry": { "type": "Polygon", "coordinates": [ [ [ 80.2092735, 13.1280996 ], [ 80.2092615, 13.1281804 ], [ 80.2094065, 13.1282008 ], [ 80.2094185, 13.12812 ], [ 80.2092735, 13.1280996 ] ] ] } },
{ "type": "Feature", "properties": { "osm_id": "way/354293198", "levels": null, "height": null, "name": null, "type": "yes" }, "geometry": { "type": "Polygon", "coordinates": [ [ [ 80.2068729, 13.1279042 ], [ 80.2070633, 13.1279019 ], [ 80.207062, 13.1277991 ], [ 80.2068716, 13.1278014 ], [ 80.2068729, 13.1279042 ] ] ] } },
{ "type": "Feature", "properties": { "osm_id": "way/354293199", "levels": null, "height": null, "name": null, "type": "yes" }, "geometry": { "type": "Polygon", "coordinates": [ [ [ 80.206832, 13.1253772 ], [ 80.2068826, 13.1253782 ], [ 80.2068853, 13.1252562 ], [ 80.2068347, 13.1252551 ], [ 80.206832, 13.1253772 ] ] ] } },
{ "type": "Feature", "properties": { "osm_id": "way/354293204", "levels": null, "height": null, "name": null, "type": "yes" }, "geometry": { "type": "Polygon", "coordinates": [ [ [ 80.2077741, 13.128156 ], [ 80.2079811, 13.1281672 ], [ 80.207985, 13.1280978 ], [ 80.207778, 13.1280866 ], [ 80.2077741, 13.128156 ] ] ] } },
{ "type": "Feature", "properties": { "osm_id": "way/354293214", "levels": null, "height": null, "name": null, "type": "yes" }, "geometry": { "type": "Polygon", "coordinates": [ [ [ 80.2059253, 13.1246984 ], [ 80.2060009, 13.1246935 ], [ 80.2059943, 13.1245972 ], [ 80.2059187, 13.1246021 ], [ 80.2059253, 13.1246984 ] ] ] } },
{ "type": "Feature", "properties": { "osm_id": "way/354293215", "levels": null, "height": null, "name": null, "type": "yes" }, "geometry": { "type": "Polygon", "coordinates": [ [ [ 80.2074199, 13.1280814 ], [ 80.2075031, 13.128085 ], [ 80.2075078, 13.1279835 ], [ 80.2074245, 13.1279799 ], [ 80.2074199, 13.1280814 ] ] ] } },
{ "type": "Feature", "properties": { "osm_id": "way/354293218", "levels": null, "height": null, "name": null, "type": "yes" }, "geometry": { "type": "Polygon", "coordinates": [ [ [ 80.2086087, 13.1279342 ], [ 80.208728, 13.1279482 ], [ 80.2087505, 13.1277665 ], [ 80.2086312, 13.1277525 ], [ 80.2086087, 13.1279342 ] ] ] } },
{ "type": "Feature", "properties": { "osm_id": "way/354293220", "levels": null, "height": null, "name": null, "type": "yes" }, "geometry": { "type": "Polygon", "coordinates": [ [ [ 80.2078178, 13.1272579 ], [ 80.2078283, 13.1270132 ], [ 80.2077428, 13.1270097 ], [ 80.2077322, 13.1272544 ], [ 80.2078178, 13.1272579 ] ] ] } },
{ "type": "Feature", "properties": { "osm_id": "way/354293224", "levels": null, "height": null, "name": null, "type": "yes" }, "geometry": { "type": "Polygon", "coordinates": [ [ [ 80.2077728, 13.1280571 ], [ 80.2079839, 13.1280776 ], [ 80.2079928, 13.1279906 ], [ 80.2077817, 13.1279701 ], [ 80.2077728, 13.1280571 ] ] ] } },
{ "type": "Feature", "properties": { "osm_id": "way/354293229", "levels": null, "height": null, "name": null, "type": "yes" }, "geometry": { "type": "Polygon", "coordinates": [ [ [ 80.2051888, 13.1275426 ], [ 80.2053042, 13.1275449 ], [ 80.2053075, 13.1273914 ], [ 80.2051921, 13.127389 ], [ 80.2051888, 13.1275426 ] ] ] } },
{ "type": "Feature", "properties": { "osm_id": "way/354293230", "levels": null, "height": null, "name": null, "type": "yes" }, "geometry": { "type": "Polygon", "coordinates": [ [ [ 80.2050108, 13.1280272 ], [ 80.2050153, 13.1281211 ], [ 80.2050991, 13.1281172 ], [ 80.2050945, 13.1280234 ], [ 80.2050108, 13.1280272 ] ] ] } },
{ "type": "Feature", "properties": { "osm_id": "way/354293237", "levels": null, "height": null, "name": null, "type": "yes" }, "geometry": { "type": "Polygon", "coordinates": [ [ [ 80.2070811, 13.1277165 ], [ 80.2072559, 13.1277165 ], [ 80.2071595, 13.1276712 ], [ 80.2070811, 13.1276754 ], [ 80.2070811, 13.1277165 ] ] ] } },
{ "type": "Feature", "properties": { "osm_id": "way/354293241", "levels": null, "height": null, "name": null, "type": "yes" }, "geometry": { "type": "Polygon", "coordinates": [ [ [ 80.2050675, 13.1245046 ], [ 80.2050708, 13.1245927 ], [ 80.2052172, 13.1245876 ], [ 80.2052139, 13.1244994 ], [ 80.2050675, 13.1245046 ] ] ] } },
{ "type": "Feature", "properties": { "osm_id": "way/354293245", "levels": null, "height": null, "name": null, "type": "yes" }, "geometry": { "type": "Polygon", "coordinates": [ [ [ 80.2072958, 13.125236 ], [ 80.2073741, 13.1252481 ], [ 80.207389, 13.1251558 ], [ 80.2073107, 13.1251438 ], [ 80.2072958, 13.125236 ] ] ] } },
{ "type": "Feature", "properties": { "osm_id": "way/354293246", "levels": null, "height": null, "name": null, "type": "yes" }, "geometry": { "type": "Polygon", "coordinates": [ [ [ 80.2071092, 13.1254068 ], [ 80.2071817, 13.1254112 ], [ 80.2071901, 13.1252794 ], [ 80.2071176, 13.125275 ], [ 80.2071092, 13.1254068 ] ] ] } },
{ "type": "Feature", "properties": { "osm_id": "way/354293251", "levels": null, "height": null, "name": null, "type": "yes" }, "geometry": { "type": "Polygon", "coordinates": [ [ [ 80.2051936, 13.127034 ], [ 80.2053801, 13.1270313 ], [ 80.2053776, 13.1268695 ], [ 80.2051911, 13.1268722 ], [ 80.2051936, 13.127034 ] ] ] } },
{ "type": "Feature", "properties": { "osm_id": "way/354293252", "levels": null, "height": null, "name": null, "type": "yes" }, "geometry": { "type": "Polygon", "coordinates": [ [ [ 80.2066706, 13.1276048 ], [ 80.206673, 13.1276803 ], [ 80.2068223, 13.1276757 ], [ 80.2068199, 13.1276003 ], [ 80.2066706, 13.1276048 ] ] ] } },
{ "type": "Feature", "properties": { "osm_id": "way/354293253", "levels": null, "height": null, "name": null, "type": "yes" }, "geometry": { "type": "Polygon", "coordinates": [ [ [ 80.2077062, 13.1276143 ], [ 80.2078023, 13.1276179 ], [ 80.2078066, 13.1275079 ], [ 80.2077105, 13.1275042 ], [ 80.2077062, 13.1276143 ] ] ] } },
{ "type": "Feature", "properties": { "osm_id": "way/354293264", "levels": null, "height": null, "name": null, "type": "yes" }, "geometry": { "type": "Polygon", "coordinates": [ [ [ 80.206526, 13.1282164 ], [ 80.2067195, 13.1281841 ], [ 80.2067024, 13.128125 ], [ 80.20652, 13.1281091 ], [ 80.206526, 13.1282164 ] ] ] } },
{ "type": "Feature", "properties": { "osm_id": "way/354293268", "levels": null, "height": null, "name": null, "type": "yes" }, "geometry": { "type": "Polygon", "coordinates": [ [ [ 80.2070375, 13.1251937 ], [ 80.2070552, 13.1250319 ], [ 80.2069771, 13.1250238 ], [ 80.2069594, 13.1251856 ], [ 80.2070375, 13.1251937 ] ] ] } },
{ "type": "Feature", "properties": { "osm_id": "way/354293269", "levels": null, "height": null, "name": null, "type": "yes" }, "geometry": { "type": "Polygon", "coordinates": [ [ [ 80.2068795, 13.125767 ], [ 80.2069461, 13.1257718 ], [ 80.2069536, 13.1256746 ], [ 80.2068869, 13.1256698 ], [ 80.2068795, 13.125767 ] ] ] } },
{ "type": "Feature", "properties": { "osm_id": "way/354293271", "levels": null, "height": null, "name": null, "type": "yes" }, "geometry": { "type": "Polygon", "coordinates": [ [ [ 80.2055449, 13.125994 ], [ 80.2057326, 13.1259819 ], [ 80.2057205, 13.1258038 ], [ 80.2055328, 13.125816 ], [ 80.2055449, 13.125994 ] ] ] } },
{ "type": "Feature", "properties": { "osm_id": "way/354293272", "levels": null, "height": null, "name": null, "type": "yes" }, "geometry": { "type": "Polygon", "coordinates": [ [ [ 80.2068749, 13.1275685 ], [ 80.2068749, 13.1276711 ], [ 80.207054, 13.1276711 ], [ 80.207054, 13.1275685 ], [ 80.2068749, 13.1275685 ] ] ] } },
{ "type": "Feature", "properties": { "osm_id": "way/354293277", "levels": null, "height": null, "name": null, "type": "yes" }, "geometry": { "type": "Polygon", "coordinates": [ [ [ 80.2076988, 13.1277311 ], [ 80.2077949, 13.1277347 ], [ 80.2077993, 13.1276247 ], [ 80.2077032, 13.127621 ], [ 80.2076988, 13.1277311 ] ] ] } },
{ "type": "Feature", "properties": { "osm_id": "way/354293279", "levels": null, "height": null, "name": null, "type": "yes" }, "geometry": { "type": "Polygon", "coordinates": [ [ [ 80.2080815, 13.1281329 ], [ 80.2082979, 13.1281547 ], [ 80.2083041, 13.1280964 ], [ 80.2080877, 13.1280746 ], [ 80.2080815, 13.1281329 ] ] ] } },
{ "type": "Feature", "properties": { "osm_id": "way/354293287", "levels": null, "height": null, "name": null, "type": "yes" }, "geometry": { "type": "Polygon", "coordinates": [ [ [ 80.2062477, 13.1280944 ], [ 80.2063207, 13.1280968 ], [ 80.206324, 13.1280024 ], [ 80.206251, 13.128 ], [ 80.2062477, 13.1280944 ] ] ] } },
{ "type": "Feature", "properties": { "osm_id": "way/354293291", "levels": null, "height": null, "name": null, "type": "yes" }, "geometry": { "type": "Polygon", "coordinates": [ [ [ 80.2062391, 13.1262063 ], [ 80.2064664, 13.1262318 ], [ 80.2064773, 13.1261876 ], [ 80.2064255, 13.1261592 ], [ 80.206253, 13.1260784 ], [ 80.2062391, 13.1262063 ] ] ] } },
{ "type": "Feature", "properties": { "osm_id": "way/354293292", "levels": null, "height": null, "name": null, "type": "yes" }, "geometry": { "type": "Polygon", "coordinates": [ [ [ 80.2060607, 13.1253233 ], [ 80.2060488, 13.1251299 ], [ 80.2059102, 13.1251382 ], [ 80.2059142, 13.1252468 ], [ 80.2059722, 13.1252738 ], [ 80.2060607, 13.1253233 ] ] ] } },
{ "type": "Feature", "properties": { "osm_id": "way/354293293", "levels": null, "height": null, "name": null, "type": "yes" }, "geometry": { "type": "Polygon", "coordinates": [ [ [ 80.2060001, 13.126349 ], [ 80.2061651, 13.1263664 ], [ 80.2061831, 13.1262043 ], [ 80.2061402, 13.1261998 ], [ 80.2061558, 13.1260593 ], [ 80.2060337, 13.1260465 ], [ 80.2060001, 13.126349 ] ] ] } },
{ "type": "Feature", "properties": { "osm_id": "way/354293294", "levels": null, "height": null, "name": null, "type": "yes" }, "geometry": { "type": "Polygon", "coordinates": [ [ [ 80.2062242, 13.1270771 ], [ 80.2062363, 13.126914 ], [ 80.2061989, 13.1269114 ], [ 80.2061975, 13.1269311 ], [ 80.206153, 13.126928 ], [ 80.2061424, 13.1270713 ], [ 80.2062242, 13.1270771 ] ] ] } },
{ "type": "Feature", "properties": { "osm_id": "way/354296320", "levels": null, "height": null, "name": null, "type": "yes" }, "geometry": { "type": "Polygon", "coordinates": [ [ [ 80.2139778, 13.1294029 ], [ 80.214082, 13.1294364 ], [ 80.2141304, 13.1293692 ], [ 80.2139991, 13.1293397 ], [ 80.2139778, 13.1294029 ] ] ] } },
{ "type": "Feature", "properties": { "osm_id": "way/354296321", "levels": null, "height": null, "name": null, "type": "yes" }, "geometry": { "type": "Polygon", "coordinates": [ [ [ 80.2089906, 13.1288305 ], [ 80.2090129, 13.128678 ], [ 80.2089347, 13.1286658 ], [ 80.2088983, 13.1288148 ], [ 80.2089906, 13.1288305 ] ] ] } },
{ "type": "Feature", "properties": { "osm_id": "way/354296325", "levels": null, "height": null, "name": null, "type": "yes" }, "geometry": { "type": "Polygon", "coordinates": [ [ [ 80.2068535, 13.128667 ], [ 80.2069897, 13.1286593 ], [ 80.2069805, 13.1285051 ], [ 80.2068443, 13.1285128 ], [ 80.2068535, 13.128667 ] ] ] } },
{ "type": "Feature", "properties": { "osm_id": "way/354296326", "levels": null, "height": null, "name": null, "type": "yes" }, "geometry": { "type": "Polygon", "coordinates": [ [ [ 80.2076731, 13.1296971 ], [ 80.2076862, 13.1297831 ], [ 80.2079064, 13.1297513 ], [ 80.2078933, 13.1296653 ], [ 80.2076731, 13.1296971 ] ] ] } },
{ "type": "Feature", "properties": { "osm_id": "way/354296328", "levels": null, "height": null, "name": null, "type": "yes" }, "geometry": { "type": "Polygon", "coordinates": [ [ [ 80.2065983, 13.1285055 ], [ 80.206706, 13.1284984 ], [ 80.2066976, 13.1283775 ], [ 80.2065899, 13.1283846 ], [ 80.2065983, 13.1285055 ] ] ] } },
{ "type": "Feature", "properties": { "osm_id": "way/354296332", "levels": null, "height": null, "name": null, "type": "yes" }, "geometry": { "type": "Polygon", "coordinates": [ [ [ 80.2057234, 13.12861 ], [ 80.2057287, 13.1286965 ], [ 80.2058844, 13.1286874 ], [ 80.2058791, 13.128601 ], [ 80.2057234, 13.12861 ] ] ] } },
{ "type": "Feature", "properties": { "osm_id": "way/354296333", "levels": null, "height": null, "name": null, "type": "yes" }, "geometry": { "type": "Polygon", "coordinates": [ [ [ 80.2176484, 13.1298737 ], [ 80.2176475, 13.1299298 ], [ 80.2177841, 13.1299317 ], [ 80.2177849, 13.1298756 ], [ 80.2176484, 13.1298737 ] ] ] } },
{ "type": "Feature", "properties": { "osm_id": "way/354296334", "levels": null, "height": null, "name": null, "type": "yes" }, "geometry": { "type": "Polygon", "coordinates": [ [ [ 80.2176265, 13.1286166 ], [ 80.2177651, 13.1286178 ], [ 80.217766, 13.1285216 ], [ 80.2176275, 13.1285204 ], [ 80.2176265, 13.1286166 ] ] ] } },
{ "type": "Feature", "properties": { "osm_id": "way/354296337", "levels": null, "height": null, "name": null, "type": "yes" }, "geometry": { "type": "Polygon", "coordinates": [ [ [ 80.2144358, 13.1284857 ], [ 80.2144301, 13.1285474 ], [ 80.2145849, 13.128561 ], [ 80.2145907, 13.1284994 ], [ 80.2144358, 13.1284857 ] ] ] } },
{ "type": "Feature", "properties": { "osm_id": "way/354296338", "levels": null, "height": null, "name": null, "type": "yes" }, "geometry": { "type": "Polygon", "coordinates": [ [ [ 80.2138913, 13.1298004 ], [ 80.2139857, 13.1298817 ], [ 80.2141341, 13.1297184 ], [ 80.2140397, 13.129637 ], [ 80.2138913, 13.1298004 ] ] ] } },
{ "type": "Feature", "properties": { "osm_id": "way/354296339", "levels": null, "height": null, "name": null, "type": "yes" }, "geometry": { "type": "Polygon", "coordinates": [ [ [ 80.2095172, 13.1295636 ], [ 80.2095176, 13.1296227 ], [ 80.2096538, 13.1296217 ], [ 80.2096534, 13.1295627 ], [ 80.2095172, 13.1295636 ] ] ] } },
{ "type": "Feature", "properties": { "osm_id": "way/354296340", "levels": null, "height": null, "name": null, "type": "yes" }, "geometry": { "type": "Polygon", "coordinates": [ [ [ 80.2172427, 13.1287898 ], [ 80.2172467, 13.1289129 ], [ 80.2173932, 13.1289083 ], [ 80.2173891, 13.1287852 ], [ 80.2172427, 13.1287898 ] ] ] } },
{ "type": "Feature", "properties": { "osm_id": "way/354296341", "levels": null, "height": null, "name": null, "type": "yes" }, "geometry": { "type": "Polygon", "coordinates": [ [ [ 80.2067523, 13.1295274 ], [ 80.2067745, 13.1296093 ], [ 80.2068998, 13.1295772 ], [ 80.2068777, 13.1294953 ], [ 80.2067523, 13.1295274 ] ] ] } },
{ "type": "Feature", "properties": { "osm_id": "way/354296342", "levels": null, "height": null, "name": null, "type": "yes" }, "geometry": { "type": "Polygon", "coordinates": [ [ [ 80.2106194, 13.1290368 ], [ 80.2106067, 13.1291182 ], [ 80.2107168, 13.1291346 ], [ 80.2107295, 13.1290532 ], [ 80.2106194, 13.1290368 ] ] ] } },
{ "type": "Feature", "properties": { "osm_id": "way/354296346", "levels": null, "height": null, "name": null, "type": "yes" }, "geometry": { "type": "Polygon", "coordinates": [ [ [ 80.2087956, 13.1288051 ], [ 80.2088937, 13.1288129 ], [ 80.2089049, 13.1286718 ], [ 80.2088181, 13.128666 ], [ 80.2087956, 13.1288051 ] ] ] } },
{ "type": "Feature", "properties": { "osm_id": "way/354296354", "levels": null, "height": null, "name": null, "type": "yes" }, "geometry": { "type": "Polygon", "coordinates": [ [ [ 80.2110309, 13.128923 ], [ 80.2111306, 13.1289571 ], [ 80.2111726, 13.1288408 ], [ 80.2110729, 13.1288067 ], [ 80.2110309, 13.128923 ] ] ] } },
{ "type": "Feature", "properties": { "osm_id": "way/354296356", "levels": null, "height": null, "name": null, "type": "yes" }, "geometry": { "type": "Polygon", "coordinates": [ [ [ 80.21488, 13.1290722 ], [ 80.2149871, 13.1290751 ], [ 80.2149911, 13.1289337 ], [ 80.214884, 13.1289309 ], [ 80.21488, 13.1290722 ] ] ] } },
{ "type": "Feature", "properties": { "osm_id": "way/354296358", "levels": null, "height": null, "name": null, "type": "yes" }, "geometry": { "type": "Polygon", "coordinates": [ [ [ 80.2087295, 13.1296293 ], [ 80.2087464, 13.1297221 ], [ 80.2088434, 13.1297054 ], [ 80.2088265, 13.1296126 ], [ 80.2087295, 13.1296293 ] ] ] } },
{ "type": "Feature", "properties": { "osm_id": "way/354296359", "levels": null, "height": null, "name": null, "type": "yes" }, "geometry": { "type": "Polygon", "coordinates": [ [ [ 80.2073885, 13.1285784 ], [ 80.2074834, 13.1285791 ], [ 80.207484, 13.1284891 ], [ 80.2073892, 13.1284885 ], [ 80.2073885, 13.1285784 ] ] ] } },
{ "type": "Feature", "properties": { "osm_id": "way/354296360", "levels": null, "height": null, "name": null, "type": "yes" }, "geometry": { "type": "Polygon", "coordinates": [ [ [ 80.2148941, 13.129909 ], [ 80.2150538, 13.1299245 ], [ 80.2150646, 13.1298181 ], [ 80.2149049, 13.1298026 ], [ 80.2148941, 13.129909 ] ] ] } },
{ "type": "Feature", "properties": { "osm_id": "way/354296365", "levels": null, "height": null, "name": null, "type": "yes" }, "geometry": { "type": "Polygon", "coordinates": [ [ [ 80.2108659, 13.1288926 ], [ 80.2109405, 13.128904 ], [ 80.2110006, 13.1287459 ], [ 80.2109015, 13.1286934 ], [ 80.2108659, 13.1288926 ] ] ] } },
{ "type": "Feature", "properties": { "osm_id": "way/354296366", "levels": null, "height": null, "name": null, "type": "yes" }, "geometry": { "type": "Polygon", "coordinates": [ [ [ 80.2160688, 13.129881 ], [ 80.2161629, 13.1298788 ], [ 80.216161, 13.1298025 ], [ 80.2160669, 13.1298047 ], [ 80.2160688, 13.129881 ] ] ] } },
{ "type": "Feature", "properties": { "osm_id": "way/354296368", "levels": null, "height": null, "name": null, "type": "yes" }, "geometry": { "type": "Polygon", "coordinates": [ [ [ 80.2179729, 13.1299702 ], [ 80.2179674, 13.1300644 ], [ 80.2181196, 13.1300728 ], [ 80.218125, 13.1299786 ], [ 80.2179729, 13.1299702 ] ] ] } },
{ "type": "Feature", "properties": { "osm_id": "way/354296370", "levels": null, "height": null, "name": null, "type": "yes" }, "geometry": { "type": "Polygon", "coordinates": [ [ [ 80.2148666, 13.128888 ], [ 80.2150285, 13.1288971 ], [ 80.215035, 13.1287862 ], [ 80.2148731, 13.1287772 ], [ 80.2148666, 13.128888 ] ] ] } },
{ "type": "Feature", "properties": { "osm_id": "way/354296371", "levels": null, "height": null, "name": null, "type": "yes" }, "geometry": { "type": "Polygon", "coordinates": [ [ [ 80.2146407, 13.1298892 ], [ 80.2148658, 13.1299057 ], [ 80.2148747, 13.1297904 ], [ 80.2147316, 13.1297799 ], [ 80.2147327, 13.1297653 ], [ 80.2146507, 13.1297593 ], [ 80.2146407, 13.1298892 ] ] ] } },
{ "type": "Feature", "properties": { "osm_id": "way/354296373", "levels": null, "height": null, "name": null, "type": "yes" }, "geometry": { "type": "Polygon", "coordinates": [ [ [ 80.2069452, 13.1299069 ], [ 80.2071524, 13.1298632 ], [ 80.2071243, 13.1297367 ], [ 80.2069171, 13.1297804 ], [ 80.2069452, 13.1299069 ] ] ] } },
{ "type": "Feature", "properties": { "osm_id": "way/354296374", "levels": null, "height": null, "name": null, "type": "yes" }, "geometry": { "type": "Polygon", "coordinates": [ [ [ 80.2142641, 13.1295989 ], [ 80.2143742, 13.1294851 ], [ 80.2142146, 13.1293386 ], [ 80.2141044, 13.1294524 ], [ 80.2142641, 13.1295989 ] ] ] } },
{ "type": "Feature", "properties": { "osm_id": "way/354296375", "levels": null, "height": null, "name": null, "type": "yes" }, "geometry": { "type": "Polygon", "coordinates": [ [ [ 80.2168319, 13.1288395 ], [ 80.21683, 13.1289527 ], [ 80.2170035, 13.1289554 ], [ 80.2170054, 13.1288422 ], [ 80.2168319, 13.1288395 ] ] ] } },
{ "type": "Feature", "properties": { "osm_id": "way/354296379", "levels": null, "height": null, "name": null, "type": "yes" }, "geometry": { "type": "Polygon", "coordinates": [ [ [ 80.209793, 13.1298338 ], [ 80.2098386, 13.1298318 ], [ 80.2098321, 13.1296928 ], [ 80.2097865, 13.1296948 ], [ 80.209793, 13.1298338 ] ] ] } },
{ "type": "Feature", "properties": { "osm_id": "way/354296382", "levels": null, "height": null, "name": null, "type": "yes" }, "geometry": { "type": "Polygon", "coordinates": [ [ [ 80.2058451, 13.1295795 ], [ 80.2058627, 13.1296756 ], [ 80.2060408, 13.1296448 ], [ 80.2060233, 13.1295487 ], [ 80.2058451, 13.1295795 ] ] ] } },
{ "type": "Feature", "properties": { "osm_id": "way/354296383", "levels": null, "height": null, "name": null, "type": "yes" }, "geometry": { "type": "Polygon", "coordinates": [ [ [ 80.2060569, 13.1290837 ], [ 80.206195, 13.12907 ], [ 80.2061862, 13.1289857 ], [ 80.2060481, 13.1289994 ], [ 80.2060569, 13.1290837 ] ] ] } },
{ "type": "Feature", "properties": { "osm_id": "way/354296384", "levels": null, "height": null, "name": null, "type": "yes" }, "geometry": { "type": "Polygon", "coordinates": [ [ [ 80.214183, 13.1292673 ], [ 80.2142813, 13.129281 ], [ 80.2143064, 13.1291092 ], [ 80.2142082, 13.1290956 ], [ 80.214183, 13.1292673 ] ] ] } },
{ "type": "Feature", "properties": { "osm_id": "way/354296385", "levels": null, "height": null, "name": null, "type": "yes" }, "geometry": { "type": "Polygon", "coordinates": [ [ [ 80.2066114, 13.128516 ], [ 80.206618, 13.1285936 ], [ 80.2067295, 13.1285846 ], [ 80.2067229, 13.1285071 ], [ 80.2066114, 13.128516 ] ] ] } },
{ "type": "Feature", "properties": { "osm_id": "way/354296388", "levels": null, "height": null, "name": null, "type": "yes" }, "geometry": { "type": "Polygon", "coordinates": [ [ [ 80.2145804, 13.1291573 ], [ 80.2147297, 13.1291686 ], [ 80.2147432, 13.1290007 ], [ 80.2145938, 13.1289894 ], [ 80.2145804, 13.1291573 ] ] ] } },
{ "type": "Feature", "properties": { "osm_id": "way/354296389", "levels": null, "height": null, "name": null, "type": "yes" }, "geometry": { "type": "Polygon", "coordinates": [ [ [ 80.2079515, 13.1287473 ], [ 80.2079635, 13.1288047 ], [ 80.2080914, 13.1287793 ], [ 80.2080793, 13.1287219 ], [ 80.2079515, 13.1287473 ] ] ] } },
{ "type": "Feature", "properties": { "osm_id": "way/354296390", "levels": null, "height": null, "name": null, "type": "yes" }, "geometry": { "type": "Polygon", "coordinates": [ [ [ 80.2062286, 13.1286516 ], [ 80.2063289, 13.1286359 ], [ 80.206317, 13.1285639 ], [ 80.2062168, 13.1285796 ], [ 80.2062286, 13.1286516 ] ] ] } },
{ "type": "Feature", "properties": { "osm_id": "way/354296392", "levels": null, "height": null, "name": null, "type": "yes" }, "geometry": { "type": "Polygon", "coordinates": [ [ [ 80.2078299, 13.1293024 ], [ 80.2078485, 13.1293662 ], [ 80.2079959, 13.1293253 ], [ 80.2079773, 13.1292615 ], [ 80.2078299, 13.1293024 ] ] ] } },
{ "type": "Feature", "properties": { "osm_id": "way/354296396", "levels": null, "height": null, "name": null, "type": "yes" }, "geometry": { "type": "Polygon", "coordinates": [ [ [ 80.2152485, 13.1285479 ], [ 80.2154108, 13.1285235 ], [ 80.2153925, 13.1284081 ], [ 80.2152302, 13.1284325 ], [ 80.2152485, 13.1285479 ] ] ] } },
{ "type": "Feature", "properties": { "osm_id": "way/354296397", "levels": null, "height": null, "name": null, "type": "yes" }, "geometry": { "type": "Polygon", "coordinates": [ [ [ 80.2074115, 13.129909 ], [ 80.207431, 13.1300311 ], [ 80.2076362, 13.13 ], [ 80.2076167, 13.1298779 ], [ 80.2074115, 13.129909 ] ] ] } },
{ "type": "Feature", "properties": { "osm_id": "way/354296398", "levels": null, "height": null, "name": null, "type": "yes" }, "geometry": { "type": "Polygon", "coordinates": [ [ [ 80.2051943, 13.1291498 ], [ 80.2052088, 13.1292965 ], [ 80.2054169, 13.129277 ], [ 80.2054024, 13.1291303 ], [ 80.2051943, 13.1291498 ] ] ] } },
{ "type": "Feature", "properties": { "osm_id": "way/354296399", "levels": null, "height": null, "name": null, "type": "yes" }, "geometry": { "type": "Polygon", "coordinates": [ [ [ 80.2090368, 13.1290406 ], [ 80.2091049, 13.1290487 ], [ 80.2091187, 13.1289382 ], [ 80.2090507, 13.1289301 ], [ 80.2090368, 13.1290406 ] ] ] } },
{ "type": "Feature", "properties": { "osm_id": "way/354296400", "levels": null, "height": null, "name": null, "type": "yes" }, "geometry": { "type": "Polygon", "coordinates": [ [ [ 80.2106326, 13.1290142 ], [ 80.2107271, 13.1290379 ], [ 80.2107532, 13.1289388 ], [ 80.2106587, 13.1289152 ], [ 80.2106326, 13.1290142 ] ] ] } },
{ "type": "Feature", "properties": { "osm_id": "way/354296401", "levels": null, "height": null, "name": null, "type": "yes" }, "geometry": { "type": "Polygon", "coordinates": [ [ [ 80.2077056, 13.1298807 ], [ 80.2079152, 13.1298504 ], [ 80.2079015, 13.1297607 ], [ 80.2076919, 13.129791 ], [ 80.2077056, 13.1298807 ] ] ] } },
{ "type": "Feature", "properties": { "osm_id": "way/354296403", "levels": null, "height": null, "name": null, "type": "yes" }, "geometry": { "type": "Polygon", "coordinates": [ [ [ 80.2091076, 13.1288474 ], [ 80.2092127, 13.1288598 ], [ 80.2092323, 13.1287017 ], [ 80.2091272, 13.1286893 ], [ 80.2091076, 13.1288474 ] ] ] } },
{ "type": "Feature", "properties": { "osm_id": "way/354296404", "levels": null, "height": null, "name": null, "type": "yes" }, "geometry": { "type": "Polygon", "coordinates": [ [ [ 80.205541, 13.1299346 ], [ 80.2056485, 13.1299153 ], [ 80.2056294, 13.1298144 ], [ 80.2055218, 13.1298338 ], [ 80.205541, 13.1299346 ] ] ] } },
{ "type": "Feature", "properties": { "osm_id": "way/354296405", "levels": null, "height": null, "name": null, "type": "yes" }, "geometry": { "type": "Polygon", "coordinates": [ [ [ 80.2060513, 13.1289919 ], [ 80.2061847, 13.1289755 ], [ 80.206173, 13.128885 ], [ 80.2060396, 13.1289013 ], [ 80.2060513, 13.1289919 ] ] ] } },
{ "type": "Feature", "properties": { "osm_id": "way/354296406", "levels": null, "height": null, "name": null, "type": "yes" }, "geometry": { "type": "Polygon", "coordinates": [ [ [ 80.2143943, 13.1292851 ], [ 80.2144993, 13.1293008 ], [ 80.2145215, 13.1291603 ], [ 80.2144165, 13.1291446 ], [ 80.2143943, 13.1292851 ] ] ] } },
{ "type": "Feature", "properties": { "osm_id": "way/354296408", "levels": null, "height": null, "name": null, "type": "yes" }, "geometry": { "type": "Polygon", "coordinates": [ [ [ 80.2174329, 13.1284919 ], [ 80.2174352, 13.1285796 ], [ 80.2176025, 13.1285755 ], [ 80.2176002, 13.1284877 ], [ 80.2174329, 13.1284919 ] ] ] } },
{ "type": "Feature", "properties": { "osm_id": "way/354296410", "levels": null, "height": null, "name": null, "type": "yes" }, "geometry": { "type": "Polygon", "coordinates": [ [ [ 80.2070057, 13.1289057 ], [ 80.2071179, 13.1288918 ], [ 80.2071048, 13.1287918 ], [ 80.2069926, 13.1288057 ], [ 80.2070057, 13.1289057 ] ] ] } },
{ "type": "Feature", "properties": { "osm_id": "way/354296413", "levels": null, "height": null, "name": null, "type": "yes" }, "geometry": { "type": "Polygon", "coordinates": [ [ [ 80.2163536, 13.1288097 ], [ 80.2163562, 13.1289133 ], [ 80.2165647, 13.1289082 ], [ 80.216562, 13.1288046 ], [ 80.2163536, 13.1288097 ] ] ] } },
{ "type": "Feature", "properties": { "osm_id": "way/354296414", "levels": null, "height": null, "name": null, "type": "yes" }, "geometry": { "type": "Polygon", "coordinates": [ [ [ 80.2062094, 13.1288334 ], [ 80.2062187, 13.1289098 ], [ 80.206368, 13.1288925 ], [ 80.2063586, 13.1288161 ], [ 80.2062094, 13.1288334 ] ] ] } },
{ "type": "Feature", "properties": { "osm_id": "way/354296416", "levels": null, "height": null, "name": null, "type": "yes" }, "geometry": { "type": "Polygon", "coordinates": [ [ [ 80.2097421, 13.1295682 ], [ 80.2098783, 13.1295582 ], [ 80.2098729, 13.1294882 ], [ 80.2097366, 13.1294982 ], [ 80.2097421, 13.1295682 ] ] ] } },
{ "type": "Feature", "properties": { "osm_id": "way/354296420", "levels": null, "height": null, "name": null, "type": "yes" }, "geometry": { "type": "Polygon", "coordinates": [ [ [ 80.2062841, 13.1287448 ], [ 80.206291, 13.1288196 ], [ 80.2063946, 13.1288106 ], [ 80.2063877, 13.1287358 ], [ 80.2062841, 13.1287448 ] ] ] } },
{ "type": "Feature", "properties": { "osm_id": "way/354296421", "levels": null, "height": null, "name": null, "type": "yes" }, "geometry": { "type": "Polygon", "coordinates": [ [ [ 80.2062008, 13.1285488 ], [ 80.2062955, 13.1285411 ], [ 80.2062914, 13.1284929 ], [ 80.2062614, 13.1284953 ], [ 80.206259, 13.1284665 ], [ 80.2061942, 13.1284717 ], [ 80.2062008, 13.1285488 ] ] ] } },
{ "type": "Feature", "properties": { "osm_id": "way/354296423", "levels": null, "height": null, "name": null, "type": "yes" }, "geometry": { "type": "Polygon", "coordinates": [ [ [ 80.2171151, 13.1287461 ], [ 80.2172259, 13.1287442 ], [ 80.2172226, 13.1286194 ], [ 80.2171944, 13.1286321 ], [ 80.2171898, 13.1286235 ], [ 80.217155, 13.1286226 ], [ 80.2171105, 13.1286574 ], [ 80.2171151, 13.1287461 ] ] ] } },
{ "type": "Feature", "properties": { "osm_id": "way/354296424", "levels": null, "height": null, "name": null, "type": "yes" }, "geometry": { "type": "Polygon", "coordinates": [ [ [ 80.205372, 13.1298116 ], [ 80.2054075, 13.1298062 ], [ 80.205411, 13.1298277 ], [ 80.2054409, 13.1298231 ], [ 80.2054374, 13.1298016 ], [ 80.2054822, 13.1297948 ], [ 80.2054697, 13.129717 ], [ 80.2053594, 13.1297339 ], [ 80.205372, 13.1298116 ] ] ] } },
{ "type": "Feature", "properties": { "osm_id": "way/354308107", "levels": null, "height": null, "name": null, "type": "yes" }, "geometry": { "type": "Polygon", "coordinates": [ [ [ 80.2052139, 13.1230891 ], [ 80.20534, 13.1230903 ], [ 80.2053409, 13.1229917 ], [ 80.2052148, 13.1229906 ], [ 80.2052139, 13.1230891 ] ] ] } },
{ "type": "Feature", "properties": { "osm_id": "way/354308112", "levels": null, "height": null, "name": null, "type": "yes" }, "geometry": { "type": "Polygon", "coordinates": [ [ [ 80.2059295, 13.1222554 ], [ 80.2060117, 13.1222544 ], [ 80.20601, 13.122114 ], [ 80.2059277, 13.122115 ], [ 80.2059295, 13.1222554 ] ] ] } },
{ "type": "Feature", "properties": { "osm_id": "way/354308114", "levels": null, "height": null, "name": null, "type": "yes" }, "geometry": { "type": "Polygon", "coordinates": [ [ [ 80.205853, 13.122812 ], [ 80.2059456, 13.1228124 ], [ 80.205946, 13.1227137 ], [ 80.2058534, 13.1227133 ], [ 80.205853, 13.122812 ] ] ] } },
{ "type": "Feature", "properties": { "osm_id": "way/354308117", "levels": null, "height": null, "name": null, "type": "yes" }, "geometry": { "type": "Polygon", "coordinates": [ [ [ 80.2063956, 13.1218102 ], [ 80.2064872, 13.1218077 ], [ 80.2064835, 13.1216786 ], [ 80.2063918, 13.1216811 ], [ 80.2063956, 13.1218102 ] ] ] } },
{ "type": "Feature", "properties": { "osm_id": "way/354308121", "levels": null, "height": null, "name": null, "type": "yes" }, "geometry": { "type": "Polygon", "coordinates": [ [ [ 80.2072551, 13.1235483 ], [ 80.2073424, 13.1235474 ], [ 80.2073405, 13.1233866 ], [ 80.2072532, 13.1233875 ], [ 80.2072551, 13.1235483 ] ] ] } },
{ "type": "Feature", "properties": { "osm_id": "way/354308123", "levels": null, "height": null, "name": null, "type": "yes" }, "geometry": { "type": "Polygon", "coordinates": [ [ [ 80.2067765, 13.122599 ], [ 80.206846, 13.122598 ], [ 80.206844, 13.1224753 ], [ 80.2067745, 13.1224763 ], [ 80.2067765, 13.122599 ] ] ] } },
{ "type": "Feature", "properties": { "osm_id": "way/354308124", "levels": null, "height": null, "name": null, "type": "yes" }, "geometry": { "type": "Polygon", "coordinates": [ [ [ 80.2065767, 13.1237542 ], [ 80.2066703, 13.1237532 ], [ 80.206669, 13.123647 ], [ 80.2065754, 13.123648 ], [ 80.2065767, 13.1237542 ] ] ] } },
{ "type": "Feature", "properties": { "osm_id": "way/354308125", "levels": null, "height": null, "name": null, "type": "yes" }, "geometry": { "type": "Polygon", "coordinates": [ [ [ 80.2061959, 13.1216993 ], [ 80.2061927, 13.1218353 ], [ 80.2062748, 13.1218371 ], [ 80.206278, 13.1217011 ], [ 80.2061959, 13.1216993 ] ] ] } },
{ "type": "Feature", "properties": { "osm_id": "way/354308129", "levels": null, "height": null, "name": null, "type": "yes" }, "geometry": { "type": "Polygon", "coordinates": [ [ [ 80.2056343, 13.1224521 ], [ 80.2057017, 13.1224524 ], [ 80.2057024, 13.1222859 ], [ 80.205635, 13.1222856 ], [ 80.2056343, 13.1224521 ] ] ] } },
{ "type": "Feature", "properties": { "osm_id": "way/354308131", "levels": null, "height": null, "name": null, "type": "yes" }, "geometry": { "type": "Polygon", "coordinates": [ [ [ 80.2100839, 13.1275978 ], [ 80.210164, 13.1276316 ], [ 80.2102266, 13.1274907 ], [ 80.2101464, 13.127457 ], [ 80.2100839, 13.1275978 ] ] ] } },
{ "type": "Feature", "properties": { "osm_id": "way/354308132", "levels": null, "height": null, "name": null, "type": "yes" }, "geometry": { "type": "Polygon", "coordinates": [ [ [ 80.2058228, 13.1222586 ], [ 80.2059086, 13.1222576 ], [ 80.2059067, 13.1221041 ], [ 80.2058209, 13.1221051 ], [ 80.2058228, 13.1222586 ] ] ] } },
{ "type": "Feature", "properties": { "osm_id": "way/354308141", "levels": null, "height": null, "name": null, "type": "yes" }, "geometry": { "type": "Polygon", "coordinates": [ [ [ 80.2068064, 13.1235223 ], [ 80.2069179, 13.1235155 ], [ 80.206908, 13.1233617 ], [ 80.2067965, 13.1233685 ], [ 80.2068064, 13.1235223 ] ] ] } },
{ "type": "Feature", "properties": { "osm_id": "way/354308142", "levels": null, "height": null, "name": null, "type": "yes" }, "geometry": { "type": "Polygon", "coordinates": [ [ [ 80.2063754, 13.1225325 ], [ 80.2063775, 13.1226405 ], [ 80.2065147, 13.122638 ], [ 80.2065126, 13.1225299 ], [ 80.2063754, 13.1225325 ] ] ] } },
{ "type": "Feature", "properties": { "osm_id": "way/354308143", "levels": null, "height": null, "name": null, "type": "yes" }, "geometry": { "type": "Polygon", "coordinates": [ [ [ 80.2092269, 13.1236685 ], [ 80.2093709, 13.1236781 ], [ 80.209378, 13.1235776 ], [ 80.2092339, 13.123568 ], [ 80.2092269, 13.1236685 ] ] ] } },
{ "type": "Feature", "properties": { "osm_id": "way/354308144", "levels": null, "height": null, "name": null, "type": "yes" }, "geometry": { "type": "Polygon", "coordinates": [ [ [ 80.2073861, 13.1243301 ], [ 80.2074986, 13.124378 ], [ 80.2075509, 13.1242617 ], [ 80.2074383, 13.1242138 ], [ 80.2073861, 13.1243301 ] ] ] } },
{ "type": "Feature", "properties": { "osm_id": "way/354308148", "levels": null, "height": null, "name": null, "type": "yes" }, "geometry": { "type": "Polygon", "coordinates": [ [ [ 80.2075619, 13.1273233 ], [ 80.2076519, 13.1273246 ], [ 80.2076545, 13.1271486 ], [ 80.2075645, 13.1271473 ], [ 80.2075619, 13.1273233 ] ] ] } },
{ "type": "Feature", "properties": { "osm_id": "way/354308150", "levels": null, "height": null, "name": null, "type": "yes" }, "geometry": { "type": "Polygon", "coordinates": [ [ [ 80.2052001, 13.1262642 ], [ 80.2052977, 13.1262604 ], [ 80.2052949, 13.1261923 ], [ 80.2051973, 13.1261962 ], [ 80.2052001, 13.1262642 ] ] ] } },
{ "type": "Feature", "properties": { "osm_id": "way/354308152", "levels": null, "height": null, "name": null, "type": "yes" }, "geometry": { "type": "Polygon", "coordinates": [ [ [ 80.2080669, 13.1281675 ], [ 80.2080635, 13.1282445 ], [ 80.2082837, 13.1282536 ], [ 80.2082871, 13.1281766 ], [ 80.2080669, 13.1281675 ] ] ] } },
{ "type": "Feature", "properties": { "osm_id": "way/354308156", "levels": null, "height": null, "name": null, "type": "yes" }, "geometry": { "type": "Polygon", "coordinates": [ [ [ 80.2060377, 13.1217896 ], [ 80.2061612, 13.1217919 ], [ 80.2061631, 13.1216897 ], [ 80.2060397, 13.1216874 ], [ 80.2060377, 13.1217896 ] ] ] } },
{ "type": "Feature", "properties": { "osm_id": "way/354308163", "levels": null, "height": null, "name": null, "type": "yes" }, "geometry": { "type": "Polygon", "coordinates": [ [ [ 80.207136, 13.123521 ], [ 80.2072402, 13.123521 ], [ 80.2072402, 13.1233745 ], [ 80.207136, 13.1233745 ], [ 80.207136, 13.123521 ] ] ] } },
{ "type": "Feature", "properties": { "osm_id": "way/354308166", "levels": null, "height": null, "name": null, "type": "yes" }, "geometry": { "type": "Polygon", "coordinates": [ [ [ 80.2078876, 13.124389 ], [ 80.2079911, 13.1244193 ], [ 80.2080545, 13.124214 ], [ 80.207951, 13.1241837 ], [ 80.2078876, 13.124389 ] ] ] } },
{ "type": "Feature", "properties": { "osm_id": "way/354308169", "levels": null, "height": null, "name": null, "type": "yes" }, "geometry": { "type": "Polygon", "coordinates": [ [ [ 80.2055855, 13.1234939 ], [ 80.2056914, 13.1234885 ], [ 80.205683, 13.1233304 ], [ 80.2055772, 13.1233358 ], [ 80.2055855, 13.1234939 ] ] ] } },
{ "type": "Feature", "properties": { "osm_id": "way/354308170", "levels": null, "height": null, "name": null, "type": "yes" }, "geometry": { "type": "Polygon", "coordinates": [ [ [ 80.2074978, 13.1279744 ], [ 80.2075024, 13.1278854 ], [ 80.2073241, 13.1278528 ], [ 80.2073176, 13.1279655 ], [ 80.2074978, 13.1279744 ] ] ] } },
{ "type": "Feature", "properties": { "osm_id": "way/354308176", "levels": null, "height": null, "name": null, "type": "yes" }, "geometry": { "type": "Polygon", "coordinates": [ [ [ 80.2061309, 13.1219979 ], [ 80.2061263, 13.1218589 ], [ 80.2060355, 13.1218618 ], [ 80.2060402, 13.1220008 ], [ 80.2061309, 13.1219979 ] ] ] } },
{ "type": "Feature", "properties": { "osm_id": "way/354308179", "levels": null, "height": null, "name": null, "type": "yes" }, "geometry": { "type": "Polygon", "coordinates": [ [ [ 80.2088103, 13.1232859 ], [ 80.2089498, 13.1232955 ], [ 80.2089564, 13.1232041 ], [ 80.2088169, 13.1231945 ], [ 80.2088103, 13.1232859 ] ] ] } },
{ "type": "Feature", "properties": { "osm_id": "way/354308185", "levels": null, "height": null, "name": null, "type": "yes" }, "geometry": { "type": "Polygon", "coordinates": [ [ [ 80.206087, 13.1236106 ], [ 80.2060884, 13.1236891 ], [ 80.206192, 13.1236873 ], [ 80.2061906, 13.1236088 ], [ 80.206087, 13.1236106 ] ] ] } },
{ "type": "Feature", "properties": { "osm_id": "way/354308187", "levels": null, "height": null, "name": null, "type": "yes" }, "geometry": { "type": "Polygon", "coordinates": [ [ [ 80.2076911, 13.1244346 ], [ 80.2078023, 13.124475 ], [ 80.2078434, 13.1243677 ], [ 80.2077322, 13.1243274 ], [ 80.2076911, 13.1244346 ] ] ] } },
{ "type": "Feature", "properties": { "osm_id": "way/354308189", "levels": null, "height": null, "name": null, "type": "yes" }, "geometry": { "type": "Polygon", "coordinates": [ [ [ 80.2059855, 13.1234761 ], [ 80.2059715, 13.1233525 ], [ 80.2058775, 13.1233626 ], [ 80.2058914, 13.1234862 ], [ 80.2059855, 13.1234761 ] ] ] } },
{ "type": "Feature", "properties": { "osm_id": "way/354308190", "levels": null, "height": null, "name": null, "type": "yes" }, "geometry": { "type": "Polygon", "coordinates": [ [ [ 80.2052186, 13.1231646 ], [ 80.2053772, 13.1231582 ], [ 80.2053745, 13.1230962 ], [ 80.2052159, 13.1231025 ], [ 80.2052186, 13.1231646 ] ] ] } },
{ "type": "Feature", "properties": { "osm_id": "way/354308196", "levels": null, "height": null, "name": null, "type": "yes" }, "geometry": { "type": "Polygon", "coordinates": [ [ [ 80.2057204, 13.1224263 ], [ 80.2058045, 13.1224253 ], [ 80.2058028, 13.1222926 ], [ 80.2057187, 13.1222936 ], [ 80.2057204, 13.1224263 ] ] ] } },
{ "type": "Feature", "properties": { "osm_id": "way/354308201", "levels": null, "height": null, "name": null, "type": "yes" }, "geometry": { "type": "Polygon", "coordinates": [ [ [ 80.2065412, 13.1241915 ], [ 80.2066484, 13.1241967 ], [ 80.2066537, 13.1240939 ], [ 80.2065465, 13.1240887 ], [ 80.2065412, 13.1241915 ] ] ] } },
{ "type": "Feature", "properties": { "osm_id": "way/354308216", "levels": null, "height": null, "name": null, "type": "yes" }, "geometry": { "type": "Polygon", "coordinates": [ [ [ 80.206199, 13.1248879 ], [ 80.2062665, 13.1248859 ], [ 80.2062632, 13.1247831 ], [ 80.2061957, 13.1247851 ], [ 80.206199, 13.1248879 ] ] ] } },
{ "type": "Feature", "properties": { "osm_id": "way/354308218", "levels": null, "height": null, "name": null, "type": "yes" }, "geometry": { "type": "Polygon", "coordinates": [ [ [ 80.2078481, 13.1239153 ], [ 80.2079517, 13.1239313 ], [ 80.2079752, 13.1237869 ], [ 80.2078716, 13.1237708 ], [ 80.2078481, 13.1239153 ] ] ] } },
{ "type": "Feature", "properties": { "osm_id": "way/354308225", "levels": null, "height": null, "name": null, "type": "yes" }, "geometry": { "type": "Polygon", "coordinates": [ [ [ 80.2062097, 13.1236038 ], [ 80.206213, 13.1236753 ], [ 80.2063152, 13.1236707 ], [ 80.2063118, 13.1235993 ], [ 80.2062097, 13.1236038 ] ] ] } },
{ "type": "Feature", "properties": { "osm_id": "way/354308233", "levels": null, "height": null, "name": null, "type": "yes" }, "geometry": { "type": "Polygon", "coordinates": [ [ [ 80.2054738, 13.1224367 ], [ 80.2055917, 13.1224372 ], [ 80.2055923, 13.122284 ], [ 80.2054745, 13.1222835 ], [ 80.2054738, 13.1224367 ] ] ] } },
{ "type": "Feature", "properties": { "osm_id": "way/354308250", "levels": null, "height": null, "name": null, "type": "yes" }, "geometry": { "type": "Polygon", "coordinates": [ [ [ 80.2061001, 13.1248892 ], [ 80.2061831, 13.124886 ], [ 80.2061792, 13.1247884 ], [ 80.2060961, 13.1247916 ], [ 80.2061001, 13.1248892 ] ] ] } },
{ "type": "Feature", "properties": { "osm_id": "way/354308252", "levels": null, "height": null, "name": null, "type": "yes" }, "geometry": { "type": "Polygon", "coordinates": [ [ [ 80.2078588, 13.124104 ], [ 80.2079533, 13.1241103 ], [ 80.2079651, 13.1239431 ], [ 80.2078707, 13.1239368 ], [ 80.2078588, 13.124104 ] ] ] } },
{ "type": "Feature", "properties": { "osm_id": "way/354308273", "levels": null, "height": null, "name": null, "type": "yes" }, "geometry": { "type": "Polygon", "coordinates": [ [ [ 80.2061201, 13.1214408 ], [ 80.2061958, 13.1214461 ], [ 80.206207, 13.1212945 ], [ 80.2061314, 13.1212892 ], [ 80.2061201, 13.1214408 ] ] ] } },
{ "type": "Feature", "properties": { "osm_id": "way/354308282", "levels": null, "height": null, "name": null, "type": "yes" }, "geometry": { "type": "Polygon", "coordinates": [ [ [ 80.2079726, 13.1241221 ], [ 80.2080631, 13.1241282 ], [ 80.2080752, 13.1239574 ], [ 80.2079847, 13.1239513 ], [ 80.2079726, 13.1241221 ] ] ] } },
{ "type": "Feature", "properties": { "osm_id": "way/354308288", "levels": null, "height": null, "name": null, "type": "yes" }, "geometry": { "type": "Polygon", "coordinates": [ [ [ 80.20563, 13.1226771 ], [ 80.2056307, 13.1225261 ], [ 80.2054882, 13.1225255 ], [ 80.2054875, 13.1226765 ], [ 80.20563, 13.1226771 ] ] ] } },
{ "type": "Feature", "properties": { "osm_id": "way/354308290", "levels": null, "height": null, "name": null, "type": "yes" }, "geometry": { "type": "Polygon", "coordinates": [ [ [ 80.206292, 13.1218274 ], [ 80.2063787, 13.1218248 ], [ 80.206374, 13.1216785 ], [ 80.2062874, 13.1216811 ], [ 80.206292, 13.1218274 ] ] ] } },
{ "type": "Feature", "properties": { "osm_id": "way/354308292", "levels": null, "height": null, "name": null, "type": "yes" }, "geometry": { "type": "Polygon", "coordinates": [ [ [ 80.2060166, 13.1214466 ], [ 80.2061123, 13.1214528 ], [ 80.2061236, 13.1212883 ], [ 80.2060278, 13.1212821 ], [ 80.2060166, 13.1214466 ] ] ] } },
{ "type": "Feature", "properties": { "osm_id": "way/354308299", "levels": null, "height": null, "name": null, "type": "yes" }, "geometry": { "type": "Polygon", "coordinates": [ [ [ 80.2071683, 13.123694 ], [ 80.2072464, 13.1236931 ], [ 80.2072448, 13.123555 ], [ 80.2071667, 13.1235558 ], [ 80.2071683, 13.123694 ] ] ] } },
{ "type": "Feature", "properties": { "osm_id": "way/354308301", "levels": null, "height": null, "name": null, "type": "yes" }, "geometry": { "type": "Polygon", "coordinates": [ [ [ 80.206785, 13.1228027 ], [ 80.2069374, 13.1228033 ], [ 80.2069378, 13.122709 ], [ 80.2067855, 13.1227084 ], [ 80.206785, 13.1228027 ] ] ] } },
{ "type": "Feature", "properties": { "osm_id": "way/354308304", "levels": null, "height": null, "name": null, "type": "yes" }, "geometry": { "type": "Polygon", "coordinates": [ [ [ 80.2070372, 13.1235053 ], [ 80.2071277, 13.1235037 ], [ 80.2071251, 13.1233624 ], [ 80.2070346, 13.123364 ], [ 80.2070372, 13.1235053 ] ] ] } },
{ "type": "Feature", "properties": { "osm_id": "way/354308305", "levels": null, "height": null, "name": null, "type": "yes" }, "geometry": { "type": "Polygon", "coordinates": [ [ [ 80.20506, 13.1231936 ], [ 80.2051654, 13.1231936 ], [ 80.2051654, 13.1231001 ], [ 80.20506, 13.1231001 ], [ 80.20506, 13.1231936 ] ] ] } },
{ "type": "Feature", "properties": { "osm_id": "way/354308307", "levels": null, "height": null, "name": null, "type": "yes" }, "geometry": { "type": "Polygon", "coordinates": [ [ [ 80.2057267, 13.1222613 ], [ 80.2058073, 13.1222604 ], [ 80.2058054, 13.1221096 ], [ 80.2057248, 13.1221105 ], [ 80.2057267, 13.1222613 ] ] ] } },
{ "type": "Feature", "properties": { "osm_id": "way/354308309", "levels": null, "height": null, "name": null, "type": "yes" }, "geometry": { "type": "Polygon", "coordinates": [ [ [ 80.2060515, 13.1222592 ], [ 80.2061478, 13.1222581 ], [ 80.2061459, 13.1221038 ], [ 80.2060496, 13.1221049 ], [ 80.2060515, 13.1222592 ] ] ] } },
{ "type": "Feature", "properties": { "osm_id": "way/354308316", "levels": null, "height": null, "name": null, "type": "yes" }, "geometry": { "type": "Polygon", "coordinates": [ [ [ 80.2063461, 13.1232047 ], [ 80.2065017, 13.1232038 ], [ 80.206501, 13.1230863 ], [ 80.2063454, 13.1230871 ], [ 80.2063461, 13.1232047 ] ] ] } },
{ "type": "Feature", "properties": { "osm_id": "way/354308318", "levels": null, "height": null, "name": null, "type": "yes" }, "geometry": { "type": "Polygon", "coordinates": [ [ [ 80.208988, 13.1237566 ], [ 80.2090973, 13.1237639 ], [ 80.2091028, 13.1236857 ], [ 80.2089935, 13.1236784 ], [ 80.208988, 13.1237566 ] ] ] } },
{ "type": "Feature", "properties": { "osm_id": "way/354308319", "levels": null, "height": null, "name": null, "type": "yes" }, "geometry": { "type": "Polygon", "coordinates": [ [ [ 80.207256, 13.123704 ], [ 80.2073595, 13.1237028 ], [ 80.2073577, 13.1235532 ], [ 80.2072543, 13.1235543 ], [ 80.207256, 13.123704 ] ] ] } },
{ "type": "Feature", "properties": { "osm_id": "way/354308320", "levels": null, "height": null, "name": null, "type": "yes" }, "geometry": { "type": "Polygon", "coordinates": [ [ [ 80.2068741, 13.1225868 ], [ 80.2069467, 13.1225868 ], [ 80.2069467, 13.1224828 ], [ 80.2068741, 13.1224828 ], [ 80.2068741, 13.1225868 ] ] ] } },
{ "type": "Feature", "properties": { "osm_id": "way/354308321", "levels": null, "height": null, "name": null, "type": "yes" }, "geometry": { "type": "Polygon", "coordinates": [ [ [ 80.208182, 13.1258771 ], [ 80.2082648, 13.1258753 ], [ 80.208262, 13.1257518 ], [ 80.2081792, 13.1257535 ], [ 80.208182, 13.1258771 ] ] ] } },
{ "type": "Feature", "properties": { "osm_id": "way/354308324", "levels": null, "height": null, "name": null, "type": "yes" }, "geometry": { "type": "Polygon", "coordinates": [ [ [ 80.2075595, 13.1271335 ], [ 80.2076472, 13.1271379 ], [ 80.2076528, 13.1270316 ], [ 80.2075651, 13.1270272 ], [ 80.2075595, 13.1271335 ] ] ] } },
{ "type": "Feature", "properties": { "osm_id": "way/354308325", "levels": null, "height": null, "name": null, "type": "yes" }, "geometry": { "type": "Polygon", "coordinates": [ [ [ 80.2056203, 13.1222459 ], [ 80.2056859, 13.1222454 ], [ 80.205685, 13.1221182 ], [ 80.2056194, 13.1221187 ], [ 80.2056203, 13.1222459 ] ] ] } },
{ "type": "Feature", "properties": { "osm_id": "way/354308337", "levels": null, "height": null, "name": null, "type": "yes" }, "geometry": { "type": "Polygon", "coordinates": [ [ [ 80.2061878, 13.1233595 ], [ 80.2061904, 13.1234389 ], [ 80.2063061, 13.1234352 ], [ 80.2063035, 13.1233559 ], [ 80.2061878, 13.1233595 ] ] ] } },
{ "type": "Feature", "properties": { "osm_id": "way/354308340", "levels": null, "height": null, "name": null, "type": "yes" }, "geometry": { "type": "Polygon", "coordinates": [ [ [ 80.2092362, 13.123782 ], [ 80.2092966, 13.1237861 ], [ 80.2093032, 13.1236934 ], [ 80.2092427, 13.1236894 ], [ 80.2092362, 13.123782 ] ] ] } },
{ "type": "Feature", "properties": { "osm_id": "way/354308342", "levels": null, "height": null, "name": null, "type": "yes" }, "geometry": { "type": "Polygon", "coordinates": [ [ [ 80.2085524, 13.1239538 ], [ 80.2085598, 13.1238121 ], [ 80.2084583, 13.123807 ], [ 80.2084508, 13.1239488 ], [ 80.2085524, 13.1239538 ] ] ] } },
{ "type": "Feature", "properties": { "osm_id": "way/354308347", "levels": null, "height": null, "name": null, "type": "yes" }, "geometry": { "type": "Polygon", "coordinates": [ [ [ 80.2071404, 13.1268942 ], [ 80.2072533, 13.1269065 ], [ 80.2072665, 13.1267922 ], [ 80.2071535, 13.1267798 ], [ 80.2071404, 13.1268942 ] ] ] } },
{ "type": "Feature", "properties": { "osm_id": "way/354308349", "levels": null, "height": null, "name": null, "type": "yes" }, "geometry": { "type": "Polygon", "coordinates": [ [ [ 80.2086434, 13.123716 ], [ 80.2087212, 13.1237219 ], [ 80.2087296, 13.1236165 ], [ 80.2086518, 13.1236106 ], [ 80.2086434, 13.123716 ] ] ] } },
{ "type": "Feature", "properties": { "osm_id": "way/354308351", "levels": null, "height": null, "name": null, "type": "yes" }, "geometry": { "type": "Polygon", "coordinates": [ [ [ 80.2063088, 13.1214427 ], [ 80.2063884, 13.1214443 ], [ 80.2063917, 13.1212927 ], [ 80.2063121, 13.1212911 ], [ 80.2063088, 13.1214427 ] ] ] } },
{ "type": "Feature", "properties": { "osm_id": "way/354308353", "levels": null, "height": null, "name": null, "type": "yes" }, "geometry": { "type": "Polygon", "coordinates": [ [ [ 80.2053379, 13.1212752 ], [ 80.2053225, 13.1213538 ], [ 80.2054298, 13.1213738 ], [ 80.2054452, 13.1212952 ], [ 80.2053379, 13.1212752 ] ] ] } },
{ "type": "Feature", "properties": { "osm_id": "way/354308360", "levels": null, "height": null, "name": null, "type": "yes" }, "geometry": { "type": "Polygon", "coordinates": [ [ [ 80.2075698, 13.1244082 ], [ 80.2076522, 13.1244399 ], [ 80.2077063, 13.1243063 ], [ 80.207624, 13.1242747 ], [ 80.2075698, 13.1244082 ] ] ] } },
{ "type": "Feature", "properties": { "osm_id": "way/354308362", "levels": null, "height": null, "name": null, "type": "yes" }, "geometry": { "type": "Polygon", "coordinates": [ [ [ 80.206198, 13.1235961 ], [ 80.2063118, 13.123592 ], [ 80.2063099, 13.1235413 ], [ 80.2061961, 13.1235453 ], [ 80.206198, 13.1235961 ] ] ] } },
{ "type": "Feature", "properties": { "osm_id": "way/354308363", "levels": null, "height": null, "name": null, "type": "yes" }, "geometry": { "type": "Polygon", "coordinates": [ [ [ 80.2080588, 13.1243514 ], [ 80.2081461, 13.1243559 ], [ 80.2081534, 13.1242242 ], [ 80.208066, 13.1242197 ], [ 80.2080588, 13.1243514 ] ] ] } },
{ "type": "Feature", "properties": { "osm_id": "way/354308365", "levels": null, "height": null, "name": null, "type": "yes" }, "geometry": { "type": "Polygon", "coordinates": [ [ [ 80.2057107, 13.1234735 ], [ 80.2058084, 13.1234686 ], [ 80.2058012, 13.1233336 ], [ 80.2057036, 13.1233385 ], [ 80.2057107, 13.1234735 ] ] ] } },
{ "type": "Feature", "properties": { "osm_id": "way/354308366", "levels": null, "height": null, "name": null, "type": "yes" }, "geometry": { "type": "Polygon", "coordinates": [ [ [ 80.2052428, 13.1236388 ], [ 80.2053608, 13.1236326 ], [ 80.2053557, 13.1235407 ], [ 80.2052377, 13.123547 ], [ 80.2052428, 13.1236388 ] ] ] } },
{ "type": "Feature", "properties": { "osm_id": "way/354308367", "levels": null, "height": null, "name": null, "type": "yes" }, "geometry": { "type": "Polygon", "coordinates": [ [ [ 80.2095008, 13.1272758 ], [ 80.209563, 13.1273018 ], [ 80.2096049, 13.1272064 ], [ 80.2095428, 13.1271804 ], [ 80.2095008, 13.1272758 ] ] ] } },
{ "type": "Feature", "properties": { "osm_id": "way/354308370", "levels": null, "height": null, "name": null, "type": "yes" }, "geometry": { "type": "Polygon", "coordinates": [ [ [ 80.2052322, 13.1244849 ], [ 80.2053961, 13.1244762 ], [ 80.2053938, 13.1244348 ], [ 80.2052299, 13.1244435 ], [ 80.2052322, 13.1244849 ] ] ] } },
{ "type": "Feature", "properties": { "osm_id": "way/354308372", "levels": null, "height": null, "name": null, "type": "yes" }, "geometry": { "type": "Polygon", "coordinates": [ [ [ 80.206508, 13.1238589 ], [ 80.206643, 13.1238615 ], [ 80.206645, 13.1237606 ], [ 80.20651, 13.1237581 ], [ 80.206508, 13.1238589 ] ] ] } },
{ "type": "Feature", "properties": { "osm_id": "way/354308381", "levels": null, "height": null, "name": null, "type": "yes" }, "geometry": { "type": "Polygon", "coordinates": [ [ [ 80.2087842, 13.1233923 ], [ 80.2089412, 13.123403 ], [ 80.2089484, 13.1233041 ], [ 80.2087913, 13.1232934 ], [ 80.2087842, 13.1233923 ] ] ] } },
{ "type": "Feature", "properties": { "osm_id": "way/354308382", "levels": null, "height": null, "name": null, "type": "yes" }, "geometry": { "type": "Polygon", "coordinates": [ [ [ 80.2075129, 13.1243819 ], [ 80.2075615, 13.1244012 ], [ 80.2076175, 13.1242676 ], [ 80.2075689, 13.1242483 ], [ 80.2075129, 13.1243819 ] ] ] } },
{ "type": "Feature", "properties": { "osm_id": "way/354308385", "levels": null, "height": null, "name": null, "type": "yes" }, "geometry": { "type": "Polygon", "coordinates": [ [ [ 80.2060907, 13.1235993 ], [ 80.2061873, 13.1235984 ], [ 80.2061866, 13.1235309 ], [ 80.2060901, 13.1235319 ], [ 80.2060907, 13.1235993 ] ] ] } },
{ "type": "Feature", "properties": { "osm_id": "way/354308386", "levels": null, "height": null, "name": null, "type": "yes" }, "geometry": { "type": "Polygon", "coordinates": [ [ [ 80.2055073, 13.1228216 ], [ 80.2055859, 13.1228219 ], [ 80.2055865, 13.1226976 ], [ 80.2055078, 13.1226973 ], [ 80.2055073, 13.1228216 ] ] ] } },
{ "type": "Feature", "properties": { "osm_id": "way/354308389", "levels": null, "height": null, "name": null, "type": "yes" }, "geometry": { "type": "Polygon", "coordinates": [ [ [ 80.2052316, 13.1232218 ], [ 80.2052365, 13.1233087 ], [ 80.2053904, 13.1233005 ], [ 80.2053856, 13.1232136 ], [ 80.2052316, 13.1232218 ] ] ] } },
{ "type": "Feature", "properties": { "osm_id": "way/354308396", "levels": null, "height": null, "name": null, "type": "yes" }, "geometry": { "type": "Polygon", "coordinates": [ [ [ 80.2054585, 13.1235485 ], [ 80.2055288, 13.1235456 ], [ 80.2055293, 13.1233991 ], [ 80.2054542, 13.1234045 ], [ 80.2054585, 13.1235485 ] ] ] } },
{ "type": "Feature", "properties": { "osm_id": "way/354308406", "levels": null, "height": null, "name": null, "type": "yes" }, "geometry": { "type": "Polygon", "coordinates": [ [ [ 80.2083187, 13.1239286 ], [ 80.2083262, 13.1237869 ], [ 80.2082246, 13.1237818 ], [ 80.2082172, 13.1239235 ], [ 80.2083187, 13.1239286 ] ] ] } },
{ "type": "Feature", "properties": { "osm_id": "way/354308416", "levels": null, "height": null, "name": null, "type": "yes" }, "geometry": { "type": "Polygon", "coordinates": [ [ [ 80.2073914, 13.1277682 ], [ 80.207395, 13.1276569 ], [ 80.2073187, 13.1276546 ], [ 80.2073151, 13.1277658 ], [ 80.2073914, 13.1277682 ] ] ] } },
{ "type": "Feature", "properties": { "osm_id": "way/354308419", "levels": null, "height": null, "name": null, "type": "yes" }, "geometry": { "type": "Polygon", "coordinates": [ [ [ 80.2056828, 13.1228255 ], [ 80.2057462, 13.1228257 ], [ 80.2057468, 13.1227066 ], [ 80.2056833, 13.1227064 ], [ 80.2056828, 13.1228255 ] ] ] } },
{ "type": "Feature", "properties": { "osm_id": "way/354308465", "levels": null, "height": null, "name": null, "type": "yes" }, "geometry": { "type": "Polygon", "coordinates": [ [ [ 80.2069264, 13.123538 ], [ 80.2070196, 13.1235324 ], [ 80.2070117, 13.123409 ], [ 80.2069185, 13.1234147 ], [ 80.2069264, 13.123538 ] ] ] } },
{ "type": "Feature", "properties": { "osm_id": "way/354308475", "levels": null, "height": null, "name": null, "type": "yes" }, "geometry": { "type": "Polygon", "coordinates": [ [ [ 80.2062571, 13.1275862 ], [ 80.2062611, 13.1276645 ], [ 80.206429, 13.1276563 ], [ 80.206425, 13.127578 ], [ 80.2062571, 13.1275862 ] ] ] } },
{ "type": "Feature", "properties": { "osm_id": "way/354308479", "levels": null, "height": null, "name": null, "type": "yes" }, "geometry": { "type": "Polygon", "coordinates": [ [ [ 80.2084273, 13.1239357 ], [ 80.2084348, 13.1237939 ], [ 80.2083333, 13.1237889 ], [ 80.2083258, 13.1239306 ], [ 80.2084273, 13.1239357 ] ] ] } },
{ "type": "Feature", "properties": { "osm_id": "way/354308483", "levels": null, "height": null, "name": null, "type": "yes" }, "geometry": { "type": "Polygon", "coordinates": [ [ [ 80.2073541, 13.127601 ], [ 80.2075103, 13.1276058 ], [ 80.2075131, 13.1275195 ], [ 80.2073569, 13.1275147 ], [ 80.2073541, 13.127601 ] ] ] } },
{ "type": "Feature", "properties": { "osm_id": "way/354308485", "levels": null, "height": null, "name": null, "type": "yes" }, "geometry": { "type": "Polygon", "coordinates": [ [ [ 80.2057534, 13.1228197 ], [ 80.205838, 13.12282 ], [ 80.2058385, 13.122706 ], [ 80.2057539, 13.1227056 ], [ 80.2057534, 13.1228197 ] ] ] } },
{ "type": "Feature", "properties": { "osm_id": "way/354308493", "levels": null, "height": null, "name": null, "type": "yes" }, "geometry": { "type": "Polygon", "coordinates": [ [ [ 80.2067443, 13.1217144 ], [ 80.2069243, 13.1217498 ], [ 80.2069366, 13.1216904 ], [ 80.2067565, 13.121655 ], [ 80.2067443, 13.1217144 ] ] ] } },
{ "type": "Feature", "properties": { "osm_id": "way/354308499", "levels": null, "height": null, "name": null, "type": "yes" }, "geometry": { "type": "Polygon", "coordinates": [ [ [ 80.2062085, 13.1214466 ], [ 80.206296, 13.1214496 ], [ 80.206302, 13.121289 ], [ 80.2062145, 13.1212859 ], [ 80.2062085, 13.1214466 ] ] ] } },
{ "type": "Feature", "properties": { "osm_id": "way/354308517", "levels": null, "height": null, "name": null, "type": "yes" }, "geometry": { "type": "Polygon", "coordinates": [ [ [ 80.2061108, 13.1238453 ], [ 80.2062081, 13.1238442 ], [ 80.2062065, 13.1237027 ], [ 80.2061092, 13.1237037 ], [ 80.2061108, 13.1238453 ] ] ] } },
{ "type": "Feature", "properties": { "osm_id": "way/354308524", "levels": null, "height": null, "name": null, "type": "yes" }, "geometry": { "type": "Polygon", "coordinates": [ [ [ 80.2092528, 13.1269328 ], [ 80.2092779, 13.1268701 ], [ 80.2092503, 13.1268596 ], [ 80.2092586, 13.1268388 ], [ 80.2091976, 13.1268156 ], [ 80.2091641, 13.1268992 ], [ 80.2092528, 13.1269328 ] ] ] } },
{ "type": "Feature", "properties": { "osm_id": "way/354308530", "levels": null, "height": null, "name": null, "type": "yes" }, "geometry": { "type": "Polygon", "coordinates": [ [ [ 80.2102975, 13.1276987 ], [ 80.2103544, 13.1275869 ], [ 80.2102525, 13.1275377 ], [ 80.2102057, 13.1276295 ], [ 80.210258, 13.1276548 ], [ 80.2102478, 13.1276747 ], [ 80.2102975, 13.1276987 ] ] ] } },
{ "type": "Feature", "properties": { "osm_id": "way/354308531", "levels": null, "height": null, "name": null, "type": "yes" }, "geometry": { "type": "Polygon", "coordinates": [ [ [ 80.2074514, 13.1245436 ], [ 80.207498, 13.1244464 ], [ 80.2073746, 13.1243902 ], [ 80.2073533, 13.1244345 ], [ 80.207371, 13.1244426 ], [ 80.2073456, 13.1244955 ], [ 80.2074514, 13.1245436 ] ] ] } },
{ "type": "Feature", "properties": { "osm_id": "way/354308536", "levels": null, "height": null, "name": null, "type": "yes" }, "geometry": { "type": "Polygon", "coordinates": [ [ [ 80.2087536, 13.1236306 ], [ 80.2087451, 13.1237058 ], [ 80.2088374, 13.1237156 ], [ 80.2088356, 13.1237314 ], [ 80.2089048, 13.1237389 ], [ 80.2089125, 13.1236704 ], [ 80.2089001, 13.1236691 ], [ 80.2089027, 13.1236466 ], [ 80.2087536, 13.1236306 ] ] ] } },
{ "type": "Feature", "properties": { "osm_id": "way/354308704", "levels": null, "height": null, "name": null, "type": "yes" }, "geometry": { "type": "Polygon", "coordinates": [ [ [ 80.2051664, 13.1300957 ], [ 80.2052578, 13.1300813 ], [ 80.2052336, 13.1299358 ], [ 80.2051422, 13.1299502 ], [ 80.2051664, 13.1300957 ] ] ] } },
{ "type": "Feature", "properties": { "osm_id": "way/354308806", "levels": null, "height": null, "name": null, "type": "yes" }, "geometry": { "type": "Polygon", "coordinates": [ [ [ 80.2049406, 13.1295501 ], [ 80.2049756, 13.1297152 ], [ 80.2051921, 13.1296716 ], [ 80.205157, 13.1295065 ], [ 80.2049406, 13.1295501 ] ] ] } },
{ "type": "Feature", "properties": { "osm_id": "way/354443082", "levels": null, "height": null, "name": null, "type": "yes" }, "geometry": { "type": "Polygon", "coordinates": [ [ [ 80.2126685, 13.1200703 ], [ 80.2127485, 13.1200711 ], [ 80.21275, 13.1199313 ], [ 80.21267, 13.1199305 ], [ 80.2126685, 13.1200703 ] ] ] } },
{ "type": "Feature", "properties": { "osm_id": "way/354443096", "levels": null, "height": null, "name": null, "type": "yes" }, "geometry": { "type": "Polygon", "coordinates": [ [ [ 80.2144471, 13.1184279 ], [ 80.214444, 13.1185316 ], [ 80.2146043, 13.1185361 ], [ 80.2146074, 13.1184324 ], [ 80.2144471, 13.1184279 ] ] ] } },
{ "type": "Feature", "properties": { "osm_id": "way/354443097", "levels": null, "height": null, "name": null, "type": "yes" }, "geometry": { "type": "Polygon", "coordinates": [ [ [ 80.2132623, 13.1194409 ], [ 80.2133657, 13.1194438 ], [ 80.2133707, 13.1192779 ], [ 80.2132672, 13.119275 ], [ 80.2132623, 13.1194409 ] ] ] } },
{ "type": "Feature", "properties": { "osm_id": "way/354443101", "levels": null, "height": null, "name": null, "type": "yes" }, "geometry": { "type": "Polygon", "coordinates": [ [ [ 80.2145908, 13.118606 ], [ 80.2147651, 13.118611 ], [ 80.2147669, 13.1185519 ], [ 80.2145925, 13.118547 ], [ 80.2145908, 13.118606 ] ] ] } },
{ "type": "Feature", "properties": { "osm_id": "way/354443106", "levels": null, "height": null, "name": null, "type": "yes" }, "geometry": { "type": "Polygon", "coordinates": [ [ [ 80.215296, 13.1197357 ], [ 80.2153824, 13.1197366 ], [ 80.2153841, 13.1195771 ], [ 80.2152976, 13.1195762 ], [ 80.215296, 13.1197357 ] ] ] } },
{ "type": "Feature", "properties": { "osm_id": "way/354443108", "levels": null, "height": null, "name": null, "type": "yes" }, "geometry": { "type": "Polygon", "coordinates": [ [ [ 80.2110887, 13.1216741 ], [ 80.2111558, 13.1216741 ], [ 80.2111558, 13.1215583 ], [ 80.2110887, 13.1215583 ], [ 80.2110887, 13.1216741 ] ] ] } },
{ "type": "Feature", "properties": { "osm_id": "way/354443109", "levels": null, "height": null, "name": null, "type": "yes" }, "geometry": { "type": "Polygon", "coordinates": [ [ [ 80.2129013, 13.119598 ], [ 80.213016, 13.1195992 ], [ 80.2130168, 13.1195253 ], [ 80.2129021, 13.1195241 ], [ 80.2129013, 13.119598 ] ] ] } },
{ "type": "Feature", "properties": { "osm_id": "way/354443113", "levels": null, "height": null, "name": null, "type": "yes" }, "geometry": { "type": "Polygon", "coordinates": [ [ [ 80.215282, 13.1186624 ], [ 80.2153867, 13.1186688 ], [ 80.2153991, 13.1184775 ], [ 80.2152945, 13.1184711 ], [ 80.215282, 13.1186624 ] ] ] } },
{ "type": "Feature", "properties": { "osm_id": "way/354443114", "levels": null, "height": null, "name": null, "type": "yes" }, "geometry": { "type": "Polygon", "coordinates": [ [ [ 80.2143675, 13.1196837 ], [ 80.2145143, 13.1196851 ], [ 80.2145151, 13.1196128 ], [ 80.2143683, 13.1196113 ], [ 80.2143675, 13.1196837 ] ] ] } },
{ "type": "Feature", "properties": { "osm_id": "way/354443116", "levels": null, "height": null, "name": null, "type": "yes" }, "geometry": { "type": "Polygon", "coordinates": [ [ [ 80.2140187, 13.1198713 ], [ 80.2140908, 13.119872 ], [ 80.2140925, 13.119708 ], [ 80.2140204, 13.1197072 ], [ 80.2140187, 13.1198713 ] ] ] } },
{ "type": "Feature", "properties": { "osm_id": "way/354443121", "levels": null, "height": null, "name": null, "type": "yes" }, "geometry": { "type": "Polygon", "coordinates": [ [ [ 80.213804, 13.1196945 ], [ 80.2139136, 13.1196956 ], [ 80.2139152, 13.1195462 ], [ 80.2138056, 13.1195451 ], [ 80.213804, 13.1196945 ] ] ] } },
{ "type": "Feature", "properties": { "osm_id": "way/354443124", "levels": null, "height": null, "name": null, "type": "yes" }, "geometry": { "type": "Polygon", "coordinates": [ [ [ 80.2145917, 13.1192213 ], [ 80.2147277, 13.1192227 ], [ 80.2147287, 13.1191224 ], [ 80.2145928, 13.1191211 ], [ 80.2145917, 13.1192213 ] ] ] } },
{ "type": "Feature", "properties": { "osm_id": "way/354443129", "levels": null, "height": null, "name": null, "type": "yes" }, "geometry": { "type": "Polygon", "coordinates": [ [ [ 80.2137273, 13.119265 ], [ 80.2138256, 13.1192678 ], [ 80.2138303, 13.1191106 ], [ 80.213732, 13.1191078 ], [ 80.2137273, 13.119265 ] ] ] } },
{ "type": "Feature", "properties": { "osm_id": "way/354443134", "levels": null, "height": null, "name": null, "type": "yes" }, "geometry": { "type": "Polygon", "coordinates": [ [ [ 80.2143918, 13.1196084 ], [ 80.2145157, 13.1196096 ], [ 80.2145164, 13.1195431 ], [ 80.2143925, 13.1195419 ], [ 80.2143918, 13.1196084 ] ] ] } },
{ "type": "Feature", "properties": { "osm_id": "way/354443136", "levels": null, "height": null, "name": null, "type": "yes" }, "geometry": { "type": "Polygon", "coordinates": [ [ [ 80.2144566, 13.118771 ], [ 80.2145866, 13.1187747 ], [ 80.2145894, 13.1186812 ], [ 80.2144594, 13.1186776 ], [ 80.2144566, 13.118771 ] ] ] } },
{ "type": "Feature", "properties": { "osm_id": "way/354443139", "levels": null, "height": null, "name": null, "type": "yes" }, "geometry": { "type": "Polygon", "coordinates": [ [ [ 80.2144087, 13.1189918 ], [ 80.2145725, 13.1189934 ], [ 80.2145735, 13.1188929 ], [ 80.2144097, 13.1188912 ], [ 80.2144087, 13.1189918 ] ] ] } },
{ "type": "Feature", "properties": { "osm_id": "way/354443141", "levels": null, "height": null, "name": null, "type": "yes" }, "geometry": { "type": "Polygon", "coordinates": [ [ [ 80.2141811, 13.1181579 ], [ 80.2142457, 13.1181558 ], [ 80.2142405, 13.118003 ], [ 80.2141759, 13.1180051 ], [ 80.2141811, 13.1181579 ] ] ] } },
{ "type": "Feature", "properties": { "osm_id": "way/354443142", "levels": null, "height": null, "name": null, "type": "yes" }, "geometry": { "type": "Polygon", "coordinates": [ [ [ 80.2097316, 13.121273 ], [ 80.2097316, 13.1212086 ], [ 80.209629, 13.1212086 ], [ 80.209629, 13.121273 ], [ 80.2097316, 13.121273 ] ] ] } },
{ "type": "Feature", "properties": { "osm_id": "way/354443143", "levels": null, "height": null, "name": null, "type": "yes" }, "geometry": { "type": "Polygon", "coordinates": [ [ [ 80.2134002, 13.1181168 ], [ 80.2134998, 13.1181136 ], [ 80.2134922, 13.11789 ], [ 80.2133926, 13.1178933 ], [ 80.2134002, 13.1181168 ] ] ] } },
{ "type": "Feature", "properties": { "osm_id": "way/354443144", "levels": null, "height": null, "name": null, "type": "yes" }, "geometry": { "type": "Polygon", "coordinates": [ [ [ 80.2095764, 13.1207641 ], [ 80.20974, 13.1207572 ], [ 80.2097359, 13.1206649 ], [ 80.2095723, 13.1206717 ], [ 80.2095764, 13.1207641 ] ] ] } },
{ "type": "Feature", "properties": { "osm_id": "way/354443147", "levels": null, "height": null, "name": null, "type": "yes" }, "geometry": { "type": "Polygon", "coordinates": [ [ [ 80.2143971, 13.1192143 ], [ 80.2145624, 13.1192189 ], [ 80.2145654, 13.1191187 ], [ 80.2144, 13.119114 ], [ 80.2143971, 13.1192143 ] ] ] } },
{ "type": "Feature", "properties": { "osm_id": "way/354443150", "levels": null, "height": null, "name": null, "type": "yes" }, "geometry": { "type": "Polygon", "coordinates": [ [ [ 80.2126877, 13.1202933 ], [ 80.2127826, 13.1202942 ], [ 80.2127845, 13.1201104 ], [ 80.2126896, 13.1201095 ], [ 80.2126877, 13.1202933 ] ] ] } },
{ "type": "Feature", "properties": { "osm_id": "way/354443151", "levels": null, "height": null, "name": null, "type": "yes" }, "geometry": { "type": "Polygon", "coordinates": [ [ [ 80.2143901, 13.1193342 ], [ 80.2145621, 13.1193391 ], [ 80.2145655, 13.119225 ], [ 80.2143935, 13.1192202 ], [ 80.2143901, 13.1193342 ] ] ] } },
{ "type": "Feature", "properties": { "osm_id": "way/354443154", "levels": null, "height": null, "name": null, "type": "yes" }, "geometry": { "type": "Polygon", "coordinates": [ [ [ 80.2125583, 13.1200824 ], [ 80.2126458, 13.1200833 ], [ 80.2126474, 13.1199285 ], [ 80.2125599, 13.1199276 ], [ 80.2125583, 13.1200824 ] ] ] } },
{ "type": "Feature", "properties": { "osm_id": "way/354443156", "levels": null, "height": null, "name": null, "type": "yes" }, "geometry": { "type": "Polygon", "coordinates": [ [ [ 80.2116032, 13.1208501 ], [ 80.2116967, 13.1208501 ], [ 80.2116967, 13.1206707 ], [ 80.2116032, 13.1206707 ], [ 80.2116032, 13.1208501 ] ] ] } },
{ "type": "Feature", "properties": { "osm_id": "way/354443157", "levels": null, "height": null, "name": null, "type": "yes" }, "geometry": { "type": "Polygon", "coordinates": [ [ [ 80.2120678, 13.1212768 ], [ 80.2121866, 13.121278 ], [ 80.2121875, 13.1211891 ], [ 80.2120687, 13.1211879 ], [ 80.2120678, 13.1212768 ] ] ] } },
{ "type": "Feature", "properties": { "osm_id": "way/354443164", "levels": null, "height": null, "name": null, "type": "yes" }, "geometry": { "type": "Polygon", "coordinates": [ [ [ 80.209883, 13.1213794 ], [ 80.2099788, 13.1213794 ], [ 80.2099788, 13.121217 ], [ 80.209883, 13.121217 ], [ 80.209883, 13.1213794 ] ] ] } },
{ "type": "Feature", "properties": { "osm_id": "way/354443165", "levels": null, "height": null, "name": null, "type": "yes" }, "geometry": { "type": "Polygon", "coordinates": [ [ [ 80.213579, 13.1197045 ], [ 80.213681, 13.1197055 ], [ 80.2136825, 13.119558 ], [ 80.2135805, 13.119557 ], [ 80.213579, 13.1197045 ] ] ] } },
{ "type": "Feature", "properties": { "osm_id": "way/354443167", "levels": null, "height": null, "name": null, "type": "yes" }, "geometry": { "type": "Polygon", "coordinates": [ [ [ 80.2127078, 13.1210426 ], [ 80.212709, 13.120932 ], [ 80.2125679, 13.1209306 ], [ 80.2125668, 13.1210412 ], [ 80.2127078, 13.1210426 ] ] ] } },
{ "type": "Feature", "properties": { "osm_id": "way/354443171", "levels": null, "height": null, "name": null, "type": "yes" }, "geometry": { "type": "Polygon", "coordinates": [ [ [ 80.2134738, 13.1197038 ], [ 80.213571, 13.1197048 ], [ 80.2135725, 13.1195517 ], [ 80.2134754, 13.1195508 ], [ 80.2134738, 13.1197038 ] ] ] } },
{ "type": "Feature", "properties": { "osm_id": "way/354443173", "levels": null, "height": null, "name": null, "type": "yes" }, "geometry": { "type": "Polygon", "coordinates": [ [ [ 80.2131566, 13.1194238 ], [ 80.2132465, 13.1194263 ], [ 80.2132507, 13.1192845 ], [ 80.2131608, 13.119282 ], [ 80.2131566, 13.1194238 ] ] ] } },
{ "type": "Feature", "properties": { "osm_id": "way/354443176", "levels": null, "height": null, "name": null, "type": "yes" }, "geometry": { "type": "Polygon", "coordinates": [ [ [ 80.214836, 13.1186707 ], [ 80.2150009, 13.1186754 ], [ 80.215004, 13.1185717 ], [ 80.2148391, 13.1185671 ], [ 80.214836, 13.1186707 ] ] ] } },
{ "type": "Feature", "properties": { "osm_id": "way/354443179", "levels": null, "height": null, "name": null, "type": "yes" }, "geometry": { "type": "Polygon", "coordinates": [ [ [ 80.2130624, 13.1194139 ], [ 80.2131471, 13.1194163 ], [ 80.2131511, 13.1192793 ], [ 80.2130665, 13.1192769 ], [ 80.2130624, 13.1194139 ] ] ] } },
{ "type": "Feature", "properties": { "osm_id": "way/354443180", "levels": null, "height": null, "name": null, "type": "yes" }, "geometry": { "type": "Polygon", "coordinates": [ [ [ 80.2156706, 13.1198517 ], [ 80.2157554, 13.1198525 ], [ 80.2157568, 13.1197136 ], [ 80.215672, 13.1197127 ], [ 80.2156706, 13.1198517 ] ] ] } },
{ "type": "Feature", "properties": { "osm_id": "way/354443186", "levels": null, "height": null, "name": null, "type": "yes" }, "geometry": { "type": "Polygon", "coordinates": [ [ [ 80.2155221, 13.1198358 ], [ 80.2156308, 13.1198369 ], [ 80.2156323, 13.1196996 ], [ 80.2155235, 13.1196985 ], [ 80.2155221, 13.1198358 ] ] ] } },
{ "type": "Feature", "properties": { "osm_id": "way/354443193", "levels": null, "height": null, "name": null, "type": "yes" }, "geometry": { "type": "Polygon", "coordinates": [ [ [ 80.2107401, 13.1209465 ], [ 80.2108864, 13.1209465 ], [ 80.2108864, 13.120796 ], [ 80.2107401, 13.120796 ], [ 80.2107401, 13.1209465 ] ] ] } },
{ "type": "Feature", "properties": { "osm_id": "way/354443200", "levels": null, "height": null, "name": null, "type": "yes" }, "geometry": { "type": "Polygon", "coordinates": [ [ [ 80.2121138, 13.1203185 ], [ 80.2121968, 13.1203193 ], [ 80.2121981, 13.1202009 ], [ 80.212115, 13.1202001 ], [ 80.2121138, 13.1203185 ] ] ] } },
{ "type": "Feature", "properties": { "osm_id": "way/354443204", "levels": null, "height": null, "name": null, "type": "yes" }, "geometry": { "type": "Polygon", "coordinates": [ [ [ 80.2127921, 13.1210732 ], [ 80.2129045, 13.1210743 ], [ 80.2129052, 13.1210052 ], [ 80.2127928, 13.1210041 ], [ 80.2127921, 13.1210732 ] ] ] } },
{ "type": "Feature", "properties": { "osm_id": "way/354443211", "levels": null, "height": null, "name": null, "type": "yes" }, "geometry": { "type": "Polygon", "coordinates": [ [ [ 80.2132666, 13.1198405 ], [ 80.2133705, 13.1198415 ], [ 80.213372, 13.1196958 ], [ 80.2132681, 13.1196948 ], [ 80.2132666, 13.1198405 ] ] ] } },
{ "type": "Feature", "properties": { "osm_id": "way/354443215", "levels": null, "height": null, "name": null, "type": "yes" }, "geometry": { "type": "Polygon", "coordinates": [ [ [ 80.2138398, 13.1192571 ], [ 80.2139258, 13.1192595 ], [ 80.2139306, 13.1190974 ], [ 80.2138446, 13.119095 ], [ 80.2138398, 13.1192571 ] ] ] } },
{ "type": "Feature", "properties": { "osm_id": "way/354443217", "levels": null, "height": null, "name": null, "type": "yes" }, "geometry": { "type": "Polygon", "coordinates": [ [ [ 80.2156873, 13.1189386 ], [ 80.2157717, 13.1189438 ], [ 80.2157822, 13.1187818 ], [ 80.2156979, 13.1187766 ], [ 80.2156873, 13.1189386 ] ] ] } },
{ "type": "Feature", "properties": { "osm_id": "way/354443223", "levels": null, "height": null, "name": null, "type": "yes" }, "geometry": { "type": "Polygon", "coordinates": [ [ [ 80.2145912, 13.1196997 ], [ 80.2147062, 13.1197007 ], [ 80.2147074, 13.119563 ], [ 80.2145924, 13.119562 ], [ 80.2145912, 13.1196997 ] ] ] } },
{ "type": "Feature", "properties": { "osm_id": "way/354443229", "levels": null, "height": null, "name": null, "type": "yes" }, "geometry": { "type": "Polygon", "coordinates": [ [ [ 80.2146521, 13.1198713 ], [ 80.2147462, 13.1198722 ], [ 80.2147479, 13.119707 ], [ 80.2146538, 13.1197061 ], [ 80.2146521, 13.1198713 ] ] ] } },
{ "type": "Feature", "properties": { "osm_id": "way/354443233", "levels": null, "height": null, "name": null, "type": "yes" }, "geometry": { "type": "Polygon", "coordinates": [ [ [ 80.2108083, 13.1216567 ], [ 80.2108705, 13.1216567 ], [ 80.2108705, 13.1215457 ], [ 80.2108083, 13.1215457 ], [ 80.2108083, 13.1216567 ] ] ] } },
{ "type": "Feature", "properties": { "osm_id": "way/354443236", "levels": null, "height": null, "name": null, "type": "yes" }, "geometry": { "type": "Polygon", "coordinates": [ [ [ 80.2108804, 13.1216978 ], [ 80.2109446, 13.1216978 ], [ 80.2109446, 13.1215532 ], [ 80.2108804, 13.1215532 ], [ 80.2108804, 13.1216978 ] ] ] } },
{ "type": "Feature", "properties": { "osm_id": "way/354443243", "levels": null, "height": null, "name": null, "type": "yes" }, "geometry": { "type": "Polygon", "coordinates": [ [ [ 80.2111633, 13.1216585 ], [ 80.2112515, 13.1216585 ], [ 80.2112515, 13.1215623 ], [ 80.2111633, 13.1215623 ], [ 80.2111633, 13.1216585 ] ] ] } },
{ "type": "Feature", "properties": { "osm_id": "way/354443247", "levels": null, "height": null, "name": null, "type": "yes" }, "geometry": { "type": "Polygon", "coordinates": [ [ [ 80.2097777, 13.1208335 ], [ 80.2098785, 13.1208288 ], [ 80.2098704, 13.1206639 ], [ 80.2097696, 13.1206686 ], [ 80.2097777, 13.1208335 ] ] ] } },
{ "type": "Feature", "properties": { "osm_id": "way/354443251", "levels": null, "height": null, "name": null, "type": "yes" }, "geometry": { "type": "Polygon", "coordinates": [ [ [ 80.2112905, 13.1216598 ], [ 80.2113825, 13.1216598 ], [ 80.2113825, 13.1215478 ], [ 80.2112905, 13.1215478 ], [ 80.2112905, 13.1216598 ] ] ] } },
{ "type": "Feature", "properties": { "osm_id": "way/354443252", "levels": null, "height": null, "name": null, "type": "yes" }, "geometry": { "type": "Polygon", "coordinates": [ [ [ 80.2153917, 13.1192024 ], [ 80.2154582, 13.119203 ], [ 80.2154597, 13.1190577 ], [ 80.2153932, 13.1190571 ], [ 80.2153917, 13.1192024 ] ] ] } },
{ "type": "Feature", "properties": { "osm_id": "way/354443254", "levels": null, "height": null, "name": null, "type": "yes" }, "geometry": { "type": "Polygon", "coordinates": [ [ [ 80.2118579, 13.1200918 ], [ 80.2119566, 13.1200927 ], [ 80.2119585, 13.1199061 ], [ 80.2118599, 13.1199051 ], [ 80.2118579, 13.1200918 ] ] ] } },
{ "type": "Feature", "properties": { "osm_id": "way/354443256", "levels": null, "height": null, "name": null, "type": "yes" }, "geometry": { "type": "Polygon", "coordinates": [ [ [ 80.2113795, 13.1211454 ], [ 80.2114686, 13.1211454 ], [ 80.2114686, 13.1209858 ], [ 80.2113795, 13.1209858 ], [ 80.2113795, 13.1211454 ] ] ] } },
{ "type": "Feature", "properties": { "osm_id": "way/354443260", "levels": null, "height": null, "name": null, "type": "yes" }, "geometry": { "type": "Polygon", "coordinates": [ [ [ 80.2148408, 13.1189927 ], [ 80.2149425, 13.1189937 ], [ 80.2149434, 13.1189115 ], [ 80.2148417, 13.1189105 ], [ 80.2148408, 13.1189927 ] ] ] } },
{ "type": "Feature", "properties": { "osm_id": "way/354443263", "levels": null, "height": null, "name": null, "type": "yes" }, "geometry": { "type": "Polygon", "coordinates": [ [ [ 80.2121051, 13.1201823 ], [ 80.2122164, 13.1201834 ], [ 80.2122172, 13.1200992 ], [ 80.212106, 13.1200981 ], [ 80.2121051, 13.1201823 ] ] ] } },
{ "type": "Feature", "properties": { "osm_id": "way/354443265", "levels": null, "height": null, "name": null, "type": "yes" }, "geometry": { "type": "Polygon", "coordinates": [ [ [ 80.2112758, 13.1212392 ], [ 80.211454, 13.1212392 ], [ 80.211454, 13.1211776 ], [ 80.2112758, 13.1211776 ], [ 80.2112758, 13.1212392 ] ] ] } },
{ "type": "Feature", "properties": { "osm_id": "way/354443266", "levels": null, "height": null, "name": null, "type": "yes" }, "geometry": { "type": "Polygon", "coordinates": [ [ [ 80.212337, 13.1213888 ], [ 80.2124334, 13.1213898 ], [ 80.2124347, 13.121261 ], [ 80.2123383, 13.12126 ], [ 80.212337, 13.1213888 ] ] ] } },
{ "type": "Feature", "properties": { "osm_id": "way/354443279", "levels": null, "height": null, "name": null, "type": "yes" }, "geometry": { "type": "Polygon", "coordinates": [ [ [ 80.2149784, 13.1180824 ], [ 80.2149724, 13.1178678 ], [ 80.2149013, 13.1178697 ], [ 80.2149074, 13.1180843 ], [ 80.2149784, 13.1180824 ] ] ] } },
{ "type": "Feature", "properties": { "osm_id": "way/354443283", "levels": null, "height": null, "name": null, "type": "yes" }, "geometry": { "type": "Polygon", "coordinates": [ [ [ 80.2127097, 13.120925 ], [ 80.2127107, 13.1208327 ], [ 80.2125664, 13.1208312 ], [ 80.2125654, 13.1209236 ], [ 80.2127097, 13.120925 ] ] ] } },
{ "type": "Feature", "properties": { "osm_id": "way/354443285", "levels": null, "height": null, "name": null, "type": "yes" }, "geometry": { "type": "Polygon", "coordinates": [ [ [ 80.2129054, 13.1197215 ], [ 80.2130158, 13.1197226 ], [ 80.213017, 13.119603 ], [ 80.2129066, 13.1196019 ], [ 80.2129054, 13.1197215 ] ] ] } },
{ "type": "Feature", "properties": { "osm_id": "way/354443287", "levels": null, "height": null, "name": null, "type": "yes" }, "geometry": { "type": "Polygon", "coordinates": [ [ [ 80.2150666, 13.1186701 ], [ 80.2151852, 13.1186735 ], [ 80.2151881, 13.1185763 ], [ 80.2150695, 13.1185729 ], [ 80.2150666, 13.1186701 ] ] ] } },
{ "type": "Feature", "properties": { "osm_id": "way/354443288", "levels": null, "height": null, "name": null, "type": "yes" }, "geometry": { "type": "Polygon", "coordinates": [ [ [ 80.2129159, 13.1198559 ], [ 80.21302, 13.1198569 ], [ 80.2130213, 13.1197303 ], [ 80.2129172, 13.1197293 ], [ 80.2129159, 13.1198559 ] ] ] } },
{ "type": "Feature", "properties": { "osm_id": "way/354443290", "levels": null, "height": null, "name": null, "type": "yes" }, "geometry": { "type": "Polygon", "coordinates": [ [ [ 80.215798, 13.1189507 ], [ 80.2158766, 13.1189612 ], [ 80.2158977, 13.1188119 ], [ 80.2158191, 13.1188014 ], [ 80.215798, 13.1189507 ] ] ] } },
{ "type": "Feature", "properties": { "osm_id": "way/354443294", "levels": null, "height": null, "name": null, "type": "yes" }, "geometry": { "type": "Polygon", "coordinates": [ [ [ 80.2139555, 13.1196781 ], [ 80.214049, 13.119679 ], [ 80.2140504, 13.1195503 ], [ 80.2139568, 13.1195493 ], [ 80.2139555, 13.1196781 ] ] ] } },
{ "type": "Feature", "properties": { "osm_id": "way/354443303", "levels": null, "height": null, "name": null, "type": "yes" }, "geometry": { "type": "Polygon", "coordinates": [ [ [ 80.2132342, 13.1196856 ], [ 80.2133173, 13.1196864 ], [ 80.2133186, 13.1195689 ], [ 80.2132355, 13.1195681 ], [ 80.2132342, 13.1196856 ] ] ] } },
{ "type": "Feature", "properties": { "osm_id": "way/354443311", "levels": null, "height": null, "name": null, "type": "yes" }, "geometry": { "type": "Polygon", "coordinates": [ [ [ 80.2127094, 13.1189445 ], [ 80.212853, 13.1189486 ], [ 80.212856, 13.1188493 ], [ 80.2127123, 13.1188453 ], [ 80.2127094, 13.1189445 ] ] ] } },
{ "type": "Feature", "properties": { "osm_id": "way/354443313", "levels": null, "height": null, "name": null, "type": "yes" }, "geometry": { "type": "Polygon", "coordinates": [ [ [ 80.214838, 13.119282 ], [ 80.2149792, 13.1192834 ], [ 80.2149798, 13.1192251 ], [ 80.2148386, 13.1192237 ], [ 80.214838, 13.119282 ] ] ] } },
{ "type": "Feature", "properties": { "osm_id": "way/354443315", "levels": null, "height": null, "name": null, "type": "yes" }, "geometry": { "type": "Polygon", "coordinates": [ [ [ 80.2148504, 13.1194275 ], [ 80.2149845, 13.1194289 ], [ 80.2149855, 13.1193305 ], [ 80.2148514, 13.1193292 ], [ 80.2148504, 13.1194275 ] ] ] } },
{ "type": "Feature", "properties": { "osm_id": "way/354443326", "levels": null, "height": null, "name": null, "type": "yes" }, "geometry": { "type": "Polygon", "coordinates": [ [ [ 80.2145812, 13.1191065 ], [ 80.2147266, 13.119108 ], [ 80.2147278, 13.1189946 ], [ 80.2145823, 13.1189931 ], [ 80.2145812, 13.1191065 ] ] ] } },
{ "type": "Feature", "properties": { "osm_id": "way/354443328", "levels": null, "height": null, "name": null, "type": "yes" }, "geometry": { "type": "Polygon", "coordinates": [ [ [ 80.2140613, 13.1181177 ], [ 80.2141595, 13.1181146 ], [ 80.2141552, 13.117989 ], [ 80.214057, 13.1179921 ], [ 80.2140613, 13.1181177 ] ] ] } },
{ "type": "Feature", "properties": { "osm_id": "way/354443329", "levels": null, "height": null, "name": null, "type": "yes" }, "geometry": { "type": "Polygon", "coordinates": [ [ [ 80.2097421, 13.1213729 ], [ 80.2098446, 13.1213729 ], [ 80.2098446, 13.121217 ], [ 80.2097421, 13.121217 ], [ 80.2097421, 13.1213729 ] ] ] } },
{ "type": "Feature", "properties": { "osm_id": "way/354443330", "levels": null, "height": null, "name": null, "type": "yes" }, "geometry": { "type": "Polygon", "coordinates": [ [ [ 80.214401, 13.1191131 ], [ 80.2145685, 13.1191147 ], [ 80.2145697, 13.1190011 ], [ 80.2144022, 13.1189994 ], [ 80.214401, 13.1191131 ] ] ] } },
{ "type": "Feature", "properties": { "osm_id": "way/354443331", "levels": null, "height": null, "name": null, "type": "yes" }, "geometry": { "type": "Polygon", "coordinates": [ [ [ 80.2139638, 13.1181532 ], [ 80.2140579, 13.1181502 ], [ 80.2140516, 13.1179656 ], [ 80.2139575, 13.1179686 ], [ 80.2139638, 13.1181532 ] ] ] } },
{ "type": "Feature", "properties": { "osm_id": "way/354443334", "levels": null, "height": null, "name": null, "type": "yes" }, "geometry": { "type": "Polygon", "coordinates": [ [ [ 80.2109964, 13.1216749 ], [ 80.2110559, 13.1216749 ], [ 80.2110559, 13.1215554 ], [ 80.2109964, 13.1215554 ], [ 80.2109964, 13.1216749 ] ] ] } },
{ "type": "Feature", "properties": { "osm_id": "way/354443336", "levels": null, "height": null, "name": null, "type": "yes" }, "geometry": { "type": "Polygon", "coordinates": [ [ [ 80.2136189, 13.1194405 ], [ 80.2137169, 13.1194433 ], [ 80.2137219, 13.1192756 ], [ 80.2136239, 13.1192728 ], [ 80.2136189, 13.1194405 ] ] ] } },
{ "type": "Feature", "properties": { "osm_id": "way/354443339", "levels": null, "height": null, "name": null, "type": "yes" }, "geometry": { "type": "Polygon", "coordinates": [ [ [ 80.2136095, 13.1192676 ], [ 80.2137154, 13.1192706 ], [ 80.2137206, 13.1190987 ], [ 80.2136146, 13.1190957 ], [ 80.2136095, 13.1192676 ] ] ] } },
{ "type": "Feature", "properties": { "osm_id": "way/354443346", "levels": null, "height": null, "name": null, "type": "yes" }, "geometry": { "type": "Polygon", "coordinates": [ [ [ 80.2099895, 13.1216754 ], [ 80.2100997, 13.1216754 ], [ 80.2100997, 13.1215503 ], [ 80.2099895, 13.1215503 ], [ 80.2099895, 13.1216754 ] ] ] } },
{ "type": "Feature", "properties": { "osm_id": "way/354443347", "levels": null, "height": null, "name": null, "type": "yes" }, "geometry": { "type": "Polygon", "coordinates": [ [ [ 80.213359, 13.1196893 ], [ 80.2134609, 13.1196903 ], [ 80.2134625, 13.11954 ], [ 80.2133606, 13.119539 ], [ 80.213359, 13.1196893 ] ] ] } },
{ "type": "Feature", "properties": { "osm_id": "way/354443349", "levels": null, "height": null, "name": null, "type": "yes" }, "geometry": { "type": "Polygon", "coordinates": [ [ [ 80.213058, 13.1192624 ], [ 80.2131048, 13.1192637 ], [ 80.2131094, 13.119108 ], [ 80.2130626, 13.1191066 ], [ 80.213058, 13.1192624 ] ] ] } },
{ "type": "Feature", "properties": { "osm_id": "way/354443350", "levels": null, "height": null, "name": null, "type": "yes" }, "geometry": { "type": "Polygon", "coordinates": [ [ [ 80.211634, 13.1211475 ], [ 80.2117251, 13.1211437 ], [ 80.2117183, 13.1209888 ], [ 80.2116272, 13.1209926 ], [ 80.211634, 13.1211475 ] ] ] } },
{ "type": "Feature", "properties": { "osm_id": "way/354443353", "levels": null, "height": null, "name": null, "type": "yes" }, "geometry": { "type": "Polygon", "coordinates": [ [ [ 80.2149721, 13.1198666 ], [ 80.2150873, 13.1198677 ], [ 80.215089, 13.1197089 ], [ 80.2149737, 13.1197078 ], [ 80.2149721, 13.1198666 ] ] ] } },
{ "type": "Feature", "properties": { "osm_id": "way/354443355", "levels": null, "height": null, "name": null, "type": "yes" }, "geometry": { "type": "Polygon", "coordinates": [ [ [ 80.2140742, 13.1192637 ], [ 80.2141672, 13.1192663 ], [ 80.2141718, 13.1191119 ], [ 80.2140788, 13.1191093 ], [ 80.2140742, 13.1192637 ] ] ] } },
{ "type": "Feature", "properties": { "osm_id": "way/354443356", "levels": null, "height": null, "name": null, "type": "yes" }, "geometry": { "type": "Polygon", "coordinates": [ [ [ 80.2148619, 13.1198433 ], [ 80.214966, 13.1198443 ], [ 80.2149673, 13.1197145 ], [ 80.2148633, 13.1197135 ], [ 80.2148619, 13.1198433 ] ] ] } },
{ "type": "Feature", "properties": { "osm_id": "way/354443357", "levels": null, "height": null, "name": null, "type": "yes" }, "geometry": { "type": "Polygon", "coordinates": [ [ [ 80.2157046, 13.1187182 ], [ 80.2157915, 13.1187236 ], [ 80.2158021, 13.1185598 ], [ 80.2157152, 13.1185545 ], [ 80.2157046, 13.1187182 ] ] ] } },
{ "type": "Feature", "properties": { "osm_id": "way/354443359", "levels": null, "height": null, "name": null, "type": "yes" }, "geometry": { "type": "Polygon", "coordinates": [ [ [ 80.2114907, 13.1208607 ], [ 80.2115815, 13.1208607 ], [ 80.2115815, 13.1206825 ], [ 80.2114907, 13.1206825 ], [ 80.2114907, 13.1208607 ] ] ] } },
{ "type": "Feature", "properties": { "osm_id": "way/354443363", "levels": null, "height": null, "name": null, "type": "yes" }, "geometry": { "type": "Polygon", "coordinates": [ [ [ 80.211717, 13.1208515 ], [ 80.2117956, 13.1208515 ], [ 80.2117956, 13.1206786 ], [ 80.211717, 13.1206786 ], [ 80.211717, 13.1208515 ] ] ] } },
{ "type": "Feature", "properties": { "osm_id": "way/354443364", "levels": null, "height": null, "name": null, "type": "yes" }, "geometry": { "type": "Polygon", "coordinates": [ [ [ 80.2118905, 13.1204855 ], [ 80.2119865, 13.1204865 ], [ 80.2119873, 13.1204146 ], [ 80.2118913, 13.1204137 ], [ 80.2118905, 13.1204855 ] ] ] } },
{ "type": "Feature", "properties": { "osm_id": "way/354443370", "levels": null, "height": null, "name": null, "type": "yes" }, "geometry": { "type": "Polygon", "coordinates": [ [ [ 80.2117857, 13.1211514 ], [ 80.2119009, 13.1211525 ], [ 80.2119026, 13.1209937 ], [ 80.2117873, 13.1209926 ], [ 80.2117857, 13.1211514 ] ] ] } },
{ "type": "Feature", "properties": { "osm_id": "way/354443382", "levels": null, "height": null, "name": null, "type": "yes" }, "geometry": { "type": "Polygon", "coordinates": [ [ [ 80.2130299, 13.1198377 ], [ 80.2132076, 13.1198394 ], [ 80.2132091, 13.1196921 ], [ 80.2130315, 13.1196903 ], [ 80.2130299, 13.1198377 ] ] ] } },
{ "type": "Feature", "properties": { "osm_id": "way/354443384", "levels": null, "height": null, "name": null, "type": "yes" }, "geometry": { "type": "Polygon", "coordinates": [ [ [ 80.2155417, 13.1189414 ], [ 80.2156643, 13.1189489 ], [ 80.2156768, 13.1187566 ], [ 80.2155542, 13.118749 ], [ 80.2155417, 13.1189414 ] ] ] } },
{ "type": "Feature", "properties": { "osm_id": "way/354443387", "levels": null, "height": null, "name": null, "type": "yes" }, "geometry": { "type": "Polygon", "coordinates": [ [ [ 80.21558, 13.1187137 ], [ 80.2156955, 13.1187208 ], [ 80.2157075, 13.1185373 ], [ 80.215592, 13.1185302 ], [ 80.21558, 13.1187137 ] ] ] } },
{ "type": "Feature", "properties": { "osm_id": "way/354443391", "levels": null, "height": null, "name": null, "type": "yes" }, "geometry": { "type": "Polygon", "coordinates": [ [ [ 80.2143742, 13.1197929 ], [ 80.2144786, 13.1197939 ], [ 80.2144796, 13.1196996 ], [ 80.2143752, 13.1196985 ], [ 80.2143742, 13.1197929 ] ] ] } },
{ "type": "Feature", "properties": { "osm_id": "way/354443399", "levels": null, "height": null, "name": null, "type": "yes" }, "geometry": { "type": "Polygon", "coordinates": [ [ [ 80.2150528, 13.1185598 ], [ 80.2151878, 13.1185637 ], [ 80.2151897, 13.118466 ], [ 80.215056, 13.1184531 ], [ 80.2150528, 13.1185598 ] ] ] } },
{ "type": "Feature", "properties": { "osm_id": "way/354443401", "levels": null, "height": null, "name": null, "type": "yes" }, "geometry": { "type": "Polygon", "coordinates": [ [ [ 80.2101134, 13.1208049 ], [ 80.2101954, 13.120801 ], [ 80.2101887, 13.1206651 ], [ 80.2101066, 13.120669 ], [ 80.2101134, 13.1208049 ] ] ] } },
{ "type": "Feature", "properties": { "osm_id": "way/354443404", "levels": null, "height": null, "name": null, "type": "yes" }, "geometry": { "type": "Polygon", "coordinates": [ [ [ 80.2145865, 13.1193268 ], [ 80.2147447, 13.1193312 ], [ 80.2147475, 13.1192381 ], [ 80.2145893, 13.1192336 ], [ 80.2145865, 13.1193268 ] ] ] } },
{ "type": "Feature", "properties": { "osm_id": "way/354443405", "levels": null, "height": null, "name": null, "type": "yes" }, "geometry": { "type": "Polygon", "coordinates": [ [ [ 80.2147259, 13.1197024 ], [ 80.2148163, 13.1197033 ], [ 80.2148179, 13.1195494 ], [ 80.2147275, 13.1195485 ], [ 80.2147259, 13.1197024 ] ] ] } },
{ "type": "Feature", "properties": { "osm_id": "way/354443407", "levels": null, "height": null, "name": null, "type": "yes" }, "geometry": { "type": "Polygon", "coordinates": [ [ [ 80.2148255, 13.1192101 ], [ 80.2149356, 13.1192112 ], [ 80.2149366, 13.1191084 ], [ 80.2148266, 13.1191073 ], [ 80.2148255, 13.1192101 ] ] ] } },
{ "type": "Feature", "properties": { "osm_id": "way/354443409", "levels": null, "height": null, "name": null, "type": "yes" }, "geometry": { "type": "Polygon", "coordinates": [ [ [ 80.2096559, 13.1217862 ], [ 80.2097766, 13.1217862 ], [ 80.2097766, 13.1216285 ], [ 80.2096559, 13.1216285 ], [ 80.2096559, 13.1217862 ] ] ] } },
{ "type": "Feature", "properties": { "osm_id": "way/354443411", "levels": null, "height": null, "name": null, "type": "yes" }, "geometry": { "type": "Polygon", "coordinates": [ [ [ 80.2145927, 13.1189871 ], [ 80.214723, 13.1189884 ], [ 80.2147239, 13.1188994 ], [ 80.2145936, 13.1188981 ], [ 80.2145927, 13.1189871 ] ] ] } },
{ "type": "Feature", "properties": { "osm_id": "way/354443412", "levels": null, "height": null, "name": null, "type": "yes" }, "geometry": { "type": "Polygon", "coordinates": [ [ [ 80.2094417, 13.1214045 ], [ 80.2095317, 13.1214045 ], [ 80.2095317, 13.1212216 ], [ 80.2094417, 13.1212216 ], [ 80.2094417, 13.1214045 ] ] ] } },
{ "type": "Feature", "properties": { "osm_id": "way/354443413", "levels": null, "height": null, "name": null, "type": "yes" }, "geometry": { "type": "Polygon", "coordinates": [ [ [ 80.2104757, 13.1217389 ], [ 80.2106223, 13.1217389 ], [ 80.2106223, 13.1216475 ], [ 80.2104757, 13.1216475 ], [ 80.2104757, 13.1217389 ] ] ] } },
{ "type": "Feature", "properties": { "osm_id": "way/354443418", "levels": null, "height": null, "name": null, "type": "yes" }, "geometry": { "type": "Polygon", "coordinates": [ [ [ 80.2104865, 13.1216327 ], [ 80.2106388, 13.1216327 ], [ 80.2106388, 13.12153 ], [ 80.2104865, 13.12153 ], [ 80.2104865, 13.1216327 ] ] ] } },
{ "type": "Feature", "properties": { "osm_id": "way/354443419", "levels": null, "height": null, "name": null, "type": "yes" }, "geometry": { "type": "Polygon", "coordinates": [ [ [ 80.2133787, 13.1198367 ], [ 80.2134683, 13.1198376 ], [ 80.2134697, 13.1197005 ], [ 80.2133801, 13.1196996 ], [ 80.2133787, 13.1198367 ] ] ] } },
{ "type": "Feature", "properties": { "osm_id": "way/354443424", "levels": null, "height": null, "name": null, "type": "yes" }, "geometry": { "type": "Polygon", "coordinates": [ [ [ 80.2139726, 13.119265 ], [ 80.2140603, 13.1192675 ], [ 80.2140647, 13.1191172 ], [ 80.2139771, 13.1191147 ], [ 80.2139726, 13.119265 ] ] ] } },
{ "type": "Feature", "properties": { "osm_id": "way/354455198", "levels": null, "height": null, "name": null, "type": "yes" }, "geometry": { "type": "Polygon", "coordinates": [ [ [ 80.2052981, 13.1201579 ], [ 80.2054066, 13.120159 ], [ 80.2054079, 13.1200419 ], [ 80.2052994, 13.1200408 ], [ 80.2052981, 13.1201579 ] ] ] } },
{ "type": "Feature", "properties": { "osm_id": "way/354455203", "levels": null, "height": null, "name": null, "type": "yes" }, "geometry": { "type": "Polygon", "coordinates": [ [ [ 80.205316, 13.1202875 ], [ 80.2054472, 13.1202889 ], [ 80.2054483, 13.1201866 ], [ 80.2053171, 13.1201851 ], [ 80.205316, 13.1202875 ] ] ] } },
{ "type": "Feature", "properties": { "osm_id": "way/354455213", "levels": null, "height": null, "name": null, "type": "yes" }, "geometry": { "type": "Polygon", "coordinates": [ [ [ 80.2076769, 13.1202641 ], [ 80.2078467, 13.1202623 ], [ 80.2078452, 13.1201242 ], [ 80.2076753, 13.120126 ], [ 80.2076769, 13.1202641 ] ] ] } },
{ "type": "Feature", "properties": { "osm_id": "way/354455235", "levels": null, "height": null, "name": null, "type": "yes" }, "geometry": { "type": "Polygon", "coordinates": [ [ [ 80.2052348, 13.1219824 ], [ 80.2053881, 13.1219832 ], [ 80.2053886, 13.1218828 ], [ 80.2052353, 13.1218821 ], [ 80.2052348, 13.1219824 ] ] ] } },
{ "type": "Feature", "properties": { "osm_id": "way/354455271", "levels": null, "height": null, "name": null, "type": "yes" }, "geometry": { "type": "Polygon", "coordinates": [ [ [ 80.2118862, 13.1203037 ], [ 80.2119702, 13.1202992 ], [ 80.2119629, 13.1201692 ], [ 80.211879, 13.1201736 ], [ 80.2118862, 13.1203037 ] ] ] } },
{ "type": "Feature", "properties": { "osm_id": "way/354455275", "levels": null, "height": null, "name": null, "type": "yes" }, "geometry": { "type": "Polygon", "coordinates": [ [ [ 80.2076184, 13.1197972 ], [ 80.2076615, 13.1194654 ], [ 80.2075729, 13.1194544 ], [ 80.2075298, 13.1197863 ], [ 80.2076184, 13.1197972 ] ] ] } },
{ "type": "Feature", "properties": { "osm_id": "way/354455279", "levels": null, "height": null, "name": null, "type": "yes" }, "geometry": { "type": "Polygon", "coordinates": [ [ [ 80.2095418, 13.1217754 ], [ 80.2096244, 13.1217775 ], [ 80.2096288, 13.1216207 ], [ 80.2095462, 13.1216185 ], [ 80.2095418, 13.1217754 ] ] ] } },
{ "type": "Feature", "properties": { "osm_id": "way/354455287", "levels": null, "height": null, "name": null, "type": "yes" }, "geometry": { "type": "Polygon", "coordinates": [ [ [ 80.2092098, 13.1217627 ], [ 80.2093215, 13.1217666 ], [ 80.2093276, 13.1216017 ], [ 80.209216, 13.1215978 ], [ 80.2092098, 13.1217627 ] ] ] } },
{ "type": "Feature", "properties": { "osm_id": "way/354455296", "levels": null, "height": null, "name": null, "type": "yes" }, "geometry": { "type": "Polygon", "coordinates": [ [ [ 80.2075367, 13.1183189 ], [ 80.2076886, 13.1183106 ], [ 80.2076814, 13.118186 ], [ 80.2075296, 13.1181943 ], [ 80.2075367, 13.1183189 ] ] ] } },
{ "type": "Feature", "properties": { "osm_id": "way/354455313", "levels": null, "height": null, "name": null, "type": "yes" }, "geometry": { "type": "Polygon", "coordinates": [ [ [ 80.2077643, 13.1207762 ], [ 80.2078198, 13.1207778 ], [ 80.207823, 13.1206748 ], [ 80.2077676, 13.1206731 ], [ 80.2077643, 13.1207762 ] ] ] } },
{ "type": "Feature", "properties": { "osm_id": "way/354455325", "levels": null, "height": null, "name": null, "type": "yes" }, "geometry": { "type": "Polygon", "coordinates": [ [ [ 80.2102238, 13.122046 ], [ 80.2103321, 13.1220493 ], [ 80.2103356, 13.1219421 ], [ 80.2102273, 13.1219388 ], [ 80.2102238, 13.122046 ] ] ] } },
{ "type": "Feature", "properties": { "osm_id": "way/354455332", "levels": null, "height": null, "name": null, "type": "yes" }, "geometry": { "type": "Polygon", "coordinates": [ [ [ 80.2124247, 13.1197313 ], [ 80.2125079, 13.1197319 ], [ 80.2125089, 13.1196183 ], [ 80.2124257, 13.1196176 ], [ 80.2124247, 13.1197313 ] ] ] } },
{ "type": "Feature", "properties": { "osm_id": "way/354455341", "levels": null, "height": null, "name": null, "type": "yes" }, "geometry": { "type": "Polygon", "coordinates": [ [ [ 80.2071855, 13.1196361 ], [ 80.2072606, 13.1196382 ], [ 80.2072653, 13.1194799 ], [ 80.2071903, 13.1194777 ], [ 80.2071855, 13.1196361 ] ] ] } },
{ "type": "Feature", "properties": { "osm_id": "way/354455349", "levels": null, "height": null, "name": null, "type": "yes" }, "geometry": { "type": "Polygon", "coordinates": [ [ [ 80.2113749, 13.1200838 ], [ 80.2114871, 13.1200824 ], [ 80.2114852, 13.1199297 ], [ 80.211373, 13.119931 ], [ 80.2113749, 13.1200838 ] ] ] } },
{ "type": "Feature", "properties": { "osm_id": "way/354455355", "levels": null, "height": null, "name": null, "type": "yes" }, "geometry": { "type": "Polygon", "coordinates": [ [ [ 80.2069232, 13.119737 ], [ 80.2070258, 13.1197399 ], [ 80.2070334, 13.1194886 ], [ 80.2069308, 13.1194856 ], [ 80.2069232, 13.119737 ] ] ] } },
{ "type": "Feature", "properties": { "osm_id": "way/354455365", "levels": null, "height": null, "name": null, "type": "yes" }, "geometry": { "type": "Polygon", "coordinates": [ [ [ 80.2112321, 13.1200816 ], [ 80.2113633, 13.12008 ], [ 80.2113613, 13.1199161 ], [ 80.21123, 13.1199177 ], [ 80.2112321, 13.1200816 ] ] ] } },
{ "type": "Feature", "properties": { "osm_id": "way/354455391", "levels": null, "height": null, "name": null, "type": "yes" }, "geometry": { "type": "Polygon", "coordinates": [ [ [ 80.2116246, 13.1220183 ], [ 80.2117618, 13.1220183 ], [ 80.2117618, 13.1219236 ], [ 80.2117618, 13.1219095 ], [ 80.2116246, 13.1219095 ], [ 80.2116246, 13.1220183 ] ] ] } },
{ "type": "Feature", "properties": { "osm_id": "way/354455397", "levels": null, "height": null, "name": null, "type": "yes" }, "geometry": { "type": "Polygon", "coordinates": [ [ [ 80.2083396, 13.1214446 ], [ 80.2083353, 13.1212608 ], [ 80.2082103, 13.1212766 ], [ 80.2082146, 13.1213939 ], [ 80.2083396, 13.1214446 ] ] ] } },
{ "type": "Feature", "properties": { "osm_id": "way/354455408", "levels": null, "height": null, "name": null, "type": "yes" }, "geometry": { "type": "Polygon", "coordinates": [ [ [ 80.2116029, 13.1218741 ], [ 80.2117705, 13.1218741 ], [ 80.2117705, 13.1217844 ], [ 80.2116029, 13.1217844 ], [ 80.2116029, 13.1218741 ] ] ] } },
{ "type": "Feature", "properties": { "osm_id": "way/354455411", "levels": null, "height": null, "name": null, "type": "yes" }, "geometry": { "type": "Polygon", "coordinates": [ [ [ 80.2079665, 13.1210483 ], [ 80.2080555, 13.1210467 ], [ 80.2080519, 13.1208574 ], [ 80.2079629, 13.120859 ], [ 80.2079665, 13.1210483 ] ] ] } },
{ "type": "Feature", "properties": { "osm_id": "way/354455421", "levels": null, "height": null, "name": null, "type": "yes" }, "geometry": { "type": "Polygon", "coordinates": [ [ [ 80.2079541, 13.1180736 ], [ 80.2080644, 13.1180727 ], [ 80.2080639, 13.1180157 ], [ 80.2079536, 13.1180167 ], [ 80.2079541, 13.1180736 ] ] ] } },
{ "type": "Feature", "properties": { "osm_id": "way/354455429", "levels": null, "height": null, "name": null, "type": "yes" }, "geometry": { "type": "Polygon", "coordinates": [ [ [ 80.2050338, 13.122198 ], [ 80.2052111, 13.1221988 ], [ 80.2052116, 13.1220997 ], [ 80.2050343, 13.1220989 ], [ 80.2050338, 13.122198 ] ] ] } },
{ "type": "Feature", "properties": { "osm_id": "way/354455435", "levels": null, "height": null, "name": null, "type": "yes" }, "geometry": { "type": "Polygon", "coordinates": [ [ [ 80.2052188, 13.1220467 ], [ 80.2053833, 13.1220475 ], [ 80.2053836, 13.1219959 ], [ 80.2052191, 13.1219951 ], [ 80.2052188, 13.1220467 ] ] ] } },
{ "type": "Feature", "properties": { "osm_id": "way/354455444", "levels": null, "height": null, "name": null, "type": "yes" }, "geometry": { "type": "Polygon", "coordinates": [ [ [ 80.2067626, 13.1200132 ], [ 80.2068768, 13.1200156 ], [ 80.2068826, 13.1197527 ], [ 80.2067684, 13.1197503 ], [ 80.2067626, 13.1200132 ] ] ] } },
{ "type": "Feature", "properties": { "osm_id": "way/354455446", "levels": null, "height": null, "name": null, "type": "yes" }, "geometry": { "type": "Polygon", "coordinates": [ [ [ 80.2087678, 13.1212043 ], [ 80.2088701, 13.1211994 ], [ 80.2088621, 13.1210404 ], [ 80.2087598, 13.1210452 ], [ 80.2087678, 13.1212043 ] ] ] } },
{ "type": "Feature", "properties": { "osm_id": "way/354455451", "levels": null, "height": null, "name": null, "type": "yes" }, "geometry": { "type": "Polygon", "coordinates": [ [ [ 80.2068976, 13.1200118 ], [ 80.2070105, 13.1200135 ], [ 80.2070148, 13.1197464 ], [ 80.206902, 13.1197447 ], [ 80.2068976, 13.1200118 ] ] ] } },
{ "type": "Feature", "properties": { "osm_id": "way/354455453", "levels": null, "height": null, "name": null, "type": "yes" }, "geometry": { "type": "Polygon", "coordinates": [ [ [ 80.208521, 13.1213428 ], [ 80.2086424, 13.1213371 ], [ 80.2086366, 13.1212212 ], [ 80.2085152, 13.1212269 ], [ 80.208521, 13.1213428 ] ] ] } },
{ "type": "Feature", "properties": { "osm_id": "way/354455457", "levels": null, "height": null, "name": null, "type": "yes" }, "geometry": { "type": "Polygon", "coordinates": [ [ [ 80.2072689, 13.1183837 ], [ 80.2073553, 13.118385 ], [ 80.2073572, 13.1182667 ], [ 80.2072709, 13.1182654 ], [ 80.2072689, 13.1183837 ] ] ] } },
{ "type": "Feature", "properties": { "osm_id": "way/354455461", "levels": null, "height": null, "name": null, "type": "yes" }, "geometry": { "type": "Polygon", "coordinates": [ [ [ 80.2074467, 13.1183948 ], [ 80.2074488, 13.1182606 ], [ 80.2073679, 13.1182593 ], [ 80.2073657, 13.1183936 ], [ 80.2074467, 13.1183948 ] ] ] } },
{ "type": "Feature", "properties": { "osm_id": "way/354455477", "levels": null, "height": null, "name": null, "type": "yes" }, "geometry": { "type": "Polygon", "coordinates": [ [ [ 80.2116187, 13.1200527 ], [ 80.2117038, 13.1200517 ], [ 80.2117022, 13.1199233 ], [ 80.2116171, 13.1199243 ], [ 80.2116187, 13.1200527 ] ] ] } },
{ "type": "Feature", "properties": { "osm_id": "way/354455492", "levels": null, "height": null, "name": null, "type": "yes" }, "geometry": { "type": "Polygon", "coordinates": [ [ [ 80.2052279, 13.1217595 ], [ 80.2052999, 13.1217619 ], [ 80.2053043, 13.1216346 ], [ 80.2052323, 13.1216322 ], [ 80.2052279, 13.1217595 ] ] ] } },
{ "type": "Feature", "properties": { "osm_id": "way/354455500", "levels": null, "height": null, "name": null, "type": "yes" }, "geometry": { "type": "Polygon", "coordinates": [ [ [ 80.2111439, 13.1214063 ], [ 80.2112359, 13.1214041 ], [ 80.2112332, 13.1212996 ], [ 80.2111412, 13.1213019 ], [ 80.2111439, 13.1214063 ] ] ] } },
{ "type": "Feature", "properties": { "osm_id": "way/354455524", "levels": null, "height": null, "name": null, "type": "yes" }, "geometry": { "type": "Polygon", "coordinates": [ [ [ 80.2101007, 13.1221364 ], [ 80.2101839, 13.1221389 ], [ 80.2101904, 13.1219368 ], [ 80.2101072, 13.1219342 ], [ 80.2101007, 13.1221364 ] ] ] } },
{ "type": "Feature", "properties": { "osm_id": "way/354455528", "levels": null, "height": null, "name": null, "type": "yes" }, "geometry": { "type": "Polygon", "coordinates": [ [ [ 80.2096219, 13.1219234 ], [ 80.2096238, 13.1220406 ], [ 80.2097211, 13.1220392 ], [ 80.2097193, 13.1219219 ], [ 80.2096219, 13.1219234 ] ] ] } },
{ "type": "Feature", "properties": { "osm_id": "way/354455536", "levels": null, "height": null, "name": null, "type": "yes" }, "geometry": { "type": "Polygon", "coordinates": [ [ [ 80.208088, 13.1180919 ], [ 80.2082176, 13.1180895 ], [ 80.2082168, 13.1180464 ], [ 80.2080872, 13.1180488 ], [ 80.208088, 13.1180919 ] ] ] } },
{ "type": "Feature", "properties": { "osm_id": "way/354455539", "levels": null, "height": null, "name": null, "type": "yes" }, "geometry": { "type": "Polygon", "coordinates": [ [ [ 80.2080908, 13.1184817 ], [ 80.2081659, 13.1184803 ], [ 80.2081637, 13.1183679 ], [ 80.2080886, 13.1183693 ], [ 80.2080908, 13.1184817 ] ] ] } },
{ "type": "Feature", "properties": { "osm_id": "way/354455545", "levels": null, "height": null, "name": null, "type": "yes" }, "geometry": { "type": "Polygon", "coordinates": [ [ [ 80.2112352, 13.1203504 ], [ 80.2113686, 13.1203498 ], [ 80.2113676, 13.120124 ], [ 80.2112341, 13.1201245 ], [ 80.2112352, 13.1203504 ] ] ] } },
{ "type": "Feature", "properties": { "osm_id": "way/354455550", "levels": null, "height": null, "name": null, "type": "yes" }, "geometry": { "type": "Polygon", "coordinates": [ [ [ 80.2077051, 13.1185099 ], [ 80.2078612, 13.1185014 ], [ 80.2078568, 13.1184257 ], [ 80.2077008, 13.1184343 ], [ 80.2077051, 13.1185099 ] ] ] } },
{ "type": "Feature", "properties": { "osm_id": "way/354455552", "levels": null, "height": null, "name": null, "type": "yes" }, "geometry": { "type": "Polygon", "coordinates": [ [ [ 80.207455, 13.1185774 ], [ 80.2074475, 13.1186768 ], [ 80.2076223, 13.1186893 ], [ 80.2076298, 13.1185899 ], [ 80.207455, 13.1185774 ] ] ] } },
{ "type": "Feature", "properties": { "osm_id": "way/354455565", "levels": null, "height": null, "name": null, "type": "yes" }, "geometry": { "type": "Polygon", "coordinates": [ [ [ 80.2080473, 13.1199321 ], [ 80.2081449, 13.1199311 ], [ 80.2081438, 13.1198291 ], [ 80.2080462, 13.1198302 ], [ 80.2080473, 13.1199321 ] ] ] } },
{ "type": "Feature", "properties": { "osm_id": "way/354455567", "levels": null, "height": null, "name": null, "type": "yes" }, "geometry": { "type": "Polygon", "coordinates": [ [ [ 80.2126679, 13.1197183 ], [ 80.2128, 13.1197193 ], [ 80.2128008, 13.1196208 ], [ 80.2126688, 13.1196197 ], [ 80.2126679, 13.1197183 ] ] ] } },
{ "type": "Feature", "properties": { "osm_id": "way/354455580", "levels": null, "height": null, "name": null, "type": "yes" }, "geometry": { "type": "Polygon", "coordinates": [ [ [ 80.2050428, 13.1227128 ], [ 80.2051364, 13.1227135 ], [ 80.205137, 13.1226416 ], [ 80.2050434, 13.1226409 ], [ 80.2050428, 13.1227128 ] ] ] } },
{ "type": "Feature", "properties": { "osm_id": "way/354455588", "levels": null, "height": null, "name": null, "type": "yes" }, "geometry": { "type": "Polygon", "coordinates": [ [ [ 80.205245, 13.1218785 ], [ 80.2053952, 13.1218793 ], [ 80.2053957, 13.1217775 ], [ 80.2052455, 13.1217768 ], [ 80.205245, 13.1218785 ] ] ] } },
{ "type": "Feature", "properties": { "osm_id": "way/354455621", "levels": null, "height": null, "name": null, "type": "yes" }, "geometry": { "type": "Polygon", "coordinates": [ [ [ 80.2050287, 13.1224065 ], [ 80.2051857, 13.1224072 ], [ 80.2051862, 13.1223047 ], [ 80.2050292, 13.1223039 ], [ 80.2050287, 13.1224065 ] ] ] } },
{ "type": "Feature", "properties": { "osm_id": "way/354455625", "levels": null, "height": null, "name": null, "type": "yes" }, "geometry": { "type": "Polygon", "coordinates": [ [ [ 80.2093299, 13.1217582 ], [ 80.2094202, 13.1217605 ], [ 80.2094243, 13.1216106 ], [ 80.209334, 13.1216082 ], [ 80.2093299, 13.1217582 ] ] ] } },
{ "type": "Feature", "properties": { "osm_id": "way/354455644", "levels": null, "height": null, "name": null, "type": "yes" }, "geometry": { "type": "Polygon", "coordinates": [ [ [ 80.2104434, 13.1224581 ], [ 80.2105701, 13.122462 ], [ 80.2105727, 13.1223791 ], [ 80.2104461, 13.1223753 ], [ 80.2104434, 13.1224581 ] ] ] } },
{ "type": "Feature", "properties": { "osm_id": "way/354455651", "levels": null, "height": null, "name": null, "type": "yes" }, "geometry": { "type": "Polygon", "coordinates": [ [ [ 80.2124093, 13.1198588 ], [ 80.2124895, 13.1198595 ], [ 80.2124906, 13.1197338 ], [ 80.2124104, 13.1197331 ], [ 80.2124093, 13.1198588 ] ] ] } },
{ "type": "Feature", "properties": { "osm_id": "way/354455655", "levels": null, "height": null, "name": null, "type": "yes" }, "geometry": { "type": "Polygon", "coordinates": [ [ [ 80.2124767, 13.1200638 ], [ 80.2125456, 13.1200644 ], [ 80.2125466, 13.1199455 ], [ 80.2124777, 13.1199449 ], [ 80.2124767, 13.1200638 ] ] ] } },
{ "type": "Feature", "properties": { "osm_id": "way/354455670", "levels": null, "height": null, "name": null, "type": "yes" }, "geometry": { "type": "Polygon", "coordinates": [ [ [ 80.2110657, 13.1219246 ], [ 80.2111458, 13.121923 ], [ 80.2111436, 13.1218155 ], [ 80.2110636, 13.121817 ], [ 80.2110657, 13.1219246 ] ] ] } },
{ "type": "Feature", "properties": { "osm_id": "way/354455687", "levels": null, "height": null, "name": null, "type": "yes" }, "geometry": { "type": "Polygon", "coordinates": [ [ [ 80.211512, 13.1200456 ], [ 80.2116043, 13.1200445 ], [ 80.2116027, 13.1199198 ], [ 80.2115105, 13.1199209 ], [ 80.211512, 13.1200456 ] ] ] } },
{ "type": "Feature", "properties": { "osm_id": "way/354455694", "levels": null, "height": null, "name": null, "type": "yes" }, "geometry": { "type": "Polygon", "coordinates": [ [ [ 80.2072549, 13.1210901 ], [ 80.20746, 13.1210923 ], [ 80.2074612, 13.1209952 ], [ 80.207256, 13.1209929 ], [ 80.2072549, 13.1210901 ] ] ] } },
{ "type": "Feature", "properties": { "osm_id": "way/354455699", "levels": null, "height": null, "name": null, "type": "yes" }, "geometry": { "type": "Polygon", "coordinates": [ [ [ 80.2111635, 13.1212911 ], [ 80.2112424, 13.1212892 ], [ 80.211241, 13.1212334 ], [ 80.211162, 13.1212353 ], [ 80.2111635, 13.1212911 ] ] ] } },
{ "type": "Feature", "properties": { "osm_id": "way/354455701", "levels": null, "height": null, "name": null, "type": "yes" }, "geometry": { "type": "Polygon", "coordinates": [ [ [ 80.2071916, 13.1185617 ], [ 80.2072906, 13.1185704 ], [ 80.207305, 13.1184155 ], [ 80.2072059, 13.1184068 ], [ 80.2071916, 13.1185617 ] ] ] } },
{ "type": "Feature", "properties": { "osm_id": "way/354455704", "levels": null, "height": null, "name": null, "type": "yes" }, "geometry": { "type": "Polygon", "coordinates": [ [ [ 80.2082446, 13.1211539 ], [ 80.2083553, 13.1211355 ], [ 80.2083335, 13.1210112 ], [ 80.2083081, 13.1210154 ], [ 80.2082228, 13.1210295 ], [ 80.2082446, 13.1211539 ] ] ] } },
{ "type": "Feature", "properties": { "osm_id": "way/354455707", "levels": null, "height": null, "name": null, "type": "yes" }, "geometry": { "type": "Polygon", "coordinates": [ [ [ 80.2076683, 13.1207591 ], [ 80.2077397, 13.1207612 ], [ 80.2077426, 13.1206708 ], [ 80.2076712, 13.1206687 ], [ 80.2076683, 13.1207591 ] ] ] } },
{ "type": "Feature", "properties": { "osm_id": "way/354455715", "levels": null, "height": null, "name": null, "type": "yes" }, "geometry": { "type": "Polygon", "coordinates": [ [ [ 80.2077089, 13.1181146 ], [ 80.2078623, 13.1181216 ], [ 80.2078657, 13.1180508 ], [ 80.2077123, 13.1180438 ], [ 80.2077089, 13.1181146 ] ] ] } },
{ "type": "Feature", "properties": { "osm_id": "way/354455720", "levels": null, "height": null, "name": null, "type": "yes" }, "geometry": { "type": "Polygon", "coordinates": [ [ [ 80.2050396, 13.122299 ], [ 80.2051966, 13.1222998 ], [ 80.2051971, 13.1222057 ], [ 80.2050401, 13.122205 ], [ 80.2050396, 13.122299 ] ] ] } },
{ "type": "Feature", "properties": { "osm_id": "way/354455739", "levels": null, "height": null, "name": null, "type": "yes" }, "geometry": { "type": "Polygon", "coordinates": [ [ [ 80.2090018, 13.1216495 ], [ 80.2091048, 13.1216447 ], [ 80.2090973, 13.1214946 ], [ 80.2089943, 13.1214995 ], [ 80.2090018, 13.1216495 ] ] ] } },
{ "type": "Feature", "properties": { "osm_id": "way/354455742", "levels": null, "height": null, "name": null, "type": "yes" }, "geometry": { "type": "Polygon", "coordinates": [ [ [ 80.2068033, 13.1196966 ], [ 80.2068976, 13.1196993 ], [ 80.2069019, 13.1195551 ], [ 80.2068076, 13.1195524 ], [ 80.2068033, 13.1196966 ] ] ] } },
{ "type": "Feature", "properties": { "osm_id": "way/354455746", "levels": null, "height": null, "name": null, "type": "yes" }, "geometry": { "type": "Polygon", "coordinates": [ [ [ 80.2088798, 13.1216526 ], [ 80.2089932, 13.1216473 ], [ 80.2089855, 13.1214947 ], [ 80.2088722, 13.1215001 ], [ 80.2088798, 13.1216526 ] ] ] } },
{ "type": "Feature", "properties": { "osm_id": "way/354455756", "levels": null, "height": null, "name": null, "type": "yes" }, "geometry": { "type": "Polygon", "coordinates": [ [ [ 80.2074684, 13.118453 ], [ 80.2074627, 13.1185281 ], [ 80.2076377, 13.1185406 ], [ 80.2076433, 13.1184655 ], [ 80.2074684, 13.118453 ] ] ] } },
{ "type": "Feature", "properties": { "osm_id": "way/354455761", "levels": null, "height": null, "name": null, "type": "yes" }, "geometry": { "type": "Polygon", "coordinates": [ [ [ 80.2104799, 13.1221453 ], [ 80.2106277, 13.1221498 ], [ 80.2106307, 13.1220548 ], [ 80.2104829, 13.1220503 ], [ 80.2104799, 13.1221453 ] ] ] } },
{ "type": "Feature", "properties": { "osm_id": "way/354455768", "levels": null, "height": null, "name": null, "type": "yes" }, "geometry": { "type": "Polygon", "coordinates": [ [ [ 80.2102361, 13.1222286 ], [ 80.2103272, 13.1222314 ], [ 80.2103305, 13.1221297 ], [ 80.2102393, 13.1221269 ], [ 80.2102361, 13.1222286 ] ] ] } },
{ "type": "Feature", "properties": { "osm_id": "way/354455771", "levels": null, "height": null, "name": null, "type": "yes" }, "geometry": { "type": "Polygon", "coordinates": [ [ [ 80.2081653, 13.1199241 ], [ 80.2082499, 13.1199232 ], [ 80.2082489, 13.1198302 ], [ 80.2081643, 13.1198311 ], [ 80.2081653, 13.1199241 ] ] ] } },
{ "type": "Feature", "properties": { "osm_id": "way/354455776", "levels": null, "height": null, "name": null, "type": "yes" }, "geometry": { "type": "Polygon", "coordinates": [ [ [ 80.2095883, 13.1221407 ], [ 80.2095861, 13.1220008 ], [ 80.2094376, 13.1219972 ], [ 80.2094369, 13.1221067 ], [ 80.2095883, 13.1221407 ] ] ] } },
{ "type": "Feature", "properties": { "osm_id": "way/354455778", "levels": null, "height": null, "name": null, "type": "yes" }, "geometry": { "type": "Polygon", "coordinates": [ [ [ 80.2075562, 13.1192798 ], [ 80.2076843, 13.1192724 ], [ 80.2076683, 13.1190109 ], [ 80.2075402, 13.1190183 ], [ 80.2075562, 13.1192798 ] ] ] } },
{ "type": "Feature", "properties": { "osm_id": "way/354455780", "levels": null, "height": null, "name": null, "type": "yes" }, "geometry": { "type": "Polygon", "coordinates": [ [ [ 80.2094207, 13.1219867 ], [ 80.2095675, 13.1219912 ], [ 80.2095711, 13.1218803 ], [ 80.2094243, 13.1218757 ], [ 80.2094207, 13.1219867 ] ] ] } },
{ "type": "Feature", "properties": { "osm_id": "way/354455791", "levels": null, "height": null, "name": null, "type": "yes" }, "geometry": { "type": "Polygon", "coordinates": [ [ [ 80.2076915, 13.1184203 ], [ 80.2078619, 13.118411 ], [ 80.2078593, 13.1183658 ], [ 80.2076889, 13.1183751 ], [ 80.2076915, 13.1184203 ] ] ] } },
{ "type": "Feature", "properties": { "osm_id": "way/354455796", "levels": null, "height": null, "name": null, "type": "yes" }, "geometry": { "type": "Polygon", "coordinates": [ [ [ 80.2105409, 13.1209265 ], [ 80.2105438, 13.1210404 ], [ 80.2106911, 13.1210367 ], [ 80.2106881, 13.1209228 ], [ 80.2105409, 13.1209265 ] ] ] } },
{ "type": "Feature", "properties": { "osm_id": "way/354455801", "levels": null, "height": null, "name": null, "type": "yes" }, "geometry": { "type": "Polygon", "coordinates": [ [ [ 80.2077117, 13.1182644 ], [ 80.2078642, 13.1182561 ], [ 80.2078605, 13.1181915 ], [ 80.207708, 13.1181998 ], [ 80.2077117, 13.1182644 ] ] ] } },
{ "type": "Feature", "properties": { "osm_id": "way/354455803", "levels": null, "height": null, "name": null, "type": "yes" }, "geometry": { "type": "Polygon", "coordinates": [ [ [ 80.2110307, 13.1214141 ], [ 80.211119, 13.1214119 ], [ 80.2111163, 13.1213081 ], [ 80.211028, 13.1213103 ], [ 80.2110307, 13.1214141 ] ] ] } },
{ "type": "Feature", "properties": { "osm_id": "way/354455825", "levels": null, "height": null, "name": null, "type": "yes" }, "geometry": { "type": "Polygon", "coordinates": [ [ [ 80.2125863, 13.1197223 ], [ 80.2126547, 13.1197228 ], [ 80.2126556, 13.1196133 ], [ 80.2125873, 13.1196128 ], [ 80.2125863, 13.1197223 ] ] ] } },
{ "type": "Feature", "properties": { "osm_id": "way/354455832", "levels": null, "height": null, "name": null, "type": "yes" }, "geometry": { "type": "Polygon", "coordinates": [ [ [ 80.2073694, 13.1182024 ], [ 80.2074607, 13.1181973 ], [ 80.2074514, 13.1180414 ], [ 80.2073601, 13.1180465 ], [ 80.2073694, 13.1182024 ] ] ] } },
{ "type": "Feature", "properties": { "osm_id": "way/354455836", "levels": null, "height": null, "name": null, "type": "yes" }, "geometry": { "type": "Polygon", "coordinates": [ [ [ 80.2125145, 13.1197303 ], [ 80.2125802, 13.1197308 ], [ 80.2125812, 13.1196143 ], [ 80.2125155, 13.1196138 ], [ 80.2125145, 13.1197303 ] ] ] } },
{ "type": "Feature", "properties": { "osm_id": "way/354455843", "levels": null, "height": null, "name": null, "type": "yes" }, "geometry": { "type": "Polygon", "coordinates": [ [ [ 80.2050464, 13.1226329 ], [ 80.2051715, 13.1226359 ], [ 80.2051737, 13.122549 ], [ 80.2050486, 13.122546 ], [ 80.2050464, 13.1226329 ] ] ] } },
{ "type": "Feature", "properties": { "osm_id": "way/354455854", "levels": null, "height": null, "name": null, "type": "yes" }, "geometry": { "type": "Polygon", "coordinates": [ [ [ 80.2108843, 13.1219309 ], [ 80.2109774, 13.1219291 ], [ 80.2109731, 13.1217143 ], [ 80.2109199, 13.1217126 ], [ 80.2108843, 13.121762 ], [ 80.2108843, 13.1219309 ] ] ] } },
{ "type": "Feature", "properties": { "osm_id": "way/354455858", "levels": null, "height": null, "name": null, "type": "yes" }, "geometry": { "type": "Polygon", "coordinates": [ [ [ 80.2077116, 13.1194191 ], [ 80.2077085, 13.1192901 ], [ 80.2075697, 13.1192933 ], [ 80.2075721, 13.1193934 ], [ 80.2076299, 13.1193921 ], [ 80.2076305, 13.1194209 ], [ 80.2077116, 13.1194191 ] ] ] } },
{ "type": "Feature", "properties": { "osm_id": "way/354455859", "levels": null, "height": null, "name": null, "type": "yes" }, "geometry": { "type": "Polygon", "coordinates": [ [ [ 80.2052125, 13.121752 ], [ 80.2052159, 13.1216542 ], [ 80.205077, 13.1216496 ], [ 80.2050759, 13.121681 ], [ 80.2050883, 13.1216814 ], [ 80.205086, 13.1217478 ], [ 80.2052125, 13.121752 ] ] ] } },
{ "type": "Feature", "properties": { "osm_id": "way/354455860", "levels": null, "height": null, "name": null, "type": "yes" }, "geometry": { "type": "Polygon", "coordinates": [ [ [ 80.2053079, 13.1217625 ], [ 80.2054004, 13.1217656 ], [ 80.205403, 13.1216902 ], [ 80.2054154, 13.1216906 ], [ 80.2054167, 13.1216531 ], [ 80.2053118, 13.1216496 ], [ 80.2053079, 13.1217625 ] ] ] } },
{ "type": "Feature", "properties": { "osm_id": "way/354457701", "levels": null, "height": null, "name": null, "type": "yes" }, "geometry": { "type": "Polygon", "coordinates": [ [ [ 80.2099063, 13.1292012 ], [ 80.2100001, 13.1292177 ], [ 80.2100253, 13.1290814 ], [ 80.2099315, 13.1290649 ], [ 80.2099063, 13.1292012 ] ] ] } },
{ "type": "Feature", "properties": { "osm_id": "way/354457787", "levels": null, "height": null, "name": null, "type": "yes" }, "geometry": { "type": "Polygon", "coordinates": [ [ [ 80.2099286, 13.1285386 ], [ 80.2100175, 13.128559 ], [ 80.21004, 13.1284658 ], [ 80.209951, 13.1284455 ], [ 80.2099286, 13.1285386 ] ] ] } },
{ "type": "Feature", "properties": { "osm_id": "way/354457828", "levels": null, "height": null, "name": null, "type": "yes" }, "geometry": { "type": "Polygon", "coordinates": [ [ [ 80.2089152, 13.128589 ], [ 80.2090028, 13.1286028 ], [ 80.2090336, 13.1284184 ], [ 80.208946, 13.1284045 ], [ 80.2089152, 13.128589 ] ] ] } },
{ "type": "Feature", "properties": { "osm_id": "way/354457871", "levels": null, "height": null, "name": null, "type": "yes" }, "geometry": { "type": "Polygon", "coordinates": [ [ [ 80.2110067, 13.1291726 ], [ 80.211106, 13.1291877 ], [ 80.2111327, 13.1290204 ], [ 80.2110334, 13.1290054 ], [ 80.2110067, 13.1291726 ] ] ] } },
{ "type": "Feature", "properties": { "osm_id": "way/354458092", "levels": null, "height": null, "name": null, "type": "yes" }, "geometry": { "type": "Polygon", "coordinates": [ [ [ 80.2108082, 13.1291288 ], [ 80.2109058, 13.129142 ], [ 80.2109251, 13.1291446 ], [ 80.2109475, 13.1289884 ], [ 80.2108306, 13.1289725 ], [ 80.2108082, 13.1291288 ] ] ] } },
{ "type": "Feature", "properties": { "osm_id": "way/354458137", "levels": null, "height": null, "name": null, "type": "yes" }, "geometry": { "type": "Polygon", "coordinates": [ [ [ 80.2098876, 13.1288136 ], [ 80.209941, 13.1288164 ], [ 80.2099449, 13.1287473 ], [ 80.2098915, 13.1287444 ], [ 80.2098876, 13.1288136 ] ] ] } },
{ "type": "Feature", "properties": { "osm_id": "way/354458146", "levels": null, "height": null, "name": null, "type": "yes" }, "geometry": { "type": "Polygon", "coordinates": [ [ [ 80.2087093, 13.129739 ], [ 80.2087243, 13.1298331 ], [ 80.2089432, 13.1298 ], [ 80.2089282, 13.129706 ], [ 80.2087093, 13.129739 ] ] ] } },
{ "type": "Feature", "properties": { "osm_id": "way/354458177", "levels": null, "height": null, "name": null, "type": "yes" }, "geometry": { "type": "Polygon", "coordinates": [ [ [ 80.2103371, 13.1285682 ], [ 80.210314, 13.128669 ], [ 80.2104689, 13.1287027 ], [ 80.2104919, 13.1286018 ], [ 80.2103371, 13.1285682 ] ] ] } },
{ "type": "Feature", "properties": { "osm_id": "way/354458184", "levels": null, "height": null, "name": null, "type": "yes" }, "geometry": { "type": "Polygon", "coordinates": [ [ [ 80.2079828, 13.1290088 ], [ 80.208131, 13.1289889 ], [ 80.2081114, 13.1288508 ], [ 80.2079632, 13.1288707 ], [ 80.2079828, 13.1290088 ] ] ] } },
{ "type": "Feature", "properties": { "osm_id": "way/354458213", "levels": null, "height": null, "name": null, "type": "yes" }, "geometry": { "type": "Polygon", "coordinates": [ [ [ 80.2098695, 13.1286672 ], [ 80.2098601, 13.1287198 ], [ 80.2099617, 13.1287372 ], [ 80.2099712, 13.1286846 ], [ 80.2098695, 13.1286672 ] ] ] } },
{ "type": "Feature", "properties": { "osm_id": "way/354458252", "levels": null, "height": null, "name": null, "type": "yes" }, "geometry": { "type": "Polygon", "coordinates": [ [ [ 80.2102792, 13.128889 ], [ 80.2102554, 13.1289868 ], [ 80.2104009, 13.1290204 ], [ 80.2104248, 13.1289226 ], [ 80.2102792, 13.128889 ] ] ] } },
{ "type": "Feature", "properties": { "osm_id": "way/354458286", "levels": null, "height": null, "name": null, "type": "yes" }, "geometry": { "type": "Polygon", "coordinates": [ [ [ 80.2102057, 13.1282874 ], [ 80.2101839, 13.1283425 ], [ 80.2102439, 13.1283651 ], [ 80.2102083, 13.1285017 ], [ 80.210277, 13.128517 ], [ 80.2103219, 13.1283311 ], [ 80.2102057, 13.1282874 ] ] ] } },
{ "type": "Feature", "properties": { "osm_id": "way/354458288", "levels": null, "height": null, "name": null, "type": "yes" }, "geometry": { "type": "Polygon", "coordinates": [ [ [ 80.2087585, 13.1298884 ], [ 80.2087921, 13.1300618 ], [ 80.2089894, 13.1300256 ], [ 80.2089575, 13.1298606 ], [ 80.2088474, 13.1298808 ], [ 80.2088556, 13.1299233 ], [ 80.2088306, 13.1299279 ], [ 80.2088207, 13.129877 ], [ 80.2087585, 13.1298884 ] ] ] } },
{ "type": "Feature", "properties": { "osm_id": "way/354471138", "levels": null, "height": null, "name": null, "type": "yes" }, "geometry": { "type": "Polygon", "coordinates": [ [ [ 80.2090563, 13.11982 ], [ 80.2091517, 13.1198206 ], [ 80.2091527, 13.1196577 ], [ 80.2090573, 13.1196571 ], [ 80.2090563, 13.11982 ] ] ] } },
{ "type": "Feature", "properties": { "osm_id": "way/354471140", "levels": null, "height": null, "name": null, "type": "yes" }, "geometry": { "type": "Polygon", "coordinates": [ [ [ 80.2115522, 13.1247436 ], [ 80.2116227, 13.1247427 ], [ 80.2116206, 13.1245927 ], [ 80.2115502, 13.1245937 ], [ 80.2115522, 13.1247436 ] ] ] } },
{ "type": "Feature", "properties": { "osm_id": "way/354471142", "levels": null, "height": null, "name": null, "type": "yes" }, "geometry": { "type": "Polygon", "coordinates": [ [ [ 80.2135577, 13.121673 ], [ 80.2136542, 13.1216768 ], [ 80.2136614, 13.1215034 ], [ 80.2135649, 13.1214996 ], [ 80.2135577, 13.121673 ] ] ] } },
{ "type": "Feature", "properties": { "osm_id": "way/354471143", "levels": null, "height": null, "name": null, "type": "yes" }, "geometry": { "type": "Polygon", "coordinates": [ [ [ 80.2136354, 13.1190114 ], [ 80.2137257, 13.1190108 ], [ 80.2137247, 13.1188665 ], [ 80.2136344, 13.1188671 ], [ 80.2136354, 13.1190114 ] ] ] } },
{ "type": "Feature", "properties": { "osm_id": "way/354471145", "levels": null, "height": null, "name": null, "type": "yes" }, "geometry": { "type": "Polygon", "coordinates": [ [ [ 80.2094093, 13.1200165 ], [ 80.2094871, 13.120014 ], [ 80.2094836, 13.119909 ], [ 80.2094058, 13.1199114 ], [ 80.2094093, 13.1200165 ] ] ] } },
{ "type": "Feature", "properties": { "osm_id": "way/354471149", "levels": null, "height": null, "name": null, "type": "yes" }, "geometry": { "type": "Polygon", "coordinates": [ [ [ 80.207245, 13.1208162 ], [ 80.2074476, 13.1208186 ], [ 80.2074492, 13.1206943 ], [ 80.2072465, 13.1206918 ], [ 80.207245, 13.1208162 ] ] ] } },
{ "type": "Feature", "properties": { "osm_id": "way/354471156", "levels": null, "height": null, "name": null, "type": "yes" }, "geometry": { "type": "Polygon", "coordinates": [ [ [ 80.2131138, 13.1201147 ], [ 80.213212, 13.1201178 ], [ 80.2132174, 13.1199508 ], [ 80.2131192, 13.1199478 ], [ 80.2131138, 13.1201147 ] ] ] } },
{ "type": "Feature", "properties": { "osm_id": "way/354471158", "levels": null, "height": null, "name": null, "type": "yes" }, "geometry": { "type": "Polygon", "coordinates": [ [ [ 80.2122771, 13.121835 ], [ 80.2124752, 13.121831 ], [ 80.2124732, 13.1217354 ], [ 80.2122751, 13.1217394 ], [ 80.2122771, 13.121835 ] ] ] } },
{ "type": "Feature", "properties": { "osm_id": "way/354471160", "levels": null, "height": null, "name": null, "type": "yes" }, "geometry": { "type": "Polygon", "coordinates": [ [ [ 80.2117755, 13.1237203 ], [ 80.2118708, 13.1237282 ], [ 80.2118853, 13.1235624 ], [ 80.21179, 13.1235545 ], [ 80.2117755, 13.1237203 ] ] ] } },
{ "type": "Feature", "properties": { "osm_id": "way/354471164", "levels": null, "height": null, "name": null, "type": "yes" }, "geometry": { "type": "Polygon", "coordinates": [ [ [ 80.2094141, 13.1192359 ], [ 80.2094936, 13.1192334 ], [ 80.2094905, 13.1191414 ], [ 80.209411, 13.1191439 ], [ 80.2094141, 13.1192359 ] ] ] } },
{ "type": "Feature", "properties": { "osm_id": "way/354471174", "levels": null, "height": null, "name": null, "type": "yes" }, "geometry": { "type": "Polygon", "coordinates": [ [ [ 80.2085559, 13.1192764 ], [ 80.2087073, 13.1192717 ], [ 80.2087039, 13.1191683 ], [ 80.2085524, 13.1191731 ], [ 80.2085559, 13.1192764 ] ] ] } },
{ "type": "Feature", "properties": { "osm_id": "way/354471179", "levels": null, "height": null, "name": null, "type": "yes" }, "geometry": { "type": "Polygon", "coordinates": [ [ [ 80.20552, 13.120367 ], [ 80.2055957, 13.120372 ], [ 80.2056026, 13.1202745 ], [ 80.2055269, 13.1202694 ], [ 80.20552, 13.120367 ] ] ] } },
{ "type": "Feature", "properties": { "osm_id": "way/354471181", "levels": null, "height": null, "name": null, "type": "yes" }, "geometry": { "type": "Polygon", "coordinates": [ [ [ 80.2122967, 13.1224853 ], [ 80.2125553, 13.122487 ], [ 80.2125565, 13.1223129 ], [ 80.2122979, 13.1223112 ], [ 80.2122967, 13.1224853 ] ] ] } },
{ "type": "Feature", "properties": { "osm_id": "way/354471196", "levels": null, "height": null, "name": null, "type": "yes" }, "geometry": { "type": "Polygon", "coordinates": [ [ [ 80.2077287, 13.121613 ], [ 80.2077856, 13.121623 ], [ 80.2078146, 13.1214668 ], [ 80.2077577, 13.1214568 ], [ 80.2077287, 13.121613 ] ] ] } },
{ "type": "Feature", "properties": { "osm_id": "way/354471204", "levels": null, "height": null, "name": null, "type": "yes" }, "geometry": { "type": "Polygon", "coordinates": [ [ [ 80.2135369, 13.1186064 ], [ 80.2136353, 13.1186089 ], [ 80.2136395, 13.118455 ], [ 80.2135411, 13.1184524 ], [ 80.2135369, 13.1186064 ] ] ] } },
{ "type": "Feature", "properties": { "osm_id": "way/354471209", "levels": null, "height": null, "name": null, "type": "yes" }, "geometry": { "type": "Polygon", "coordinates": [ [ [ 80.2090117, 13.1192319 ], [ 80.2091157, 13.1192287 ], [ 80.2091103, 13.119064 ], [ 80.2090063, 13.1190673 ], [ 80.2090117, 13.1192319 ] ] ] } },
{ "type": "Feature", "properties": { "osm_id": "way/354471211", "levels": null, "height": null, "name": null, "type": "yes" }, "geometry": { "type": "Polygon", "coordinates": [ [ [ 80.2090591, 13.119639 ], [ 80.2091528, 13.119636 ], [ 80.2091483, 13.1195012 ], [ 80.2090546, 13.1195041 ], [ 80.2090591, 13.119639 ] ] ] } },
{ "type": "Feature", "properties": { "osm_id": "way/354471213", "levels": null, "height": null, "name": null, "type": "yes" }, "geometry": { "type": "Polygon", "coordinates": [ [ [ 80.2129308, 13.1193501 ], [ 80.2130382, 13.1193494 ], [ 80.2130376, 13.1192716 ], [ 80.2129303, 13.1192723 ], [ 80.2129308, 13.1193501 ] ] ] } },
{ "type": "Feature", "properties": { "osm_id": "way/354471215", "levels": null, "height": null, "name": null, "type": "yes" }, "geometry": { "type": "Polygon", "coordinates": [ [ [ 80.2052631, 13.1194841 ], [ 80.205353, 13.1194873 ], [ 80.2053582, 13.1193498 ], [ 80.2052684, 13.1193466 ], [ 80.2052631, 13.1194841 ] ] ] } },
{ "type": "Feature", "properties": { "osm_id": "way/354471222", "levels": null, "height": null, "name": null, "type": "yes" }, "geometry": { "type": "Polygon", "coordinates": [ [ [ 80.2090685, 13.120048 ], [ 80.2091603, 13.1200491 ], [ 80.2091619, 13.1199181 ], [ 80.2090702, 13.119917 ], [ 80.2090685, 13.120048 ] ] ] } },
{ "type": "Feature", "properties": { "osm_id": "way/354471226", "levels": null, "height": null, "name": null, "type": "yes" }, "geometry": { "type": "Polygon", "coordinates": [ [ [ 80.2139729, 13.1188662 ], [ 80.2140604, 13.1188657 ], [ 80.2140592, 13.1187016 ], [ 80.2139717, 13.1187021 ], [ 80.2139729, 13.1188662 ] ] ] } },
{ "type": "Feature", "properties": { "osm_id": "way/354471228", "levels": null, "height": null, "name": null, "type": "yes" }, "geometry": { "type": "Polygon", "coordinates": [ [ [ 80.2092498, 13.1193749 ], [ 80.2093048, 13.1193731 ], [ 80.2093001, 13.1192319 ], [ 80.2092451, 13.1192337 ], [ 80.2092498, 13.1193749 ] ] ] } },
{ "type": "Feature", "properties": { "osm_id": "way/354471234", "levels": null, "height": null, "name": null, "type": "yes" }, "geometry": { "type": "Polygon", "coordinates": [ [ [ 80.211141, 13.1198378 ], [ 80.2112372, 13.1198348 ], [ 80.2112323, 13.1196889 ], [ 80.2111361, 13.119692 ], [ 80.211141, 13.1198378 ] ] ] } },
{ "type": "Feature", "properties": { "osm_id": "way/354471236", "levels": null, "height": null, "name": null, "type": "yes" }, "geometry": { "type": "Polygon", "coordinates": [ [ [ 80.2092591, 13.1192249 ], [ 80.2093455, 13.1192222 ], [ 80.2093401, 13.119061 ], [ 80.2092537, 13.1190638 ], [ 80.2092591, 13.1192249 ] ] ] } },
{ "type": "Feature", "properties": { "osm_id": "way/354471238", "levels": null, "height": null, "name": null, "type": "yes" }, "geometry": { "type": "Polygon", "coordinates": [ [ [ 80.2133946, 13.119033 ], [ 80.2135024, 13.1190323 ], [ 80.2135013, 13.1188721 ], [ 80.2133935, 13.1188728 ], [ 80.2133946, 13.119033 ] ] ] } },
{ "type": "Feature", "properties": { "osm_id": "way/354471242", "levels": null, "height": null, "name": null, "type": "yes" }, "geometry": { "type": "Polygon", "coordinates": [ [ [ 80.2073786, 13.1222181 ], [ 80.2074635, 13.1222153 ], [ 80.2074595, 13.1221039 ], [ 80.2073746, 13.1221068 ], [ 80.2073786, 13.1222181 ] ] ] } },
{ "type": "Feature", "properties": { "osm_id": "way/354471245", "levels": null, "height": null, "name": null, "type": "yes" }, "geometry": { "type": "Polygon", "coordinates": [ [ [ 80.2125229, 13.1216123 ], [ 80.2126816, 13.1216173 ], [ 80.212685, 13.1215154 ], [ 80.2125262, 13.1215104 ], [ 80.2125229, 13.1216123 ] ] ] } },
{ "type": "Feature", "properties": { "osm_id": "way/354471247", "levels": null, "height": null, "name": null, "type": "yes" }, "geometry": { "type": "Polygon", "coordinates": [ [ [ 80.2088058, 13.1193683 ], [ 80.2089166, 13.1193648 ], [ 80.2089146, 13.1193043 ], [ 80.2088038, 13.1193078 ], [ 80.2088058, 13.1193683 ] ] ] } },
{ "type": "Feature", "properties": { "osm_id": "way/354471258", "levels": null, "height": null, "name": null, "type": "yes" }, "geometry": { "type": "Polygon", "coordinates": [ [ [ 80.2119573, 13.1227946 ], [ 80.2121655, 13.1227959 ], [ 80.2121667, 13.1226187 ], [ 80.2119586, 13.1226173 ], [ 80.2119573, 13.1227946 ] ] ] } },
{ "type": "Feature", "properties": { "osm_id": "way/354471262", "levels": null, "height": null, "name": null, "type": "yes" }, "geometry": { "type": "Polygon", "coordinates": [ [ [ 80.2089397, 13.1196031 ], [ 80.2088338, 13.1196064 ], [ 80.208836, 13.1196729 ], [ 80.208942, 13.1196696 ], [ 80.2089397, 13.1196031 ] ] ] } },
{ "type": "Feature", "properties": { "osm_id": "way/354471264", "levels": null, "height": null, "name": null, "type": "yes" }, "geometry": { "type": "Polygon", "coordinates": [ [ [ 80.2050971, 13.1198794 ], [ 80.2052212, 13.1198839 ], [ 80.2052262, 13.1197508 ], [ 80.2051021, 13.1197463 ], [ 80.2050971, 13.1198794 ] ] ] } },
{ "type": "Feature", "properties": { "osm_id": "way/354471269", "levels": null, "height": null, "name": null, "type": "yes" }, "geometry": { "type": "Polygon", "coordinates": [ [ [ 80.2111881, 13.1242214 ], [ 80.2111844, 13.1244182 ], [ 80.2112818, 13.1244199 ], [ 80.2112855, 13.1242231 ], [ 80.2111881, 13.1242214 ] ] ] } },
{ "type": "Feature", "properties": { "osm_id": "way/354471271", "levels": null, "height": null, "name": null, "type": "yes" }, "geometry": { "type": "Polygon", "coordinates": [ [ [ 80.205233, 13.1206185 ], [ 80.2053251, 13.1206439 ], [ 80.2053469, 13.1205689 ], [ 80.2052548, 13.1205436 ], [ 80.205233, 13.1206185 ] ] ] } },
{ "type": "Feature", "properties": { "osm_id": "way/354471274", "levels": null, "height": null, "name": null, "type": "yes" }, "geometry": { "type": "Polygon", "coordinates": [ [ [ 80.2148165, 13.121846 ], [ 80.2149359, 13.1218413 ], [ 80.2149324, 13.121757 ], [ 80.214813, 13.1217617 ], [ 80.2148165, 13.121846 ] ] ] } },
{ "type": "Feature", "properties": { "osm_id": "way/354471280", "levels": null, "height": null, "name": null, "type": "yes" }, "geometry": { "type": "Polygon", "coordinates": [ [ [ 80.210752, 13.1238758 ], [ 80.2108255, 13.1238839 ], [ 80.2108371, 13.1237843 ], [ 80.2107636, 13.1237762 ], [ 80.210752, 13.1238758 ] ] ] } },
{ "type": "Feature", "properties": { "osm_id": "way/354471282", "levels": null, "height": null, "name": null, "type": "yes" }, "geometry": { "type": "Polygon", "coordinates": [ [ [ 80.2058263, 13.1191781 ], [ 80.205945, 13.1191856 ], [ 80.2059525, 13.1190741 ], [ 80.2058338, 13.1190666 ], [ 80.2058263, 13.1191781 ] ] ] } },
{ "type": "Feature", "properties": { "osm_id": "way/354471286", "levels": null, "height": null, "name": null, "type": "yes" }, "geometry": { "type": "Polygon", "coordinates": [ [ [ 80.2091298, 13.11921 ], [ 80.2092283, 13.1192069 ], [ 80.2092231, 13.119053 ], [ 80.2091246, 13.1190562 ], [ 80.2091298, 13.11921 ] ] ] } },
{ "type": "Feature", "properties": { "osm_id": "way/354471288", "levels": null, "height": null, "name": null, "type": "yes" }, "geometry": { "type": "Polygon", "coordinates": [ [ [ 80.2134151, 13.1188532 ], [ 80.2135054, 13.1188526 ], [ 80.2135044, 13.1187042 ], [ 80.2134141, 13.1187048 ], [ 80.2134151, 13.1188532 ] ] ] } },
{ "type": "Feature", "properties": { "osm_id": "way/354471290", "levels": null, "height": null, "name": null, "type": "yes" }, "geometry": { "type": "Polygon", "coordinates": [ [ [ 80.2129083, 13.1194398 ], [ 80.2130244, 13.1194408 ], [ 80.2130251, 13.1193614 ], [ 80.212909, 13.1193604 ], [ 80.2129083, 13.1194398 ] ] ] } },
{ "type": "Feature", "properties": { "osm_id": "way/354471292", "levels": null, "height": null, "name": null, "type": "yes" }, "geometry": { "type": "Polygon", "coordinates": [ [ [ 80.2078305, 13.1206681 ], [ 80.2079158, 13.1206691 ], [ 80.2079175, 13.120531 ], [ 80.2078322, 13.12053 ], [ 80.2078305, 13.1206681 ] ] ] } },
{ "type": "Feature", "properties": { "osm_id": "way/354471294", "levels": null, "height": null, "name": null, "type": "yes" }, "geometry": { "type": "Polygon", "coordinates": [ [ [ 80.2137375, 13.1184468 ], [ 80.2138469, 13.1184476 ], [ 80.2138484, 13.1182629 ], [ 80.2137389, 13.1182621 ], [ 80.2137375, 13.1184468 ] ] ] } },
{ "type": "Feature", "properties": { "osm_id": "way/354471296", "levels": null, "height": null, "name": null, "type": "yes" }, "geometry": { "type": "Polygon", "coordinates": [ [ [ 80.2051443, 13.1194626 ], [ 80.2052384, 13.1194659 ], [ 80.205243, 13.1193467 ], [ 80.2051488, 13.1193433 ], [ 80.2051443, 13.1194626 ] ] ] } },
{ "type": "Feature", "properties": { "osm_id": "way/354471298", "levels": null, "height": null, "name": null, "type": "yes" }, "geometry": { "type": "Polygon", "coordinates": [ [ [ 80.2117387, 13.1229435 ], [ 80.2118215, 13.122944 ], [ 80.2118225, 13.1227951 ], [ 80.2117398, 13.1227946 ], [ 80.2117387, 13.1229435 ] ] ] } },
{ "type": "Feature", "properties": { "osm_id": "way/354471300", "levels": null, "height": null, "name": null, "type": "yes" }, "geometry": { "type": "Polygon", "coordinates": [ [ [ 80.2139384, 13.1200915 ], [ 80.2140257, 13.1200941 ], [ 80.2140305, 13.1199452 ], [ 80.2139432, 13.1199425 ], [ 80.2139384, 13.1200915 ] ] ] } },
{ "type": "Feature", "properties": { "osm_id": "way/354471304", "levels": null, "height": null, "name": null, "type": "yes" }, "geometry": { "type": "Polygon", "coordinates": [ [ [ 80.2120096, 13.123233 ], [ 80.2121433, 13.1232441 ], [ 80.2121497, 13.1231715 ], [ 80.212016, 13.1231604 ], [ 80.2120096, 13.123233 ] ] ] } },
{ "type": "Feature", "properties": { "osm_id": "way/354471308", "levels": null, "height": null, "name": null, "type": "yes" }, "geometry": { "type": "Polygon", "coordinates": [ [ [ 80.2091742, 13.120049 ], [ 80.2092668, 13.1200501 ], [ 80.2092686, 13.1199011 ], [ 80.2091761, 13.1199 ], [ 80.2091742, 13.120049 ] ] ] } },
{ "type": "Feature", "properties": { "osm_id": "way/354471312", "levels": null, "height": null, "name": null, "type": "yes" }, "geometry": { "type": "Polygon", "coordinates": [ [ [ 80.2140593, 13.1213865 ], [ 80.2142168, 13.1213927 ], [ 80.2142225, 13.1212556 ], [ 80.214065, 13.1212494 ], [ 80.2140593, 13.1213865 ] ] ] } },
{ "type": "Feature", "properties": { "osm_id": "way/354471314", "levels": null, "height": null, "name": null, "type": "yes" }, "geometry": { "type": "Polygon", "coordinates": [ [ [ 80.2072398, 13.1206753 ], [ 80.2074405, 13.1206776 ], [ 80.207442, 13.1205613 ], [ 80.2072413, 13.1205589 ], [ 80.2072398, 13.1206753 ] ] ] } },
{ "type": "Feature", "properties": { "osm_id": "way/354471320", "levels": null, "height": null, "name": null, "type": "yes" }, "geometry": { "type": "Polygon", "coordinates": [ [ [ 80.2132802, 13.1208984 ], [ 80.2133288, 13.1208999 ], [ 80.2133353, 13.1206992 ], [ 80.2132867, 13.1206977 ], [ 80.2132802, 13.1208984 ] ] ] } },
{ "type": "Feature", "properties": { "osm_id": "way/354471322", "levels": null, "height": null, "name": null, "type": "yes" }, "geometry": { "type": "Polygon", "coordinates": [ [ [ 80.2065411, 13.1202482 ], [ 80.2066721, 13.120254 ], [ 80.2066777, 13.1201317 ], [ 80.2065468, 13.1201259 ], [ 80.2065411, 13.1202482 ] ] ] } },
{ "type": "Feature", "properties": { "osm_id": "way/354471324", "levels": null, "height": null, "name": null, "type": "yes" }, "geometry": { "type": "Polygon", "coordinates": [ [ [ 80.2118245, 13.1245551 ], [ 80.2119568, 13.1245586 ], [ 80.2119599, 13.1244471 ], [ 80.2118276, 13.1244436 ], [ 80.2118245, 13.1245551 ] ] ] } },
{ "type": "Feature", "properties": { "osm_id": "way/354471327", "levels": null, "height": null, "name": null, "type": "yes" }, "geometry": { "type": "Polygon", "coordinates": [ [ [ 80.213964, 13.1190324 ], [ 80.2140627, 13.1190318 ], [ 80.2140615, 13.1188714 ], [ 80.2139629, 13.118872 ], [ 80.213964, 13.1190324 ] ] ] } },
{ "type": "Feature", "properties": { "osm_id": "way/354471336", "levels": null, "height": null, "name": null, "type": "yes" }, "geometry": { "type": "Polygon", "coordinates": [ [ [ 80.2140926, 13.1186067 ], [ 80.2141684, 13.1186073 ], [ 80.2141696, 13.1184618 ], [ 80.2140937, 13.1184613 ], [ 80.2140926, 13.1186067 ] ] ] } },
{ "type": "Feature", "properties": { "osm_id": "way/354471337", "levels": null, "height": null, "name": null, "type": "yes" }, "geometry": { "type": "Polygon", "coordinates": [ [ [ 80.2074689, 13.1219798 ], [ 80.207543, 13.1219773 ], [ 80.2075392, 13.1218703 ], [ 80.2074651, 13.1218729 ], [ 80.2074689, 13.1219798 ] ] ] } },
{ "type": "Feature", "properties": { "osm_id": "way/354471347", "levels": null, "height": null, "name": null, "type": "yes" }, "geometry": { "type": "Polygon", "coordinates": [ [ [ 80.2084193, 13.1200514 ], [ 80.2084882, 13.1200522 ], [ 80.2084895, 13.119946 ], [ 80.2084206, 13.1199452 ], [ 80.2084193, 13.1200514 ] ] ] } },
{ "type": "Feature", "properties": { "osm_id": "way/354471349", "levels": null, "height": null, "name": null, "type": "yes" }, "geometry": { "type": "Polygon", "coordinates": [ [ [ 80.2123126, 13.1222948 ], [ 80.2125596, 13.1222964 ], [ 80.212561, 13.1220999 ], [ 80.212314, 13.1220983 ], [ 80.2123126, 13.1222948 ] ] ] } },
{ "type": "Feature", "properties": { "osm_id": "way/354471354", "levels": null, "height": null, "name": null, "type": "yes" }, "geometry": { "type": "Polygon", "coordinates": [ [ [ 80.2062672, 13.1208657 ], [ 80.2064008, 13.1208746 ], [ 80.20641, 13.1207437 ], [ 80.2062764, 13.1207348 ], [ 80.2062672, 13.1208657 ] ] ] } },
{ "type": "Feature", "properties": { "osm_id": "way/354471357", "levels": null, "height": null, "name": null, "type": "yes" }, "geometry": { "type": "Polygon", "coordinates": [ [ [ 80.208385, 13.1192761 ], [ 80.2085412, 13.1192712 ], [ 80.2085379, 13.1191732 ], [ 80.2083818, 13.1191781 ], [ 80.208385, 13.1192761 ] ] ] } },
{ "type": "Feature", "properties": { "osm_id": "way/354471360", "levels": null, "height": null, "name": null, "type": "yes" }, "geometry": { "type": "Polygon", "coordinates": [ [ [ 80.210041, 13.119971 ], [ 80.2101242, 13.1199684 ], [ 80.210119, 13.1198121 ], [ 80.2100358, 13.1198147 ], [ 80.210041, 13.119971 ] ] ] } },
{ "type": "Feature", "properties": { "osm_id": "way/354471361", "levels": null, "height": null, "name": null, "type": "yes" }, "geometry": { "type": "Polygon", "coordinates": [ [ [ 80.2081739, 13.1206168 ], [ 80.2081731, 13.1206782 ], [ 80.2082987, 13.1206797 ], [ 80.2082995, 13.1206183 ], [ 80.2081739, 13.1206168 ] ] ] } },
{ "type": "Feature", "properties": { "osm_id": "way/354471362", "levels": null, "height": null, "name": null, "type": "yes" }, "geometry": { "type": "Polygon", "coordinates": [ [ [ 80.2106953, 13.1247145 ], [ 80.2108862, 13.1247172 ], [ 80.2108872, 13.1246491 ], [ 80.2106963, 13.1246464 ], [ 80.2106953, 13.1247145 ] ] ] } },
{ "type": "Feature", "properties": { "osm_id": "way/354471368", "levels": null, "height": null, "name": null, "type": "yes" }, "geometry": { "type": "Polygon", "coordinates": [ [ [ 80.2140668, 13.120272 ], [ 80.2142149, 13.1202766 ], [ 80.2142192, 13.1201448 ], [ 80.2140711, 13.1201402 ], [ 80.2140668, 13.120272 ] ] ] } },
{ "type": "Feature", "properties": { "osm_id": "way/354471374", "levels": null, "height": null, "name": null, "type": "yes" }, "geometry": { "type": "Polygon", "coordinates": [ [ [ 80.2139341, 13.1213844 ], [ 80.2140254, 13.1213808 ], [ 80.2140203, 13.1212565 ], [ 80.213929, 13.12126 ], [ 80.2139341, 13.1213844 ] ] ] } },
{ "type": "Feature", "properties": { "osm_id": "way/354471376", "levels": null, "height": null, "name": null, "type": "yes" }, "geometry": { "type": "Polygon", "coordinates": [ [ [ 80.208869, 13.118958 ], [ 80.2089186, 13.1189564 ], [ 80.2089141, 13.1188201 ], [ 80.2088644, 13.1188217 ], [ 80.208869, 13.118958 ] ] ] } },
{ "type": "Feature", "properties": { "osm_id": "way/354471378", "levels": null, "height": null, "name": null, "type": "yes" }, "geometry": { "type": "Polygon", "coordinates": [ [ [ 80.2110139, 13.120002 ], [ 80.211128, 13.1199984 ], [ 80.2111257, 13.11993 ], [ 80.2110116, 13.1199336 ], [ 80.2110139, 13.120002 ] ] ] } },
{ "type": "Feature", "properties": { "osm_id": "way/354471380", "levels": null, "height": null, "name": null, "type": "yes" }, "geometry": { "type": "Polygon", "coordinates": [ [ [ 80.2137508, 13.1188662 ], [ 80.2138412, 13.1188656 ], [ 80.2138401, 13.118703 ], [ 80.2137497, 13.1187036 ], [ 80.2137508, 13.1188662 ] ] ] } },
{ "type": "Feature", "properties": { "osm_id": "way/354471382", "levels": null, "height": null, "name": null, "type": "yes" }, "geometry": { "type": "Polygon", "coordinates": [ [ [ 80.2090405, 13.1193749 ], [ 80.2091304, 13.119372 ], [ 80.2091256, 13.1192299 ], [ 80.2090357, 13.1192328 ], [ 80.2090405, 13.1193749 ] ] ] } },
{ "type": "Feature", "properties": { "osm_id": "way/354471384", "levels": null, "height": null, "name": null, "type": "yes" }, "geometry": { "type": "Polygon", "coordinates": [ [ [ 80.2120513, 13.1192698 ], [ 80.2120555, 13.1193945 ], [ 80.2122347, 13.1193889 ], [ 80.2122306, 13.1192641 ], [ 80.2120513, 13.1192698 ] ] ] } },
{ "type": "Feature", "properties": { "osm_id": "way/354471386", "levels": null, "height": null, "name": null, "type": "yes" }, "geometry": { "type": "Polygon", "coordinates": [ [ [ 80.2129543, 13.1190101 ], [ 80.2130529, 13.1190094 ], [ 80.2130518, 13.1188611 ], [ 80.2129533, 13.1188618 ], [ 80.2129543, 13.1190101 ] ] ] } },
{ "type": "Feature", "properties": { "osm_id": "way/354471387", "levels": null, "height": null, "name": null, "type": "yes" }, "geometry": { "type": "Polygon", "coordinates": [ [ [ 80.2070652, 13.1226499 ], [ 80.207162, 13.1226416 ], [ 80.2071475, 13.1224821 ], [ 80.2070507, 13.1224904 ], [ 80.2070652, 13.1226499 ] ] ] } },
{ "type": "Feature", "properties": { "osm_id": "way/354471392", "levels": null, "height": null, "name": null, "type": "yes" }, "geometry": { "type": "Polygon", "coordinates": [ [ [ 80.2064389, 13.1199847 ], [ 80.2065252, 13.1199875 ], [ 80.2065333, 13.1197548 ], [ 80.206447, 13.119752 ], [ 80.2064389, 13.1199847 ] ] ] } },
{ "type": "Feature", "properties": { "osm_id": "way/354471394", "levels": null, "height": null, "name": null, "type": "yes" }, "geometry": { "type": "Polygon", "coordinates": [ [ [ 80.2125141, 13.1219891 ], [ 80.2126005, 13.1219918 ], [ 80.2126067, 13.1218059 ], [ 80.2125203, 13.1218032 ], [ 80.2125141, 13.1219891 ] ] ] } },
{ "type": "Feature", "properties": { "osm_id": "way/354471398", "levels": null, "height": null, "name": null, "type": "yes" }, "geometry": { "type": "Polygon", "coordinates": [ [ [ 80.20862, 13.1200516 ], [ 80.2087757, 13.1200535 ], [ 80.208777, 13.1199497 ], [ 80.2086213, 13.1199479 ], [ 80.20862, 13.1200516 ] ] ] } },
{ "type": "Feature", "properties": { "osm_id": "way/354471400", "levels": null, "height": null, "name": null, "type": "yes" }, "geometry": { "type": "Polygon", "coordinates": [ [ [ 80.211865, 13.1223818 ], [ 80.2119505, 13.1223824 ], [ 80.2119512, 13.1222899 ], [ 80.2118656, 13.1222893 ], [ 80.211865, 13.1223818 ] ] ] } },
{ "type": "Feature", "properties": { "osm_id": "way/354471405", "levels": null, "height": null, "name": null, "type": "yes" }, "geometry": { "type": "Polygon", "coordinates": [ [ [ 80.2140839, 13.1188323 ], [ 80.2141669, 13.1188318 ], [ 80.2141659, 13.1186917 ], [ 80.2140829, 13.1186922 ], [ 80.2140839, 13.1188323 ] ] ] } },
{ "type": "Feature", "properties": { "osm_id": "way/354471409", "levels": null, "height": null, "name": null, "type": "yes" }, "geometry": { "type": "Polygon", "coordinates": [ [ [ 80.2110158, 13.1196369 ], [ 80.211117, 13.1196338 ], [ 80.2111133, 13.119522 ], [ 80.2110121, 13.1195252 ], [ 80.2110158, 13.1196369 ] ] ] } },
{ "type": "Feature", "properties": { "osm_id": "way/354471415", "levels": null, "height": null, "name": null, "type": "yes" }, "geometry": { "type": "Polygon", "coordinates": [ [ [ 80.2073627, 13.1219848 ], [ 80.2074548, 13.1219816 ], [ 80.2074509, 13.1218748 ], [ 80.2073588, 13.121878 ], [ 80.2073627, 13.1219848 ] ] ] } },
{ "type": "Feature", "properties": { "osm_id": "way/354471418", "levels": null, "height": null, "name": null, "type": "yes" }, "geometry": { "type": "Polygon", "coordinates": [ [ [ 80.2131527, 13.122182 ], [ 80.2131526, 13.1221835 ], [ 80.2131551, 13.1222697 ], [ 80.2132423, 13.1222679 ], [ 80.2132409, 13.1221822 ], [ 80.2132408, 13.1221802 ], [ 80.2132386, 13.1220756 ], [ 80.2131505, 13.1220774 ], [ 80.2131527, 13.122182 ] ] ] } },
{ "type": "Feature", "properties": { "osm_id": "way/354471434", "levels": null, "height": null, "name": null, "type": "yes" }, "geometry": { "type": "Polygon", "coordinates": [ [ [ 80.2085668, 13.1194948 ], [ 80.2087369, 13.1194894 ], [ 80.2087337, 13.1193909 ], [ 80.2085635, 13.1193963 ], [ 80.2085668, 13.1194948 ] ] ] } },
{ "type": "Feature", "properties": { "osm_id": "way/354471440", "levels": null, "height": null, "name": null, "type": "yes" }, "geometry": { "type": "Polygon", "coordinates": [ [ [ 80.2120375, 13.1249189 ], [ 80.2120992, 13.1249205 ], [ 80.2121042, 13.124742 ], [ 80.2120426, 13.1247403 ], [ 80.2120375, 13.1249189 ] ] ] } },
{ "type": "Feature", "properties": { "osm_id": "way/354471442", "levels": null, "height": null, "name": null, "type": "yes" }, "geometry": { "type": "Polygon", "coordinates": [ [ [ 80.211861, 13.1250588 ], [ 80.2118635, 13.124971 ], [ 80.2117461, 13.1249679 ], [ 80.2117436, 13.1250557 ], [ 80.211861, 13.1250588 ] ] ] } },
{ "type": "Feature", "properties": { "osm_id": "way/354471444", "levels": null, "height": null, "name": null, "type": "yes" }, "geometry": { "type": "Polygon", "coordinates": [ [ [ 80.2112126, 13.1239686 ], [ 80.2112526, 13.1239937 ], [ 80.2113101, 13.1239067 ], [ 80.2112701, 13.1238817 ], [ 80.2112126, 13.1239686 ] ] ] } },
{ "type": "Feature", "properties": { "osm_id": "way/354471446", "levels": null, "height": null, "name": null, "type": "yes" }, "geometry": { "type": "Polygon", "coordinates": [ [ [ 80.2146543, 13.1214892 ], [ 80.2147217, 13.1214919 ], [ 80.2147282, 13.1213363 ], [ 80.2146608, 13.1213336 ], [ 80.2146543, 13.1214892 ] ] ] } },
{ "type": "Feature", "properties": { "osm_id": "way/354471450", "levels": null, "height": null, "name": null, "type": "yes" }, "geometry": { "type": "Polygon", "coordinates": [ [ [ 80.2070506, 13.1209403 ], [ 80.2071485, 13.1209414 ], [ 80.2071507, 13.1207643 ], [ 80.2070528, 13.1207631 ], [ 80.2070506, 13.1209403 ] ] ] } },
{ "type": "Feature", "properties": { "osm_id": "way/354471455", "levels": null, "height": null, "name": null, "type": "yes" }, "geometry": { "type": "Polygon", "coordinates": [ [ [ 80.2109249, 13.1239291 ], [ 80.2109914, 13.123938 ], [ 80.2110066, 13.1238298 ], [ 80.2109402, 13.123821 ], [ 80.2109249, 13.1239291 ] ] ] } },
{ "type": "Feature", "properties": { "osm_id": "way/354471457", "levels": null, "height": null, "name": null, "type": "yes" }, "geometry": { "type": "Polygon", "coordinates": [ [ [ 80.2070392, 13.1211686 ], [ 80.2071155, 13.1211845 ], [ 80.2071483, 13.1210346 ], [ 80.207072, 13.1210187 ], [ 80.2070392, 13.1211686 ] ] ] } },
{ "type": "Feature", "properties": { "osm_id": "way/354471462", "levels": null, "height": null, "name": null, "type": "yes" }, "geometry": { "type": "Polygon", "coordinates": [ [ [ 80.2120805, 13.1225117 ], [ 80.2121649, 13.1225123 ], [ 80.2121657, 13.1224058 ], [ 80.2120812, 13.1224052 ], [ 80.2120805, 13.1225117 ] ] ] } },
{ "type": "Feature", "properties": { "osm_id": "way/354471464", "levels": null, "height": null, "name": null, "type": "yes" }, "geometry": { "type": "Polygon", "coordinates": [ [ [ 80.2088534, 13.1197627 ], [ 80.2089438, 13.1197598 ], [ 80.2089412, 13.1196814 ], [ 80.2088508, 13.1196842 ], [ 80.2088534, 13.1197627 ] ] ] } },
{ "type": "Feature", "properties": { "osm_id": "way/354471466", "levels": null, "height": null, "name": null, "type": "yes" }, "geometry": { "type": "Polygon", "coordinates": [ [ [ 80.2134519, 13.1184213 ], [ 80.2135153, 13.1184218 ], [ 80.2135164, 13.1182744 ], [ 80.213453, 13.1182739 ], [ 80.2134519, 13.1184213 ] ] ] } },
{ "type": "Feature", "properties": { "osm_id": "way/354471468", "levels": null, "height": null, "name": null, "type": "yes" }, "geometry": { "type": "Polygon", "coordinates": [ [ [ 80.205107, 13.1197364 ], [ 80.2052331, 13.119741 ], [ 80.2052384, 13.1196025 ], [ 80.2051123, 13.119598 ], [ 80.205107, 13.1197364 ] ] ] } },
{ "type": "Feature", "properties": { "osm_id": "way/354471470", "levels": null, "height": null, "name": null, "type": "yes" }, "geometry": { "type": "Polygon", "coordinates": [ [ [ 80.2116756, 13.123276 ], [ 80.2117779, 13.1232845 ], [ 80.211791, 13.1231347 ], [ 80.2116887, 13.1231262 ], [ 80.2116756, 13.123276 ] ] ] } },
{ "type": "Feature", "properties": { "osm_id": "way/354471472", "levels": null, "height": null, "name": null, "type": "yes" }, "geometry": { "type": "Polygon", "coordinates": [ [ [ 80.2081728, 13.1204422 ], [ 80.208283, 13.1204435 ], [ 80.2082839, 13.1203744 ], [ 80.2081737, 13.120373 ], [ 80.2081728, 13.1204422 ] ] ] } },
{ "type": "Feature", "properties": { "osm_id": "way/354471474", "levels": null, "height": null, "name": null, "type": "yes" }, "geometry": { "type": "Polygon", "coordinates": [ [ [ 80.2088095, 13.1204425 ], [ 80.2088699, 13.1204432 ], [ 80.2088719, 13.1202814 ], [ 80.2088116, 13.1202807 ], [ 80.2088095, 13.1204425 ] ] ] } },
{ "type": "Feature", "properties": { "osm_id": "way/354471477", "levels": null, "height": null, "name": null, "type": "yes" }, "geometry": { "type": "Polygon", "coordinates": [ [ [ 80.214955, 13.1215054 ], [ 80.2150534, 13.1215016 ], [ 80.2150473, 13.1213535 ], [ 80.2149489, 13.1213574 ], [ 80.214955, 13.1215054 ] ] ] } },
{ "type": "Feature", "properties": { "osm_id": "way/354471479", "levels": null, "height": null, "name": null, "type": "yes" }, "geometry": { "type": "Polygon", "coordinates": [ [ [ 80.2090537, 13.118981 ], [ 80.2091312, 13.1189785 ], [ 80.2091245, 13.1187761 ], [ 80.2090469, 13.1187786 ], [ 80.2090537, 13.118981 ] ] ] } },
{ "type": "Feature", "properties": { "osm_id": "way/354471481", "levels": null, "height": null, "name": null, "type": "yes" }, "geometry": { "type": "Polygon", "coordinates": [ [ [ 80.2091757, 13.1198234 ], [ 80.2092763, 13.1198246 ], [ 80.2092784, 13.1196607 ], [ 80.2091778, 13.1196595 ], [ 80.2091757, 13.1198234 ] ] ] } },
{ "type": "Feature", "properties": { "osm_id": "way/354471488", "levels": null, "height": null, "name": null, "type": "yes" }, "geometry": { "type": "Polygon", "coordinates": [ [ [ 80.2136195, 13.1188457 ], [ 80.2137258, 13.118845 ], [ 80.2137247, 13.1186924 ], [ 80.2136184, 13.1186931 ], [ 80.2136195, 13.1188457 ] ] ] } },
{ "type": "Feature", "properties": { "osm_id": "way/354471490", "levels": null, "height": null, "name": null, "type": "yes" }, "geometry": { "type": "Polygon", "coordinates": [ [ [ 80.2111909, 13.1241988 ], [ 80.2112958, 13.1242006 ], [ 80.2112977, 13.1241018 ], [ 80.2111928, 13.1241 ], [ 80.2111909, 13.1241988 ] ] ] } },
{ "type": "Feature", "properties": { "osm_id": "way/354471493", "levels": null, "height": null, "name": null, "type": "yes" }, "geometry": { "type": "Polygon", "coordinates": [ [ [ 80.2131343, 13.1202926 ], [ 80.2132203, 13.1202953 ], [ 80.2132257, 13.1201297 ], [ 80.2131397, 13.1201271 ], [ 80.2131343, 13.1202926 ] ] ] } },
{ "type": "Feature", "properties": { "osm_id": "way/354471495", "levels": null, "height": null, "name": null, "type": "yes" }, "geometry": { "type": "Polygon", "coordinates": [ [ [ 80.2077492, 13.1206483 ], [ 80.2078173, 13.1206491 ], [ 80.2078189, 13.120526 ], [ 80.2077507, 13.1205252 ], [ 80.2077492, 13.1206483 ] ] ] } },
{ "type": "Feature", "properties": { "osm_id": "way/354471496", "levels": null, "height": null, "name": null, "type": "yes" }, "geometry": { "type": "Polygon", "coordinates": [ [ [ 80.2140054, 13.1183928 ], [ 80.2140877, 13.1183934 ], [ 80.2140885, 13.1182929 ], [ 80.2140061, 13.1182923 ], [ 80.2140054, 13.1183928 ] ] ] } },
{ "type": "Feature", "properties": { "osm_id": "way/354471498", "levels": null, "height": null, "name": null, "type": "yes" }, "geometry": { "type": "Polygon", "coordinates": [ [ [ 80.2129072, 13.1215873 ], [ 80.2129048, 13.1214756 ], [ 80.2127655, 13.1214784 ], [ 80.2127679, 13.1215901 ], [ 80.2129072, 13.1215873 ] ] ] } },
{ "type": "Feature", "properties": { "osm_id": "way/354471500", "levels": null, "height": null, "name": null, "type": "yes" }, "geometry": { "type": "Polygon", "coordinates": [ [ [ 80.2130465, 13.1213945 ], [ 80.2131396, 13.1213974 ], [ 80.2131459, 13.1212009 ], [ 80.2130529, 13.121198 ], [ 80.2130465, 13.1213945 ] ] ] } },
{ "type": "Feature", "properties": { "osm_id": "way/354471502", "levels": null, "height": null, "name": null, "type": "yes" }, "geometry": { "type": "Polygon", "coordinates": [ [ [ 80.2139829, 13.1206793 ], [ 80.2140758, 13.1206797 ], [ 80.2140763, 13.1205713 ], [ 80.2139835, 13.1205709 ], [ 80.2139829, 13.1206793 ] ] ] } },
{ "type": "Feature", "properties": { "osm_id": "way/354471505", "levels": null, "height": null, "name": null, "type": "yes" }, "geometry": { "type": "Polygon", "coordinates": [ [ [ 80.2119692, 13.1233955 ], [ 80.2121051, 13.1234068 ], [ 80.2121129, 13.1233178 ], [ 80.211977, 13.1233065 ], [ 80.2119692, 13.1233955 ] ] ] } },
{ "type": "Feature", "properties": { "osm_id": "way/354471511", "levels": null, "height": null, "name": null, "type": "yes" }, "geometry": { "type": "Polygon", "coordinates": [ [ [ 80.2138442, 13.11861 ], [ 80.2139619, 13.1186131 ], [ 80.2139663, 13.1184521 ], [ 80.2138486, 13.1184491 ], [ 80.2138442, 13.11861 ] ] ] } },
{ "type": "Feature", "properties": { "osm_id": "way/354471513", "levels": null, "height": null, "name": null, "type": "yes" }, "geometry": { "type": "Polygon", "coordinates": [ [ [ 80.2094348, 13.1189848 ], [ 80.2095268, 13.1189819 ], [ 80.2095219, 13.1188336 ], [ 80.2094298, 13.1188365 ], [ 80.2094348, 13.1189848 ] ] ] } },
{ "type": "Feature", "properties": { "osm_id": "way/354471514", "levels": null, "height": null, "name": null, "type": "yes" }, "geometry": { "type": "Polygon", "coordinates": [ [ [ 80.2117543, 13.1248669 ], [ 80.2118675, 13.12487 ], [ 80.2118703, 13.124774 ], [ 80.211757, 13.1247709 ], [ 80.2117543, 13.1248669 ] ] ] } },
{ "type": "Feature", "properties": { "osm_id": "way/354471518", "levels": null, "height": null, "name": null, "type": "yes" }, "geometry": { "type": "Polygon", "coordinates": [ [ [ 80.2085617, 13.1193846 ], [ 80.2087108, 13.1193799 ], [ 80.2087075, 13.1192828 ], [ 80.2085585, 13.1192875 ], [ 80.2085617, 13.1193846 ] ] ] } },
{ "type": "Feature", "properties": { "osm_id": "way/354471520", "levels": null, "height": null, "name": null, "type": "yes" }, "geometry": { "type": "Polygon", "coordinates": [ [ [ 80.2069532, 13.1202861 ], [ 80.207124, 13.1202918 ], [ 80.2071287, 13.1201582 ], [ 80.2069578, 13.1201526 ], [ 80.2069532, 13.1202861 ] ] ] } },
{ "type": "Feature", "properties": { "osm_id": "way/354471521", "levels": null, "height": null, "name": null, "type": "yes" }, "geometry": { "type": "Polygon", "coordinates": [ [ [ 80.2088777, 13.1204503 ], [ 80.2089453, 13.1204511 ], [ 80.2089474, 13.1202864 ], [ 80.2088798, 13.1202855 ], [ 80.2088777, 13.1204503 ] ] ] } },
{ "type": "Feature", "properties": { "osm_id": "way/354471522", "levels": null, "height": null, "name": null, "type": "yes" }, "geometry": { "type": "Polygon", "coordinates": [ [ [ 80.2121114, 13.1245951 ], [ 80.2122399, 13.1245985 ], [ 80.2122417, 13.1245321 ], [ 80.2121133, 13.1245287 ], [ 80.2121114, 13.1245951 ] ] ] } },
{ "type": "Feature", "properties": { "osm_id": "way/354471523", "levels": null, "height": null, "name": null, "type": "yes" }, "geometry": { "type": "Polygon", "coordinates": [ [ [ 80.2058736, 13.1207387 ], [ 80.2059949, 13.1207468 ], [ 80.2060059, 13.1205898 ], [ 80.2058846, 13.1205816 ], [ 80.2058736, 13.1207387 ] ] ] } },
{ "type": "Feature", "properties": { "osm_id": "way/354471525", "levels": null, "height": null, "name": null, "type": "yes" }, "geometry": { "type": "Polygon", "coordinates": [ [ [ 80.2118096, 13.1215522 ], [ 80.2120283, 13.1215536 ], [ 80.2120295, 13.1213847 ], [ 80.2118108, 13.1213833 ], [ 80.2118096, 13.1215522 ] ] ] } },
{ "type": "Feature", "properties": { "osm_id": "way/354471528", "levels": null, "height": null, "name": null, "type": "yes" }, "geometry": { "type": "Polygon", "coordinates": [ [ [ 80.2143659, 13.1214972 ], [ 80.2146042, 13.1215066 ], [ 80.2146102, 13.1213633 ], [ 80.2143719, 13.1213539 ], [ 80.2143659, 13.1214972 ] ] ] } },
{ "type": "Feature", "properties": { "osm_id": "way/354471531", "levels": null, "height": null, "name": null, "type": "yes" }, "geometry": { "type": "Polygon", "coordinates": [ [ [ 80.2076665, 13.1212738 ], [ 80.207752, 13.1212827 ], [ 80.2077629, 13.121183 ], [ 80.2076774, 13.1211742 ], [ 80.2076665, 13.1212738 ] ] ] } },
{ "type": "Feature", "properties": { "osm_id": "way/354471535", "levels": null, "height": null, "name": null, "type": "yes" }, "geometry": { "type": "Polygon", "coordinates": [ [ [ 80.2133604, 13.1184411 ], [ 80.2134342, 13.1184417 ], [ 80.2134356, 13.1182523 ], [ 80.2133619, 13.1182517 ], [ 80.2133604, 13.1184411 ] ] ] } },
{ "type": "Feature", "properties": { "osm_id": "way/354471536", "levels": null, "height": null, "name": null, "type": "yes" }, "geometry": { "type": "Polygon", "coordinates": [ [ [ 80.2106917, 13.1248075 ], [ 80.2106921, 13.124877 ], [ 80.2108783, 13.124876 ], [ 80.2108779, 13.1248065 ], [ 80.2106917, 13.1248075 ] ] ] } },
{ "type": "Feature", "properties": { "osm_id": "way/354471537", "levels": null, "height": null, "name": null, "type": "yes" }, "geometry": { "type": "Polygon", "coordinates": [ [ [ 80.2119176, 13.1231992 ], [ 80.2119824, 13.1232046 ], [ 80.2119956, 13.1230535 ], [ 80.2119308, 13.1230482 ], [ 80.2119176, 13.1231992 ] ] ] } },
{ "type": "Feature", "properties": { "osm_id": "way/354471539", "levels": null, "height": null, "name": null, "type": "yes" }, "geometry": { "type": "Polygon", "coordinates": [ [ [ 80.2081753, 13.120365 ], [ 80.2082903, 13.1203664 ], [ 80.2082914, 13.1202802 ], [ 80.2081764, 13.1202788 ], [ 80.2081753, 13.120365 ] ] ] } },
{ "type": "Feature", "properties": { "osm_id": "way/354471542", "levels": null, "height": null, "name": null, "type": "yes" }, "geometry": { "type": "Polygon", "coordinates": [ [ [ 80.2057407, 13.1203285 ], [ 80.2058572, 13.1203315 ], [ 80.2058587, 13.1202757 ], [ 80.2057422, 13.1202727 ], [ 80.2057407, 13.1203285 ] ] ] } },
{ "type": "Feature", "properties": { "osm_id": "way/354471546", "levels": null, "height": null, "name": null, "type": "yes" }, "geometry": { "type": "Polygon", "coordinates": [ [ [ 80.2138465, 13.1206882 ], [ 80.2139581, 13.1206888 ], [ 80.2139592, 13.1204789 ], [ 80.2138475, 13.1204784 ], [ 80.2138465, 13.1206882 ] ] ] } },
{ "type": "Feature", "properties": { "osm_id": "way/354471547", "levels": null, "height": null, "name": null, "type": "yes" }, "geometry": { "type": "Polygon", "coordinates": [ [ [ 80.2139807, 13.11861 ], [ 80.214074, 13.1186124 ], [ 80.2140782, 13.1184591 ], [ 80.2139849, 13.1184567 ], [ 80.2139807, 13.11861 ] ] ] } },
{ "type": "Feature", "properties": { "osm_id": "way/354471549", "levels": null, "height": null, "name": null, "type": "yes" }, "geometry": { "type": "Polygon", "coordinates": [ [ [ 80.2118516, 13.1225147 ], [ 80.2119093, 13.1225151 ], [ 80.2119101, 13.1224008 ], [ 80.2118524, 13.1224004 ], [ 80.2118516, 13.1225147 ] ] ] } },
{ "type": "Feature", "properties": { "osm_id": "way/354471550", "levels": null, "height": null, "name": null, "type": "yes" }, "geometry": { "type": "Polygon", "coordinates": [ [ [ 80.2108096, 13.1196752 ], [ 80.2108988, 13.1196723 ], [ 80.2108938, 13.1195222 ], [ 80.2108047, 13.1195251 ], [ 80.2108096, 13.1196752 ] ] ] } },
{ "type": "Feature", "properties": { "osm_id": "way/354471552", "levels": null, "height": null, "name": null, "type": "yes" }, "geometry": { "type": "Polygon", "coordinates": [ [ [ 80.2138655, 13.1188599 ], [ 80.213934, 13.1188594 ], [ 80.213933, 13.1187108 ], [ 80.2138644, 13.1187112 ], [ 80.2138655, 13.1188599 ] ] ] } },
{ "type": "Feature", "properties": { "osm_id": "way/354471553", "levels": null, "height": null, "name": null, "type": "yes" }, "geometry": { "type": "Polygon", "coordinates": [ [ [ 80.2053956, 13.1195158 ], [ 80.2054834, 13.119519 ], [ 80.2054885, 13.1193865 ], [ 80.2054006, 13.1193833 ], [ 80.2053956, 13.1195158 ] ] ] } },
{ "type": "Feature", "properties": { "osm_id": "way/354471554", "levels": null, "height": null, "name": null, "type": "yes" }, "geometry": { "type": "Polygon", "coordinates": [ [ [ 80.212041, 13.119632 ], [ 80.2121362, 13.1196289 ], [ 80.2121313, 13.119481 ], [ 80.212036, 13.119484 ], [ 80.212041, 13.119632 ] ] ] } },
{ "type": "Feature", "properties": { "osm_id": "way/354471555", "levels": null, "height": null, "name": null, "type": "yes" }, "geometry": { "type": "Polygon", "coordinates": [ [ [ 80.2069778, 13.1226273 ], [ 80.2070407, 13.1226252 ], [ 80.2070355, 13.1224823 ], [ 80.2069727, 13.1224844 ], [ 80.2069778, 13.1226273 ] ] ] } },
{ "type": "Feature", "properties": { "osm_id": "way/354471556", "levels": null, "height": null, "name": null, "type": "yes" }, "geometry": { "type": "Polygon", "coordinates": [ [ [ 80.2129757, 13.1223014 ], [ 80.2130731, 13.1222994 ], [ 80.2130691, 13.1221095 ], [ 80.2129716, 13.1221114 ], [ 80.2129757, 13.1223014 ] ] ] } },
{ "type": "Feature", "properties": { "osm_id": "way/354471557", "levels": null, "height": null, "name": null, "type": "yes" }, "geometry": { "type": "Polygon", "coordinates": [ [ [ 80.2118875, 13.1237516 ], [ 80.2120397, 13.1237642 ], [ 80.2120479, 13.1236703 ], [ 80.2118957, 13.1236577 ], [ 80.2118875, 13.1237516 ] ] ] } },
{ "type": "Feature", "properties": { "osm_id": "way/354471559", "levels": null, "height": null, "name": null, "type": "yes" }, "geometry": { "type": "Polygon", "coordinates": [ [ [ 80.2087889, 13.1192968 ], [ 80.2089039, 13.1192932 ], [ 80.2089018, 13.1192299 ], [ 80.2087868, 13.1192335 ], [ 80.2087889, 13.1192968 ] ] ] } },
{ "type": "Feature", "properties": { "osm_id": "way/354471560", "levels": null, "height": null, "name": null, "type": "yes" }, "geometry": { "type": "Polygon", "coordinates": [ [ [ 80.2107271, 13.1238797 ], [ 80.2107417, 13.1237543 ], [ 80.2106429, 13.1237433 ], [ 80.2106283, 13.1238688 ], [ 80.2107271, 13.1238797 ] ] ] } },
{ "type": "Feature", "properties": { "osm_id": "way/354471561", "levels": null, "height": null, "name": null, "type": "yes" }, "geometry": { "type": "Polygon", "coordinates": [ [ [ 80.2120753, 13.122009 ], [ 80.212162, 13.1220096 ], [ 80.2121626, 13.1219221 ], [ 80.2120759, 13.1219215 ], [ 80.2120753, 13.122009 ] ] ] } },
{ "type": "Feature", "properties": { "osm_id": "way/354471565", "levels": null, "height": null, "name": null, "type": "yes" }, "geometry": { "type": "Polygon", "coordinates": [ [ [ 80.2085885, 13.1195945 ], [ 80.208736, 13.1195898 ], [ 80.2087329, 13.1194991 ], [ 80.2085855, 13.1195037 ], [ 80.2085885, 13.1195945 ] ] ] } },
{ "type": "Feature", "properties": { "osm_id": "way/354471567", "levels": null, "height": null, "name": null, "type": "yes" }, "geometry": { "type": "Polygon", "coordinates": [ [ [ 80.2107738, 13.1243807 ], [ 80.210901, 13.1243912 ], [ 80.2109081, 13.1243101 ], [ 80.2107808, 13.1242996 ], [ 80.2107738, 13.1243807 ] ] ] } },
{ "type": "Feature", "properties": { "osm_id": "way/354471569", "levels": null, "height": null, "name": null, "type": "yes" }, "geometry": { "type": "Polygon", "coordinates": [ [ [ 80.2051104, 13.120586 ], [ 80.2052322, 13.1205994 ], [ 80.2052402, 13.1205309 ], [ 80.2051184, 13.1205174 ], [ 80.2051104, 13.120586 ] ] ] } },
{ "type": "Feature", "properties": { "osm_id": "way/354471573", "levels": null, "height": null, "name": null, "type": "yes" }, "geometry": { "type": "Polygon", "coordinates": [ [ [ 80.2061613, 13.1206881 ], [ 80.2062797, 13.120696 ], [ 80.2062868, 13.1205955 ], [ 80.2061684, 13.1205876 ], [ 80.2061613, 13.1206881 ] ] ] } },
{ "type": "Feature", "properties": { "osm_id": "way/354471575", "levels": null, "height": null, "name": null, "type": "yes" }, "geometry": { "type": "Polygon", "coordinates": [ [ [ 80.2119279, 13.1236335 ], [ 80.2120773, 13.1236615 ], [ 80.2120978, 13.1235575 ], [ 80.2119484, 13.1235295 ], [ 80.2119279, 13.1236335 ] ] ] } },
{ "type": "Feature", "properties": { "osm_id": "way/354471578", "levels": null, "height": null, "name": null, "type": "yes" }, "geometry": { "type": "Polygon", "coordinates": [ [ [ 80.2143054, 13.1215692 ], [ 80.214485, 13.1215622 ], [ 80.2144829, 13.1215104 ], [ 80.2143033, 13.1215174 ], [ 80.2143054, 13.1215692 ] ] ] } },
{ "type": "Feature", "properties": { "osm_id": "way/354471580", "levels": null, "height": null, "name": null, "type": "yes" }, "geometry": { "type": "Polygon", "coordinates": [ [ [ 80.2069378, 13.1211479 ], [ 80.2070139, 13.121164 ], [ 80.2070341, 13.1210735 ], [ 80.206958, 13.1210574 ], [ 80.2069378, 13.1211479 ] ] ] } },
{ "type": "Feature", "properties": { "osm_id": "way/354471582", "levels": null, "height": null, "name": null, "type": "yes" }, "geometry": { "type": "Polygon", "coordinates": [ [ [ 80.2108362, 13.1239013 ], [ 80.2109047, 13.1239099 ], [ 80.2109178, 13.1238109 ], [ 80.2108493, 13.1238023 ], [ 80.2108362, 13.1239013 ] ] ] } },
{ "type": "Feature", "properties": { "osm_id": "way/354471585", "levels": null, "height": null, "name": null, "type": "yes" }, "geometry": { "type": "Polygon", "coordinates": [ [ [ 80.2062083, 13.1204586 ], [ 80.206316, 13.1204634 ], [ 80.2063232, 13.1203105 ], [ 80.2062155, 13.1203057 ], [ 80.2062083, 13.1204586 ] ] ] } },
{ "type": "Feature", "properties": { "osm_id": "way/354471588", "levels": null, "height": null, "name": null, "type": "yes" }, "geometry": { "type": "Polygon", "coordinates": [ [ [ 80.2135339, 13.1188552 ], [ 80.2136119, 13.1188547 ], [ 80.2136108, 13.1186955 ], [ 80.2135328, 13.118696 ], [ 80.2135339, 13.1188552 ] ] ] } },
{ "type": "Feature", "properties": { "osm_id": "way/354471591", "levels": null, "height": null, "name": null, "type": "yes" }, "geometry": { "type": "Polygon", "coordinates": [ [ [ 80.2119481, 13.1229925 ], [ 80.2121593, 13.1229938 ], [ 80.2121605, 13.1228146 ], [ 80.2119493, 13.1228132 ], [ 80.2119481, 13.1229925 ] ] ] } },
{ "type": "Feature", "properties": { "osm_id": "way/354471594", "levels": null, "height": null, "name": null, "type": "yes" }, "geometry": { "type": "Polygon", "coordinates": [ [ [ 80.2134817, 13.1202979 ], [ 80.2135709, 13.1203006 ], [ 80.2135768, 13.1201191 ], [ 80.2134876, 13.1201163 ], [ 80.2134817, 13.1202979 ] ] ] } },
{ "type": "Feature", "properties": { "osm_id": "way/354471597", "levels": null, "height": null, "name": null, "type": "yes" }, "geometry": { "type": "Polygon", "coordinates": [ [ [ 80.2135832, 13.1184228 ], [ 80.2136668, 13.1184234 ], [ 80.2136681, 13.1182553 ], [ 80.2135845, 13.1182547 ], [ 80.2135832, 13.1184228 ] ] ] } },
{ "type": "Feature", "properties": { "osm_id": "way/354471600", "levels": null, "height": null, "name": null, "type": "yes" }, "geometry": { "type": "Polygon", "coordinates": [ [ [ 80.2118902, 13.1233638 ], [ 80.2119684, 13.1233703 ], [ 80.2119826, 13.1232089 ], [ 80.2119043, 13.1232024 ], [ 80.2118902, 13.1233638 ] ] ] } },
{ "type": "Feature", "properties": { "osm_id": "way/354471603", "levels": null, "height": null, "name": null, "type": "yes" }, "geometry": { "type": "Polygon", "coordinates": [ [ [ 80.2122769, 13.1217262 ], [ 80.2124924, 13.1217232 ], [ 80.2124909, 13.1216243 ], [ 80.2122754, 13.1216273 ], [ 80.2122769, 13.1217262 ] ] ] } },
{ "type": "Feature", "properties": { "osm_id": "way/354471605", "levels": null, "height": null, "name": null, "type": "yes" }, "geometry": { "type": "Polygon", "coordinates": [ [ [ 80.2089723, 13.1200606 ], [ 80.2090473, 13.1200615 ], [ 80.2090493, 13.1199058 ], [ 80.2089743, 13.1199049 ], [ 80.2089723, 13.1200606 ] ] ] } },
{ "type": "Feature", "properties": { "osm_id": "way/354471607", "levels": null, "height": null, "name": null, "type": "yes" }, "geometry": { "type": "Polygon", "coordinates": [ [ [ 80.2120507, 13.1223908 ], [ 80.2121823, 13.1223917 ], [ 80.2121831, 13.1222809 ], [ 80.2120515, 13.12228 ], [ 80.2120507, 13.1223908 ] ] ] } },
{ "type": "Feature", "properties": { "osm_id": "way/354471613", "levels": null, "height": null, "name": null, "type": "yes" }, "geometry": { "type": "Polygon", "coordinates": [ [ [ 80.2052439, 13.1195943 ], [ 80.2053707, 13.1195988 ], [ 80.2053745, 13.1194974 ], [ 80.2052478, 13.1194929 ], [ 80.2052439, 13.1195943 ] ] ] } },
{ "type": "Feature", "properties": { "osm_id": "way/354471617", "levels": null, "height": null, "name": null, "type": "yes" }, "geometry": { "type": "Polygon", "coordinates": [ [ [ 80.2127697, 13.1216962 ], [ 80.2129091, 13.1216934 ], [ 80.2129072, 13.1216003 ], [ 80.2127677, 13.1216031 ], [ 80.2127697, 13.1216962 ] ] ] } },
{ "type": "Feature", "properties": { "osm_id": "way/354471619", "levels": null, "height": null, "name": null, "type": "yes" }, "geometry": { "type": "Polygon", "coordinates": [ [ [ 80.2139717, 13.1208881 ], [ 80.2140601, 13.1208885 ], [ 80.2140609, 13.1207132 ], [ 80.2139725, 13.1207128 ], [ 80.2139717, 13.1208881 ] ] ] } },
{ "type": "Feature", "properties": { "osm_id": "way/354471621", "levels": null, "height": null, "name": null, "type": "yes" }, "geometry": { "type": "Polygon", "coordinates": [ [ [ 80.2085498, 13.1191715 ], [ 80.2087087, 13.1191665 ], [ 80.208705, 13.119057 ], [ 80.2085461, 13.119062 ], [ 80.2085498, 13.1191715 ] ] ] } },
{ "type": "Feature", "properties": { "osm_id": "way/354471623", "levels": null, "height": null, "name": null, "type": "yes" }, "geometry": { "type": "Polygon", "coordinates": [ [ [ 80.2120089, 13.1231425 ], [ 80.2121471, 13.123154 ], [ 80.212154, 13.1230747 ], [ 80.2120158, 13.1230632 ], [ 80.2120089, 13.1231425 ] ] ] } },
{ "type": "Feature", "properties": { "osm_id": "way/354471625", "levels": null, "height": null, "name": null, "type": "yes" }, "geometry": { "type": "Polygon", "coordinates": [ [ [ 80.208792, 13.1191539 ], [ 80.2088932, 13.1191507 ], [ 80.2088905, 13.1190699 ], [ 80.2087893, 13.1190731 ], [ 80.208792, 13.1191539 ] ] ] } },
{ "type": "Feature", "properties": { "osm_id": "way/354471627", "levels": null, "height": null, "name": null, "type": "yes" }, "geometry": { "type": "Polygon", "coordinates": [ [ [ 80.2138678, 13.1184401 ], [ 80.2139733, 13.1184429 ], [ 80.2139784, 13.118255 ], [ 80.2138729, 13.1182522 ], [ 80.2138678, 13.1184401 ] ] ] } },
{ "type": "Feature", "properties": { "osm_id": "way/354471629", "levels": null, "height": null, "name": null, "type": "yes" }, "geometry": { "type": "Polygon", "coordinates": [ [ [ 80.2092548, 13.118983 ], [ 80.2093034, 13.1189815 ], [ 80.2092979, 13.1188161 ], [ 80.2092493, 13.1188176 ], [ 80.2092548, 13.118983 ] ] ] } },
{ "type": "Feature", "properties": { "osm_id": "way/354471631", "levels": null, "height": null, "name": null, "type": "yes" }, "geometry": { "type": "Polygon", "coordinates": [ [ [ 80.2117666, 13.124762 ], [ 80.2118971, 13.1247655 ], [ 80.2119, 13.124664 ], [ 80.2117695, 13.1246605 ], [ 80.2117666, 13.124762 ] ] ] } },
{ "type": "Feature", "properties": { "osm_id": "way/354471632", "levels": null, "height": null, "name": null, "type": "yes" }, "geometry": { "type": "Polygon", "coordinates": [ [ [ 80.2117553, 13.1249659 ], [ 80.2118672, 13.1249689 ], [ 80.2118696, 13.1248838 ], [ 80.2117577, 13.1248808 ], [ 80.2117553, 13.1249659 ] ] ] } },
{ "type": "Feature", "properties": { "osm_id": "way/354471640", "levels": null, "height": null, "name": null, "type": "yes" }, "geometry": { "type": "Polygon", "coordinates": [ [ [ 80.2076092, 13.1218932 ], [ 80.2077311, 13.1218953 ], [ 80.2077326, 13.1218162 ], [ 80.2076107, 13.1218141 ], [ 80.2076092, 13.1218932 ] ] ] } },
{ "type": "Feature", "properties": { "osm_id": "way/354471644", "levels": null, "height": null, "name": null, "type": "yes" }, "geometry": { "type": "Polygon", "coordinates": [ [ [ 80.2138247, 13.1216857 ], [ 80.2139349, 13.1216901 ], [ 80.2139437, 13.121478 ], [ 80.2138335, 13.1214736 ], [ 80.2138247, 13.1216857 ] ] ] } },
{ "type": "Feature", "properties": { "osm_id": "way/354471648", "levels": null, "height": null, "name": null, "type": "yes" }, "geometry": { "type": "Polygon", "coordinates": [ [ [ 80.2137344, 13.118616 ], [ 80.2138368, 13.1186187 ], [ 80.2138411, 13.1184601 ], [ 80.2137387, 13.1184575 ], [ 80.2137344, 13.118616 ] ] ] } },
{ "type": "Feature", "properties": { "osm_id": "way/354471657", "levels": null, "height": null, "name": null, "type": "yes" }, "geometry": { "type": "Polygon", "coordinates": [ [ [ 80.2085128, 13.1199923 ], [ 80.2085627, 13.1199929 ], [ 80.2085641, 13.1198769 ], [ 80.2085143, 13.1198763 ], [ 80.2085128, 13.1199923 ] ] ] } },
{ "type": "Feature", "properties": { "osm_id": "way/354471659", "levels": null, "height": null, "name": null, "type": "yes" }, "geometry": { "type": "Polygon", "coordinates": [ [ [ 80.2064231, 13.1207521 ], [ 80.2065264, 13.120759 ], [ 80.206536, 13.1206232 ], [ 80.2064327, 13.1206163 ], [ 80.2064231, 13.1207521 ] ] ] } },
{ "type": "Feature", "properties": { "osm_id": "way/354471663", "levels": null, "height": null, "name": null, "type": "yes" }, "geometry": { "type": "Polygon", "coordinates": [ [ [ 80.2084175, 13.119704 ], [ 80.2085711, 13.1196992 ], [ 80.2085677, 13.1195994 ], [ 80.2084142, 13.1196043 ], [ 80.2084175, 13.119704 ] ] ] } },
{ "type": "Feature", "properties": { "osm_id": "way/354471669", "levels": null, "height": null, "name": null, "type": "yes" }, "geometry": { "type": "Polygon", "coordinates": [ [ [ 80.2107065, 13.1247245 ], [ 80.2107056, 13.1247873 ], [ 80.2108852, 13.1247898 ], [ 80.2108861, 13.124727 ], [ 80.2107065, 13.1247245 ] ] ] } },
{ "type": "Feature", "properties": { "osm_id": "way/354471671", "levels": null, "height": null, "name": null, "type": "yes" }, "geometry": { "type": "Polygon", "coordinates": [ [ [ 80.2122803, 13.1216096 ], [ 80.2124893, 13.1216162 ], [ 80.2124932, 13.1214972 ], [ 80.2122843, 13.1214906 ], [ 80.2122803, 13.1216096 ] ] ] } },
{ "type": "Feature", "properties": { "osm_id": "way/354471673", "levels": null, "height": null, "name": null, "type": "yes" }, "geometry": { "type": "Polygon", "coordinates": [ [ [ 80.2138346, 13.1213904 ], [ 80.2139265, 13.1213868 ], [ 80.2139218, 13.1212715 ], [ 80.2138298, 13.121275 ], [ 80.2138346, 13.1213904 ] ] ] } },
{ "type": "Feature", "properties": { "osm_id": "way/354471677", "levels": null, "height": null, "name": null, "type": "yes" }, "geometry": { "type": "Polygon", "coordinates": [ [ [ 80.2053784, 13.1199016 ], [ 80.2055008, 13.1199046 ], [ 80.205505, 13.1197371 ], [ 80.2053827, 13.1197342 ], [ 80.2053784, 13.1199016 ] ] ] } },
{ "type": "Feature", "properties": { "osm_id": "way/354471679", "levels": null, "height": null, "name": null, "type": "yes" }, "geometry": { "type": "Polygon", "coordinates": [ [ [ 80.2091482, 13.1193659 ], [ 80.2092408, 13.1193629 ], [ 80.2092365, 13.1192339 ], [ 80.2091439, 13.1192369 ], [ 80.2091482, 13.1193659 ] ] ] } },
{ "type": "Feature", "properties": { "osm_id": "way/354471681", "levels": null, "height": null, "name": null, "type": "yes" }, "geometry": { "type": "Polygon", "coordinates": [ [ [ 80.2112513, 13.1198453 ], [ 80.2113333, 13.1198427 ], [ 80.2113288, 13.1197079 ], [ 80.2112468, 13.1197105 ], [ 80.2112513, 13.1198453 ] ] ] } },
{ "type": "Feature", "properties": { "osm_id": "way/354471682", "levels": null, "height": null, "name": null, "type": "yes" }, "geometry": { "type": "Polygon", "coordinates": [ [ [ 80.209496, 13.1200098 ], [ 80.2095648, 13.1200076 ], [ 80.2095616, 13.1199128 ], [ 80.2094928, 13.119915 ], [ 80.209496, 13.1200098 ] ] ] } },
{ "type": "Feature", "properties": { "osm_id": "way/354471683", "levels": null, "height": null, "name": null, "type": "yes" }, "geometry": { "type": "Polygon", "coordinates": [ [ [ 80.2135188, 13.119036 ], [ 80.2136164, 13.1190354 ], [ 80.2136152, 13.1188701 ], [ 80.2135176, 13.1188708 ], [ 80.2135188, 13.119036 ] ] ] } },
{ "type": "Feature", "properties": { "osm_id": "way/354471684", "levels": null, "height": null, "name": null, "type": "yes" }, "geometry": { "type": "Polygon", "coordinates": [ [ [ 80.212607, 13.1219922 ], [ 80.2127131, 13.1219955 ], [ 80.2127188, 13.1218223 ], [ 80.2126127, 13.1218189 ], [ 80.212607, 13.1219922 ] ] ] } },
{ "type": "Feature", "properties": { "osm_id": "way/354471688", "levels": null, "height": null, "name": null, "type": "yes" }, "geometry": { "type": "Polygon", "coordinates": [ [ [ 80.2119204, 13.1225197 ], [ 80.2119924, 13.1225202 ], [ 80.2119932, 13.1223968 ], [ 80.2119212, 13.1223963 ], [ 80.2119204, 13.1225197 ] ] ] } },
{ "type": "Feature", "properties": { "osm_id": "way/354471690", "levels": null, "height": null, "name": null, "type": "yes" }, "geometry": { "type": "Polygon", "coordinates": [ [ [ 80.2053232, 13.1188306 ], [ 80.205433, 13.1188376 ], [ 80.205442, 13.1187038 ], [ 80.2053322, 13.1186968 ], [ 80.2053232, 13.1188306 ] ] ] } },
{ "type": "Feature", "properties": { "osm_id": "way/354471694", "levels": null, "height": null, "name": null, "type": "yes" }, "geometry": { "type": "Polygon", "coordinates": [ [ [ 80.2133087, 13.1216695 ], [ 80.2134162, 13.1216737 ], [ 80.2134245, 13.1214759 ], [ 80.2133169, 13.1214716 ], [ 80.2133087, 13.1216695 ] ] ] } },
{ "type": "Feature", "properties": { "osm_id": "way/354471697", "levels": null, "height": null, "name": null, "type": "yes" }, "geometry": { "type": "Polygon", "coordinates": [ [ [ 80.2053854, 13.1197254 ], [ 80.2055112, 13.1197296 ], [ 80.2055147, 13.1196273 ], [ 80.2053889, 13.1196231 ], [ 80.2053854, 13.1197254 ] ] ] } },
{ "type": "Feature", "properties": { "osm_id": "way/354471699", "levels": null, "height": null, "name": null, "type": "yes" }, "geometry": { "type": "Polygon", "coordinates": [ [ [ 80.2123295, 13.1246061 ], [ 80.2124006, 13.124608 ], [ 80.2124044, 13.1244732 ], [ 80.2123333, 13.1244713 ], [ 80.2123295, 13.1246061 ] ] ] } },
{ "type": "Feature", "properties": { "osm_id": "way/354471701", "levels": null, "height": null, "name": null, "type": "yes" }, "geometry": { "type": "Polygon", "coordinates": [ [ [ 80.2053455, 13.1205598 ], [ 80.2054386, 13.120566 ], [ 80.2054428, 13.1205075 ], [ 80.2053496, 13.1205013 ], [ 80.2053455, 13.1205598 ] ] ] } },
{ "type": "Feature", "properties": { "osm_id": "way/354471703", "levels": null, "height": null, "name": null, "type": "yes" }, "geometry": { "type": "Polygon", "coordinates": [ [ [ 80.2119902, 13.1238657 ], [ 80.2121485, 13.1238789 ], [ 80.2121565, 13.1237878 ], [ 80.2119982, 13.1237747 ], [ 80.2119902, 13.1238657 ] ] ] } },
{ "type": "Feature", "properties": { "osm_id": "way/354471711", "levels": null, "height": null, "name": null, "type": "yes" }, "geometry": { "type": "Polygon", "coordinates": [ [ [ 80.210503, 13.1236789 ], [ 80.2105809, 13.123699 ], [ 80.2106194, 13.1235576 ], [ 80.2105415, 13.1235375 ], [ 80.210503, 13.1236789 ] ] ] } },
{ "type": "Feature", "properties": { "osm_id": "way/354471715", "levels": null, "height": null, "name": null, "type": "yes" }, "geometry": { "type": "Polygon", "coordinates": [ [ [ 80.2069497, 13.1209459 ], [ 80.2070351, 13.1209469 ], [ 80.2070375, 13.1207537 ], [ 80.2069522, 13.1207527 ], [ 80.2069497, 13.1209459 ] ] ] } },
{ "type": "Feature", "properties": { "osm_id": "way/354471719", "levels": null, "height": null, "name": null, "type": "yes" }, "geometry": { "type": "Polygon", "coordinates": [ [ [ 80.2051264, 13.1195837 ], [ 80.2052362, 13.1195876 ], [ 80.2052403, 13.1194798 ], [ 80.2051305, 13.1194758 ], [ 80.2051264, 13.1195837 ] ] ] } },
{ "type": "Feature", "properties": { "osm_id": "way/354471721", "levels": null, "height": null, "name": null, "type": "yes" }, "geometry": { "type": "Polygon", "coordinates": [ [ [ 80.2115476, 13.1233216 ], [ 80.2116432, 13.12333 ], [ 80.2116586, 13.1231641 ], [ 80.211563, 13.1231557 ], [ 80.2115476, 13.1233216 ] ] ] } },
{ "type": "Feature", "properties": { "osm_id": "way/354471723", "levels": null, "height": null, "name": null, "type": "yes" }, "geometry": { "type": "Polygon", "coordinates": [ [ [ 80.2081934, 13.1205842 ], [ 80.208295, 13.1205854 ], [ 80.2082957, 13.1205263 ], [ 80.2081942, 13.1205251 ], [ 80.2081934, 13.1205842 ] ] ] } },
{ "type": "Feature", "properties": { "osm_id": "way/354471725", "levels": null, "height": null, "name": null, "type": "yes" }, "geometry": { "type": "Polygon", "coordinates": [ [ [ 80.2053898, 13.1209831 ], [ 80.2054694, 13.1209963 ], [ 80.2054912, 13.120872 ], [ 80.2054115, 13.1208587 ], [ 80.2053898, 13.1209831 ] ] ] } },
{ "type": "Feature", "properties": { "osm_id": "way/354471731", "levels": null, "height": null, "name": null, "type": "yes" }, "geometry": { "type": "Polygon", "coordinates": [ [ [ 80.2126987, 13.1222358 ], [ 80.212801, 13.1222364 ], [ 80.2128019, 13.1221107 ], [ 80.2127729, 13.1221105 ], [ 80.2127726, 13.1221603 ], [ 80.2126992, 13.1221599 ], [ 80.2126987, 13.1222358 ] ] ] } },
{ "type": "Feature", "properties": { "osm_id": "way/354473525", "levels": null, "height": null, "name": null, "type": "yes" }, "geometry": { "type": "Polygon", "coordinates": [ [ [ 80.205029, 13.1298548 ], [ 80.2052101, 13.1298172 ], [ 80.2051818, 13.1296875 ], [ 80.2050006, 13.129725 ], [ 80.205029, 13.1298548 ] ] ] } },
{ "type": "Feature", "properties": { "osm_id": "way/354473591", "levels": null, "height": null, "name": null, "type": "yes" }, "geometry": { "type": "Polygon", "coordinates": [ [ [ 80.2050123, 13.1292711 ], [ 80.2050963, 13.129256 ], [ 80.2050702, 13.1291179 ], [ 80.2049862, 13.129133 ], [ 80.2050123, 13.1292711 ] ] ] } },
{ "type": "Feature", "properties": { "osm_id": "way/354483532", "levels": null, "height": null, "name": null, "type": "yes" }, "geometry": { "type": "Polygon", "coordinates": [ [ [ 80.2057478, 13.1218141 ], [ 80.2058305, 13.1218164 ], [ 80.2058346, 13.1216787 ], [ 80.2057519, 13.1216764 ], [ 80.2057478, 13.1218141 ] ] ] } },
{ "type": "Feature", "properties": { "osm_id": "way/354483554", "levels": null, "height": null, "name": null, "type": "yes" }, "geometry": { "type": "Polygon", "coordinates": [ [ [ 80.2059279, 13.1218095 ], [ 80.2060118, 13.1218119 ], [ 80.2060156, 13.1216851 ], [ 80.2059316, 13.1216827 ], [ 80.2059279, 13.1218095 ] ] ] } },
{ "type": "Feature", "properties": { "osm_id": "way/354495253", "levels": null, "height": null, "name": null, "type": "yes" }, "geometry": { "type": "Polygon", "coordinates": [ [ [ 80.2145776, 13.1212427 ], [ 80.2146908, 13.1212445 ], [ 80.2146924, 13.1211464 ], [ 80.2145793, 13.1211446 ], [ 80.2145776, 13.1212427 ] ] ] } },
{ "type": "Feature", "properties": { "osm_id": "way/354495255", "levels": null, "height": null, "name": null, "type": "yes" }, "geometry": { "type": "Polygon", "coordinates": [ [ [ 80.2144448, 13.120947 ], [ 80.2145302, 13.1209484 ], [ 80.2145325, 13.1208104 ], [ 80.2144471, 13.120809 ], [ 80.2144448, 13.120947 ] ] ] } },
{ "type": "Feature", "properties": { "osm_id": "way/354495256", "levels": null, "height": null, "name": null, "type": "yes" }, "geometry": { "type": "Polygon", "coordinates": [ [ [ 80.2113574, 13.11928 ], [ 80.2114472, 13.1192815 ], [ 80.2114498, 13.1191284 ], [ 80.21136, 13.119127 ], [ 80.2113574, 13.11928 ] ] ] } },
{ "type": "Feature", "properties": { "osm_id": "way/354495260", "levels": null, "height": null, "name": null, "type": "yes" }, "geometry": { "type": "Polygon", "coordinates": [ [ [ 80.2174051, 13.1234166 ], [ 80.2174825, 13.1234182 ], [ 80.2174865, 13.1232267 ], [ 80.2174091, 13.1232252 ], [ 80.2174051, 13.1234166 ] ] ] } },
{ "type": "Feature", "properties": { "osm_id": "way/354495261", "levels": null, "height": null, "name": null, "type": "yes" }, "geometry": { "type": "Polygon", "coordinates": [ [ [ 80.2179576, 13.1234486 ], [ 80.2180437, 13.1234503 ], [ 80.218048, 13.1232417 ], [ 80.2179619, 13.12324 ], [ 80.2179576, 13.1234486 ] ] ] } },
{ "type": "Feature", "properties": { "osm_id": "way/354495271", "levels": null, "height": null, "name": null, "type": "yes" }, "geometry": { "type": "Polygon", "coordinates": [ [ [ 80.2143239, 13.1209481 ], [ 80.21444, 13.12095 ], [ 80.2144423, 13.1208091 ], [ 80.2143262, 13.1208073 ], [ 80.2143239, 13.1209481 ] ] ] } },
{ "type": "Feature", "properties": { "osm_id": "way/354495277", "levels": null, "height": null, "name": null, "type": "yes" }, "geometry": { "type": "Polygon", "coordinates": [ [ [ 80.2135805, 13.1209044 ], [ 80.2136855, 13.120906 ], [ 80.2136886, 13.1207193 ], [ 80.2135836, 13.1207177 ], [ 80.2135805, 13.1209044 ] ] ] } },
{ "type": "Feature", "properties": { "osm_id": "way/354495281", "levels": null, "height": null, "name": null, "type": "yes" }, "geometry": { "type": "Polygon", "coordinates": [ [ [ 80.2179446, 13.1230361 ], [ 80.2180347, 13.1230379 ], [ 80.2180383, 13.1228665 ], [ 80.2179481, 13.1228647 ], [ 80.2179446, 13.1230361 ] ] ] } },
{ "type": "Feature", "properties": { "osm_id": "way/354495285", "levels": null, "height": null, "name": null, "type": "yes" }, "geometry": { "type": "Polygon", "coordinates": [ [ [ 80.212157, 13.126119 ], [ 80.2122038, 13.1261216 ], [ 80.2122089, 13.1260362 ], [ 80.2121621, 13.1260336 ], [ 80.212157, 13.126119 ] ] ] } },
{ "type": "Feature", "properties": { "osm_id": "way/354495304", "levels": null, "height": null, "name": null, "type": "yes" }, "geometry": { "type": "Polygon", "coordinates": [ [ [ 80.2093032, 13.1249976 ], [ 80.2093955, 13.1249926 ], [ 80.2093863, 13.1248323 ], [ 80.209294, 13.1248373 ], [ 80.2093032, 13.1249976 ] ] ] } },
{ "type": "Feature", "properties": { "osm_id": "way/354495308", "levels": null, "height": null, "name": null, "type": "yes" }, "geometry": { "type": "Polygon", "coordinates": [ [ [ 80.2078047, 13.1222133 ], [ 80.2079788, 13.1222106 ], [ 80.2079772, 13.1221188 ], [ 80.2078031, 13.1221216 ], [ 80.2078047, 13.1222133 ] ] ] } },
{ "type": "Feature", "properties": { "osm_id": "way/354495309", "levels": null, "height": null, "name": null, "type": "yes" }, "geometry": { "type": "Polygon", "coordinates": [ [ [ 80.2123464, 13.126139 ], [ 80.2123929, 13.1261426 ], [ 80.2123999, 13.1260586 ], [ 80.2123534, 13.1260549 ], [ 80.2123464, 13.126139 ] ] ] } },
{ "type": "Feature", "properties": { "osm_id": "way/354495320", "levels": null, "height": null, "name": null, "type": "yes" }, "geometry": { "type": "Polygon", "coordinates": [ [ [ 80.2091988, 13.1250013 ], [ 80.2092935, 13.1249961 ], [ 80.2092841, 13.1248335 ], [ 80.2091894, 13.1248386 ], [ 80.2091988, 13.1250013 ] ] ] } },
{ "type": "Feature", "properties": { "osm_id": "way/354495322", "levels": null, "height": null, "name": null, "type": "yes" }, "geometry": { "type": "Polygon", "coordinates": [ [ [ 80.2095243, 13.1250049 ], [ 80.2096254, 13.1249994 ], [ 80.2096167, 13.1248477 ], [ 80.2095156, 13.1248532 ], [ 80.2095243, 13.1250049 ] ] ] } },
{ "type": "Feature", "properties": { "osm_id": "way/354495324", "levels": null, "height": null, "name": null, "type": "yes" }, "geometry": { "type": "Polygon", "coordinates": [ [ [ 80.2074793, 13.1222066 ], [ 80.2075952, 13.1222047 ], [ 80.2075935, 13.1221054 ], [ 80.2074776, 13.1221072 ], [ 80.2074793, 13.1222066 ] ] ] } },
{ "type": "Feature", "properties": { "osm_id": "way/354495327", "levels": null, "height": null, "name": null, "type": "yes" }, "geometry": { "type": "Polygon", "coordinates": [ [ [ 80.2168161, 13.1269207 ], [ 80.2169393, 13.1269161 ], [ 80.216936, 13.126833 ], [ 80.2168129, 13.1268376 ], [ 80.2168161, 13.1269207 ] ] ] } },
{ "type": "Feature", "properties": { "osm_id": "way/354495330", "levels": null, "height": null, "name": null, "type": "yes" }, "geometry": { "type": "Polygon", "coordinates": [ [ [ 80.2089283, 13.1245558 ], [ 80.209035, 13.1245542 ], [ 80.2090325, 13.1244029 ], [ 80.2089257, 13.1244046 ], [ 80.2089283, 13.1245558 ] ] ] } },
{ "type": "Feature", "properties": { "osm_id": "way/354495337", "levels": null, "height": null, "name": null, "type": "yes" }, "geometry": { "type": "Polygon", "coordinates": [ [ [ 80.206906, 13.1232894 ], [ 80.2070062, 13.1232878 ], [ 80.2070034, 13.1231198 ], [ 80.2069032, 13.1231213 ], [ 80.206906, 13.1232894 ] ] ] } },
{ "type": "Feature", "properties": { "osm_id": "way/354495341", "levels": null, "height": null, "name": null, "type": "yes" }, "geometry": { "type": "Polygon", "coordinates": [ [ [ 80.2153157, 13.1235676 ], [ 80.2154649, 13.123577 ], [ 80.2154701, 13.1234973 ], [ 80.215321, 13.1234879 ], [ 80.2153157, 13.1235676 ] ] ] } },
{ "type": "Feature", "properties": { "osm_id": "way/354495350", "levels": null, "height": null, "name": null, "type": "yes" }, "geometry": { "type": "Polygon", "coordinates": [ [ [ 80.2165513, 13.1261757 ], [ 80.2166725, 13.1261712 ], [ 80.2166687, 13.1260748 ], [ 80.2165475, 13.1260793 ], [ 80.2165513, 13.1261757 ] ] ] } },
{ "type": "Feature", "properties": { "osm_id": "way/354495358", "levels": null, "height": null, "name": null, "type": "yes" }, "geometry": { "type": "Polygon", "coordinates": [ [ [ 80.2083304, 13.1279904 ], [ 80.2084689, 13.1279975 ], [ 80.2084716, 13.1279471 ], [ 80.2083331, 13.1279401 ], [ 80.2083304, 13.1279904 ] ] ] } },
{ "type": "Feature", "properties": { "osm_id": "way/354495360", "levels": null, "height": null, "name": null, "type": "yes" }, "geometry": { "type": "Polygon", "coordinates": [ [ [ 80.2071742, 13.1240061 ], [ 80.207281, 13.1240044 ], [ 80.2072787, 13.1238643 ], [ 80.2071718, 13.123866 ], [ 80.2071742, 13.1240061 ] ] ] } },
{ "type": "Feature", "properties": { "osm_id": "way/354495363", "levels": null, "height": null, "name": null, "type": "yes" }, "geometry": { "type": "Polygon", "coordinates": [ [ [ 80.2078494, 13.1253448 ], [ 80.207931, 13.125352 ], [ 80.2079427, 13.1252271 ], [ 80.207861, 13.1252199 ], [ 80.2078494, 13.1253448 ] ] ] } },
{ "type": "Feature", "properties": { "osm_id": "way/354495367", "levels": null, "height": null, "name": null, "type": "yes" }, "geometry": { "type": "Polygon", "coordinates": [ [ [ 80.2084652, 13.1258271 ], [ 80.2085445, 13.1258329 ], [ 80.2085516, 13.125741 ], [ 80.2084722, 13.1257352 ], [ 80.2084652, 13.1258271 ] ] ] } },
{ "type": "Feature", "properties": { "osm_id": "way/354495373", "levels": null, "height": null, "name": null, "type": "yes" }, "geometry": { "type": "Polygon", "coordinates": [ [ [ 80.2156922, 13.1241311 ], [ 80.2156948, 13.1239133 ], [ 80.2155729, 13.1239119 ], [ 80.2155703, 13.1241297 ], [ 80.2156922, 13.1241311 ] ] ] } },
{ "type": "Feature", "properties": { "osm_id": "way/354495386", "levels": null, "height": null, "name": null, "type": "yes" }, "geometry": { "type": "Polygon", "coordinates": [ [ [ 80.2170481, 13.1280869 ], [ 80.2170533, 13.1281774 ], [ 80.2172053, 13.1281692 ], [ 80.2172002, 13.1280787 ], [ 80.2170481, 13.1280869 ] ] ] } },
{ "type": "Feature", "properties": { "osm_id": "way/354495393", "levels": null, "height": null, "name": null, "type": "yes" }, "geometry": { "type": "Polygon", "coordinates": [ [ [ 80.2086716, 13.1258194 ], [ 80.2087527, 13.1258253 ], [ 80.2087581, 13.1257551 ], [ 80.208677, 13.1257492 ], [ 80.2086716, 13.1258194 ] ] ] } },
{ "type": "Feature", "properties": { "osm_id": "way/354495397", "levels": null, "height": null, "name": null, "type": "yes" }, "geometry": { "type": "Polygon", "coordinates": [ [ [ 80.2164916, 13.1277031 ], [ 80.2165988, 13.1278301 ], [ 80.2166766, 13.1277678 ], [ 80.2165695, 13.1276408 ], [ 80.2164916, 13.1277031 ] ] ] } },
{ "type": "Feature", "properties": { "osm_id": "way/354495401", "levels": null, "height": null, "name": null, "type": "yes" }, "geometry": { "type": "Polygon", "coordinates": [ [ [ 80.2115754, 13.1180601 ], [ 80.2116577, 13.1180616 ], [ 80.2116597, 13.1179608 ], [ 80.2115774, 13.1179592 ], [ 80.2115754, 13.1180601 ] ] ] } },
{ "type": "Feature", "properties": { "osm_id": "way/354495403", "levels": null, "height": null, "name": null, "type": "yes" }, "geometry": { "type": "Polygon", "coordinates": [ [ [ 80.2161971, 13.1264281 ], [ 80.2162639, 13.1264251 ], [ 80.2162546, 13.126233 ], [ 80.2161879, 13.126236 ], [ 80.2161971, 13.1264281 ] ] ] } },
{ "type": "Feature", "properties": { "osm_id": "way/354495405", "levels": null, "height": null, "name": null, "type": "yes" }, "geometry": { "type": "Polygon", "coordinates": [ [ [ 80.2116958, 13.1189872 ], [ 80.2117899, 13.1189887 ], [ 80.2117919, 13.1188673 ], [ 80.2116979, 13.1188658 ], [ 80.2116958, 13.1189872 ] ] ] } },
{ "type": "Feature", "properties": { "osm_id": "way/354495421", "levels": null, "height": null, "name": null, "type": "yes" }, "geometry": { "type": "Polygon", "coordinates": [ [ [ 80.2152006, 13.1206808 ], [ 80.215299, 13.1206824 ], [ 80.2153022, 13.1204868 ], [ 80.2152039, 13.1204852 ], [ 80.2152006, 13.1206808 ] ] ] } },
{ "type": "Feature", "properties": { "osm_id": "way/354495427", "levels": null, "height": null, "name": null, "type": "yes" }, "geometry": { "type": "Polygon", "coordinates": [ [ [ 80.2160793, 13.1280321 ], [ 80.2161403, 13.1280311 ], [ 80.2161387, 13.127928 ], [ 80.2160777, 13.1279289 ], [ 80.2160793, 13.1280321 ] ] ] } },
{ "type": "Feature", "properties": { "osm_id": "way/354495431", "levels": null, "height": null, "name": null, "type": "yes" }, "geometry": { "type": "Polygon", "coordinates": [ [ [ 80.2115923, 13.1189945 ], [ 80.2116791, 13.1189959 ], [ 80.2116818, 13.1188328 ], [ 80.211595, 13.1188314 ], [ 80.2115923, 13.1189945 ] ] ] } },
{ "type": "Feature", "properties": { "osm_id": "way/354495441", "levels": null, "height": null, "name": null, "type": "yes" }, "geometry": { "type": "Polygon", "coordinates": [ [ [ 80.2106568, 13.1257905 ], [ 80.2107581, 13.1257867 ], [ 80.2107548, 13.1257036 ], [ 80.2106535, 13.1257074 ], [ 80.2106568, 13.1257905 ] ] ] } },
{ "type": "Feature", "properties": { "osm_id": "way/354495452", "levels": null, "height": null, "name": null, "type": "yes" }, "geometry": { "type": "Polygon", "coordinates": [ [ [ 80.2121399, 13.1189854 ], [ 80.2122165, 13.1189866 ], [ 80.2122192, 13.1188237 ], [ 80.2121426, 13.1188225 ], [ 80.2121399, 13.1189854 ] ] ] } },
{ "type": "Feature", "properties": { "osm_id": "way/354495467", "levels": null, "height": null, "name": null, "type": "yes" }, "geometry": { "type": "Polygon", "coordinates": [ [ [ 80.211457, 13.1256298 ], [ 80.2115111, 13.1256309 ], [ 80.2115131, 13.1255423 ], [ 80.211459, 13.1255411 ], [ 80.211457, 13.1256298 ] ] ] } },
{ "type": "Feature", "properties": { "osm_id": "way/354495475", "levels": null, "height": null, "name": null, "type": "yes" }, "geometry": { "type": "Polygon", "coordinates": [ [ [ 80.212027, 13.1189881 ], [ 80.2121288, 13.1189898 ], [ 80.2121315, 13.1188246 ], [ 80.2120298, 13.118823 ], [ 80.212027, 13.1189881 ] ] ] } },
{ "type": "Feature", "properties": { "osm_id": "way/354495486", "levels": null, "height": null, "name": null, "type": "yes" }, "geometry": { "type": "Polygon", "coordinates": [ [ [ 80.2094161, 13.1250022 ], [ 80.2095063, 13.1249973 ], [ 80.2094973, 13.1248396 ], [ 80.2094071, 13.1248445 ], [ 80.2094161, 13.1250022 ] ] ] } },
{ "type": "Feature", "properties": { "osm_id": "way/354495490", "levels": null, "height": null, "name": null, "type": "yes" }, "geometry": { "type": "Polygon", "coordinates": [ [ [ 80.2093984, 13.1248223 ], [ 80.209499, 13.1248168 ], [ 80.2094898, 13.1246569 ], [ 80.2093892, 13.1246624 ], [ 80.2093984, 13.1248223 ] ] ] } },
{ "type": "Feature", "properties": { "osm_id": "way/354495495", "levels": null, "height": null, "name": null, "type": "yes" }, "geometry": { "type": "Polygon", "coordinates": [ [ [ 80.2069325, 13.1240242 ], [ 80.2070415, 13.1240225 ], [ 80.2070389, 13.123868 ], [ 80.20693, 13.1238697 ], [ 80.2069325, 13.1240242 ] ] ] } },
{ "type": "Feature", "properties": { "osm_id": "way/354495498", "levels": null, "height": null, "name": null, "type": "yes" }, "geometry": { "type": "Polygon", "coordinates": [ [ [ 80.2167994, 13.1270919 ], [ 80.2169282, 13.1270871 ], [ 80.2169248, 13.1270015 ], [ 80.216796, 13.1270063 ], [ 80.2167994, 13.1270919 ] ] ] } },
{ "type": "Feature", "properties": { "osm_id": "way/354495509", "levels": null, "height": null, "name": null, "type": "yes" }, "geometry": { "type": "Polygon", "coordinates": [ [ [ 80.2092132, 13.1242038 ], [ 80.2092704, 13.1242081 ], [ 80.2092832, 13.1240483 ], [ 80.209226, 13.124044 ], [ 80.2092132, 13.1242038 ] ] ] } },
{ "type": "Feature", "properties": { "osm_id": "way/354495514", "levels": null, "height": null, "name": null, "type": "yes" }, "geometry": { "type": "Polygon", "coordinates": [ [ [ 80.2072759, 13.1232786 ], [ 80.2073988, 13.1232802 ], [ 80.2073986, 13.1232902 ], [ 80.2074292, 13.1232906 ], [ 80.2074293, 13.1232802 ], [ 80.2074639, 13.1232806 ], [ 80.2074637, 13.1232931 ], [ 80.2074982, 13.1232936 ], [ 80.2074984, 13.1232802 ], [ 80.2075396, 13.1232808 ], [ 80.2075417, 13.1231314 ], [ 80.207278, 13.123128 ], [ 80.2072759, 13.1232786 ] ] ] } },
{ "type": "Feature", "properties": { "osm_id": "way/354495518", "levels": null, "height": null, "name": null, "type": "yes" }, "geometry": { "type": "Polygon", "coordinates": [ [ [ 80.2096447, 13.1248923 ], [ 80.2097879, 13.1248845 ], [ 80.2097828, 13.124795 ], [ 80.2096396, 13.1248028 ], [ 80.2096447, 13.1248923 ] ] ] } },
{ "type": "Feature", "properties": { "osm_id": "way/354495519", "levels": null, "height": null, "name": null, "type": "yes" }, "geometry": { "type": "Polygon", "coordinates": [ [ [ 80.2166117, 13.124768 ], [ 80.2167146, 13.1247642 ], [ 80.2167113, 13.12468 ], [ 80.2166084, 13.1246838 ], [ 80.2166117, 13.124768 ] ] ] } },
{ "type": "Feature", "properties": { "osm_id": "way/354495521", "levels": null, "height": null, "name": null, "type": "yes" }, "geometry": { "type": "Polygon", "coordinates": [ [ [ 80.2168194, 13.1270006 ], [ 80.2169263, 13.1269967 ], [ 80.2169234, 13.1269239 ], [ 80.2168166, 13.1269278 ], [ 80.2168194, 13.1270006 ] ] ] } },
{ "type": "Feature", "properties": { "osm_id": "way/354495531", "levels": null, "height": null, "name": null, "type": "yes" }, "geometry": { "type": "Polygon", "coordinates": [ [ [ 80.208653, 13.1262686 ], [ 80.2087204, 13.1262808 ], [ 80.2087363, 13.1261981 ], [ 80.2086689, 13.1261859 ], [ 80.208653, 13.1262686 ] ] ] } },
{ "type": "Feature", "properties": { "osm_id": "way/354495533", "levels": null, "height": null, "name": null, "type": "yes" }, "geometry": { "type": "Polygon", "coordinates": [ [ [ 80.2091539, 13.1245854 ], [ 80.2092485, 13.1245925 ], [ 80.2092617, 13.1244268 ], [ 80.2091671, 13.1244196 ], [ 80.2091539, 13.1245854 ] ] ] } },
{ "type": "Feature", "properties": { "osm_id": "way/354495537", "levels": null, "height": null, "name": null, "type": "yes" }, "geometry": { "type": "Polygon", "coordinates": [ [ [ 80.2071399, 13.1232777 ], [ 80.2072327, 13.1232766 ], [ 80.2072309, 13.1231281 ], [ 80.2071381, 13.1231291 ], [ 80.2071399, 13.1232777 ] ] ] } },
{ "type": "Feature", "properties": { "osm_id": "way/354495547", "levels": null, "height": null, "name": null, "type": "yes" }, "geometry": { "type": "Polygon", "coordinates": [ [ [ 80.2080601, 13.1259877 ], [ 80.2081338, 13.125989 ], [ 80.2081365, 13.1258496 ], [ 80.2080628, 13.1258483 ], [ 80.2080601, 13.1259877 ] ] ] } },
{ "type": "Feature", "properties": { "osm_id": "way/354495550", "levels": null, "height": null, "name": null, "type": "yes" }, "geometry": { "type": "Polygon", "coordinates": [ [ [ 80.2178656, 13.1280767 ], [ 80.2180588, 13.1280639 ], [ 80.2180531, 13.1279826 ], [ 80.2178599, 13.1279954 ], [ 80.2178656, 13.1280767 ] ] ] } },
{ "type": "Feature", "properties": { "osm_id": "way/354495555", "levels": null, "height": null, "name": null, "type": "yes" }, "geometry": { "type": "Polygon", "coordinates": [ [ [ 80.2163226, 13.1247433 ], [ 80.2164783, 13.1247376 ], [ 80.2164746, 13.1246433 ], [ 80.2163189, 13.1246491 ], [ 80.2163226, 13.1247433 ] ] ] } },
{ "type": "Feature", "properties": { "osm_id": "way/354495558", "levels": null, "height": null, "name": null, "type": "yes" }, "geometry": { "type": "Polygon", "coordinates": [ [ [ 80.2165225, 13.1254466 ], [ 80.2166655, 13.1254413 ], [ 80.216663, 13.1253778 ], [ 80.21652, 13.1253831 ], [ 80.2165225, 13.1254466 ] ] ] } },
{ "type": "Feature", "properties": { "osm_id": "way/354495573", "levels": null, "height": null, "name": null, "type": "yes" }, "geometry": { "type": "Polygon", "coordinates": [ [ [ 80.2083363, 13.1280663 ], [ 80.208466, 13.1280729 ], [ 80.2084696, 13.1280059 ], [ 80.2083399, 13.1279993 ], [ 80.2083363, 13.1280663 ] ] ] } },
{ "type": "Feature", "properties": { "osm_id": "way/354495608", "levels": null, "height": null, "name": null, "type": "yes" }, "geometry": { "type": "Polygon", "coordinates": [ [ [ 80.2083533, 13.125878 ], [ 80.2084358, 13.1258784 ], [ 80.2084364, 13.125766 ], [ 80.208354, 13.1257656 ], [ 80.2083533, 13.125878 ] ] ] } },
{ "type": "Feature", "properties": { "osm_id": "way/354495615", "levels": null, "height": null, "name": null, "type": "yes" }, "geometry": { "type": "Polygon", "coordinates": [ [ [ 80.2156271, 13.1280872 ], [ 80.2156879, 13.1280863 ], [ 80.2156859, 13.1279554 ], [ 80.215625, 13.1279564 ], [ 80.2156271, 13.1280872 ] ] ] } },
{ "type": "Feature", "properties": { "osm_id": "way/354495621", "levels": null, "height": null, "name": null, "type": "yes" }, "geometry": { "type": "Polygon", "coordinates": [ [ [ 80.2165357, 13.1253637 ], [ 80.2166775, 13.1253584 ], [ 80.2166735, 13.1252577 ], [ 80.2165317, 13.125263 ], [ 80.2165357, 13.1253637 ] ] ] } },
{ "type": "Feature", "properties": { "osm_id": "way/354495632", "levels": null, "height": null, "name": null, "type": "yes" }, "geometry": { "type": "Polygon", "coordinates": [ [ [ 80.2159253, 13.1247508 ], [ 80.2159919, 13.1247491 ], [ 80.2159892, 13.1246489 ], [ 80.2159226, 13.1246506 ], [ 80.2159253, 13.1247508 ] ] ] } },
{ "type": "Feature", "properties": { "osm_id": "way/354495638", "levels": null, "height": null, "name": null, "type": "yes" }, "geometry": { "type": "Polygon", "coordinates": [ [ [ 80.21192, 13.1190167 ], [ 80.2120089, 13.1190181 ], [ 80.2120114, 13.1188667 ], [ 80.2119225, 13.1188653 ], [ 80.21192, 13.1190167 ] ] ] } },
{ "type": "Feature", "properties": { "osm_id": "way/354495651", "levels": null, "height": null, "name": null, "type": "yes" }, "geometry": { "type": "Polygon", "coordinates": [ [ [ 80.2112923, 13.1274893 ], [ 80.2113608, 13.1275082 ], [ 80.2113894, 13.1274102 ], [ 80.2113209, 13.1273913 ], [ 80.2112923, 13.1274893 ] ] ] } },
{ "type": "Feature", "properties": { "osm_id": "way/354495661", "levels": null, "height": null, "name": null, "type": "yes" }, "geometry": { "type": "Polygon", "coordinates": [ [ [ 80.2143332, 13.1211401 ], [ 80.2145049, 13.1211428 ], [ 80.2145065, 13.1210488 ], [ 80.2143348, 13.121046 ], [ 80.2143332, 13.1211401 ] ] ] } },
{ "type": "Feature", "properties": { "osm_id": "way/354495669", "levels": null, "height": null, "name": null, "type": "yes" }, "geometry": { "type": "Polygon", "coordinates": [ [ [ 80.2074977, 13.1260042 ], [ 80.2075839, 13.1260179 ], [ 80.2076017, 13.1259112 ], [ 80.2075155, 13.1258976 ], [ 80.2074977, 13.1260042 ] ] ] } },
{ "type": "Feature", "properties": { "osm_id": "way/354495671", "levels": null, "height": null, "name": null, "type": "yes" }, "geometry": { "type": "Polygon", "coordinates": [ [ [ 80.2157913, 13.1277619 ], [ 80.2157885, 13.1275866 ], [ 80.2156966, 13.127588 ], [ 80.2156994, 13.1277633 ], [ 80.2157913, 13.1277619 ] ] ] } },
{ "type": "Feature", "properties": { "osm_id": "way/354495674", "levels": null, "height": null, "name": null, "type": "yes" }, "geometry": { "type": "Polygon", "coordinates": [ [ [ 80.2106693, 13.1182174 ], [ 80.2107506, 13.1182188 ], [ 80.2107534, 13.1180671 ], [ 80.2106721, 13.1180657 ], [ 80.2106693, 13.1182174 ] ] ] } },
{ "type": "Feature", "properties": { "osm_id": "way/354495679", "levels": null, "height": null, "name": null, "type": "yes" }, "geometry": { "type": "Polygon", "coordinates": [ [ [ 80.2159366, 13.1263073 ], [ 80.2160956, 13.1263125 ], [ 80.216098, 13.1262405 ], [ 80.2159391, 13.1262354 ], [ 80.2159366, 13.1263073 ] ] ] } },
{ "type": "Feature", "properties": { "osm_id": "way/354495686", "levels": null, "height": null, "name": null, "type": "yes" }, "geometry": { "type": "Polygon", "coordinates": [ [ [ 80.2118062, 13.119003 ], [ 80.211898, 13.1190045 ], [ 80.2119004, 13.1188622 ], [ 80.2118085, 13.1188607 ], [ 80.2118062, 13.119003 ] ] ] } },
{ "type": "Feature", "properties": { "osm_id": "way/354495694", "levels": null, "height": null, "name": null, "type": "yes" }, "geometry": { "type": "Polygon", "coordinates": [ [ [ 80.2109934, 13.1266526 ], [ 80.2110854, 13.1266564 ], [ 80.2110873, 13.1266136 ], [ 80.2109953, 13.1266098 ], [ 80.2109934, 13.1266526 ] ] ] } },
{ "type": "Feature", "properties": { "osm_id": "way/354495706", "levels": null, "height": null, "name": null, "type": "yes" }, "geometry": { "type": "Polygon", "coordinates": [ [ [ 80.2119134, 13.1188513 ], [ 80.2120209, 13.118853 ], [ 80.2120235, 13.1186968 ], [ 80.2119161, 13.1186951 ], [ 80.2119134, 13.1188513 ] ] ] } },
{ "type": "Feature", "properties": { "osm_id": "way/354495722", "levels": null, "height": null, "name": null, "type": "yes" }, "geometry": { "type": "Polygon", "coordinates": [ [ [ 80.2111822, 13.1262358 ], [ 80.2113046, 13.1262314 ], [ 80.2113019, 13.1261608 ], [ 80.2111796, 13.1261651 ], [ 80.2111822, 13.1262358 ] ] ] } },
{ "type": "Feature", "properties": { "osm_id": "way/354495727", "levels": null, "height": null, "name": null, "type": "yes" }, "geometry": { "type": "Polygon", "coordinates": [ [ [ 80.2112588, 13.1277615 ], [ 80.2113606, 13.1277897 ], [ 80.2113825, 13.1277147 ], [ 80.2112807, 13.1276865 ], [ 80.2112588, 13.1277615 ] ] ] } },
{ "type": "Feature", "properties": { "osm_id": "way/354495734", "levels": null, "height": null, "name": null, "type": "yes" }, "geometry": { "type": "Polygon", "coordinates": [ [ [ 80.2118034, 13.118844 ], [ 80.2119007, 13.1188456 ], [ 80.2119032, 13.1186968 ], [ 80.2118059, 13.1186953 ], [ 80.2118034, 13.118844 ] ] ] } },
{ "type": "Feature", "properties": { "osm_id": "way/354495746", "levels": null, "height": null, "name": null, "type": "yes" }, "geometry": { "type": "Polygon", "coordinates": [ [ [ 80.2101745, 13.1248183 ], [ 80.2102959, 13.1248161 ], [ 80.2102946, 13.1247436 ], [ 80.2101731, 13.1247458 ], [ 80.2101745, 13.1248183 ] ] ] } },
{ "type": "Feature", "properties": { "osm_id": "way/354495753", "levels": null, "height": null, "name": null, "type": "yes" }, "geometry": { "type": "Polygon", "coordinates": [ [ [ 80.2113489, 13.1278667 ], [ 80.2114007, 13.1278789 ], [ 80.2114385, 13.1277272 ], [ 80.2113867, 13.127715 ], [ 80.2113489, 13.1278667 ] ] ] } },
{ "type": "Feature", "properties": { "osm_id": "way/354495758", "levels": null, "height": null, "name": null, "type": "yes" }, "geometry": { "type": "Polygon", "coordinates": [ [ [ 80.2161132, 13.1270649 ], [ 80.2162034, 13.1270616 ], [ 80.216197, 13.1268979 ], [ 80.2161068, 13.1269012 ], [ 80.2161132, 13.1270649 ] ] ] } },
{ "type": "Feature", "properties": { "osm_id": "way/354495770", "levels": null, "height": null, "name": null, "type": "yes" }, "geometry": { "type": "Polygon", "coordinates": [ [ [ 80.2099439, 13.1240735 ], [ 80.2100485, 13.1240814 ], [ 80.2100619, 13.1239129 ], [ 80.2099573, 13.123905 ], [ 80.2099439, 13.1240735 ] ] ] } },
{ "type": "Feature", "properties": { "osm_id": "way/354495775", "levels": null, "height": null, "name": null, "type": "yes" }, "geometry": { "type": "Polygon", "coordinates": [ [ [ 80.2076349, 13.1231197 ], [ 80.2077389, 13.1231243 ], [ 80.207746, 13.1229719 ], [ 80.2076419, 13.1229674 ], [ 80.2076349, 13.1231197 ] ] ] } },
{ "type": "Feature", "properties": { "osm_id": "way/354495780", "levels": null, "height": null, "name": null, "type": "yes" }, "geometry": { "type": "Polygon", "coordinates": [ [ [ 80.2092697, 13.1248105 ], [ 80.2093818, 13.1248044 ], [ 80.2093732, 13.1246551 ], [ 80.2092611, 13.1246612 ], [ 80.2092697, 13.1248105 ] ] ] } },
{ "type": "Feature", "properties": { "osm_id": "way/354495782", "levels": null, "height": null, "name": null, "type": "yes" }, "geometry": { "type": "Polygon", "coordinates": [ [ [ 80.2172383, 13.1272477 ], [ 80.217325, 13.1272445 ], [ 80.2173201, 13.1271192 ], [ 80.2172334, 13.1271224 ], [ 80.2172383, 13.1272477 ] ] ] } },
{ "type": "Feature", "properties": { "osm_id": "way/354495796", "levels": null, "height": null, "name": null, "type": "yes" }, "geometry": { "type": "Polygon", "coordinates": [ [ [ 80.2080334, 13.1248282 ], [ 80.208093, 13.1248523 ], [ 80.2081406, 13.1247409 ], [ 80.2080809, 13.1247168 ], [ 80.2080334, 13.1248282 ] ] ] } },
{ "type": "Feature", "properties": { "osm_id": "way/354495797", "levels": null, "height": null, "name": null, "type": "yes" }, "geometry": { "type": "Polygon", "coordinates": [ [ [ 80.209804, 13.124051 ], [ 80.2099217, 13.1240599 ], [ 80.2099346, 13.1238974 ], [ 80.2098169, 13.1238885 ], [ 80.209804, 13.124051 ] ] ] } },
{ "type": "Feature", "properties": { "osm_id": "way/354495800", "levels": null, "height": null, "name": null, "type": "yes" }, "geometry": { "type": "Polygon", "coordinates": [ [ [ 80.207538, 13.1231104 ], [ 80.2076173, 13.1231115 ], [ 80.2076195, 13.1229712 ], [ 80.2075402, 13.12297 ], [ 80.207538, 13.1231104 ] ] ] } },
{ "type": "Feature", "properties": { "osm_id": "way/354495810", "levels": null, "height": null, "name": null, "type": "yes" }, "geometry": { "type": "Polygon", "coordinates": [ [ [ 80.2165409, 13.1256875 ], [ 80.2166655, 13.1256829 ], [ 80.216663, 13.1256181 ], [ 80.2165384, 13.1256227 ], [ 80.2165409, 13.1256875 ] ] ] } },
{ "type": "Feature", "properties": { "osm_id": "way/354495831", "levels": null, "height": null, "name": null, "type": "yes" }, "geometry": { "type": "Polygon", "coordinates": [ [ [ 80.2083161, 13.1255599 ], [ 80.2083851, 13.1255646 ], [ 80.2083917, 13.1254741 ], [ 80.2083227, 13.1254693 ], [ 80.2083161, 13.1255599 ] ] ] } },
{ "type": "Feature", "properties": { "osm_id": "way/354495836", "levels": null, "height": null, "name": null, "type": "yes" }, "geometry": { "type": "Polygon", "coordinates": [ [ [ 80.2163799, 13.1235196 ], [ 80.216466, 13.1235226 ], [ 80.2164703, 13.1234098 ], [ 80.2163842, 13.1234068 ], [ 80.2163799, 13.1235196 ] ] ] } },
{ "type": "Feature", "properties": { "osm_id": "way/354495851", "levels": null, "height": null, "name": null, "type": "yes" }, "geometry": { "type": "Polygon", "coordinates": [ [ [ 80.2165291, 13.125532 ], [ 80.2166699, 13.1255268 ], [ 80.2166669, 13.1254517 ], [ 80.2165261, 13.1254569 ], [ 80.2165291, 13.125532 ] ] ] } },
{ "type": "Feature", "properties": { "osm_id": "way/354495877", "levels": null, "height": null, "name": null, "type": "yes" }, "geometry": { "type": "Polygon", "coordinates": [ [ [ 80.2113889, 13.1272185 ], [ 80.2114515, 13.1272375 ], [ 80.2114702, 13.1271794 ], [ 80.2114076, 13.1271603 ], [ 80.2113889, 13.1272185 ] ] ] } },
{ "type": "Feature", "properties": { "osm_id": "way/354495884", "levels": null, "height": null, "name": null, "type": "yes" }, "geometry": { "type": "Polygon", "coordinates": [ [ [ 80.2161247, 13.1234212 ], [ 80.2162307, 13.1234203 ], [ 80.2162292, 13.1232522 ], [ 80.2161232, 13.1232531 ], [ 80.2161247, 13.1234212 ] ] ] } },
{ "type": "Feature", "properties": { "osm_id": "way/354495885", "levels": null, "height": null, "name": null, "type": "yes" }, "geometry": { "type": "Polygon", "coordinates": [ [ [ 80.2144396, 13.1212609 ], [ 80.2145272, 13.1212623 ], [ 80.2145291, 13.1211482 ], [ 80.2144415, 13.1211469 ], [ 80.2144396, 13.1212609 ] ] ] } },
{ "type": "Feature", "properties": { "osm_id": "way/354495890", "levels": null, "height": null, "name": null, "type": "yes" }, "geometry": { "type": "Polygon", "coordinates": [ [ [ 80.2161558, 13.128007 ], [ 80.2162496, 13.1280056 ], [ 80.2162482, 13.1279151 ], [ 80.2161544, 13.1279166 ], [ 80.2161558, 13.128007 ] ] ] } },
{ "type": "Feature", "properties": { "osm_id": "way/354495898", "levels": null, "height": null, "name": null, "type": "yes" }, "geometry": { "type": "Polygon", "coordinates": [ [ [ 80.2171514, 13.1249694 ], [ 80.2172542, 13.1249668 ], [ 80.2172494, 13.1247831 ], [ 80.2171466, 13.1247857 ], [ 80.2171514, 13.1249694 ] ] ] } },
{ "type": "Feature", "properties": { "osm_id": "way/354495917", "levels": null, "height": null, "name": null, "type": "yes" }, "geometry": { "type": "Polygon", "coordinates": [ [ [ 80.2113745, 13.1275071 ], [ 80.2114109, 13.1275172 ], [ 80.2114269, 13.1274625 ], [ 80.2113904, 13.1274524 ], [ 80.2113745, 13.1275071 ] ] ] } },
{ "type": "Feature", "properties": { "osm_id": "way/354495920", "levels": null, "height": null, "name": null, "type": "yes" }, "geometry": { "type": "Polygon", "coordinates": [ [ [ 80.2143248, 13.1212564 ], [ 80.2144303, 13.121258 ], [ 80.2144321, 13.1211473 ], [ 80.2143267, 13.1211457 ], [ 80.2143248, 13.1212564 ] ] ] } },
{ "type": "Feature", "properties": { "osm_id": "way/354495922", "levels": null, "height": null, "name": null, "type": "yes" }, "geometry": { "type": "Polygon", "coordinates": [ [ [ 80.2148631, 13.1212418 ], [ 80.2149201, 13.1212427 ], [ 80.2149219, 13.1211337 ], [ 80.214865, 13.1211328 ], [ 80.2148631, 13.1212418 ] ] ] } },
{ "type": "Feature", "properties": { "osm_id": "way/354495923", "levels": null, "height": null, "name": null, "type": "yes" }, "geometry": { "type": "Polygon", "coordinates": [ [ [ 80.2148339, 13.1206705 ], [ 80.2149374, 13.1206722 ], [ 80.2149407, 13.1204765 ], [ 80.2148371, 13.1204749 ], [ 80.2148339, 13.1206705 ] ] ] } },
{ "type": "Feature", "properties": { "osm_id": "way/354495928", "levels": null, "height": null, "name": null, "type": "yes" }, "geometry": { "type": "Polygon", "coordinates": [ [ [ 80.2178361, 13.123027 ], [ 80.2179252, 13.1230288 ], [ 80.2179285, 13.1228716 ], [ 80.2178394, 13.1228698 ], [ 80.2178361, 13.123027 ] ] ] } },
{ "type": "Feature", "properties": { "osm_id": "way/354495937", "levels": null, "height": null, "name": null, "type": "yes" }, "geometry": { "type": "Polygon", "coordinates": [ [ [ 80.2118283, 13.118578 ], [ 80.2119006, 13.1185764 ], [ 80.2118953, 13.1183438 ], [ 80.211823, 13.1183454 ], [ 80.2118283, 13.118578 ] ] ] } },
{ "type": "Feature", "properties": { "osm_id": "way/354495944", "levels": null, "height": null, "name": null, "type": "yes" }, "geometry": { "type": "Polygon", "coordinates": [ [ [ 80.2144605, 13.1206654 ], [ 80.2145526, 13.1206668 ], [ 80.2145555, 13.1204945 ], [ 80.2144634, 13.120493 ], [ 80.2144605, 13.1206654 ] ] ] } },
{ "type": "Feature", "properties": { "osm_id": "way/354495952", "levels": null, "height": null, "name": null, "type": "yes" }, "geometry": { "type": "Polygon", "coordinates": [ [ [ 80.2122858, 13.1261312 ], [ 80.2123391, 13.1261339 ], [ 80.2123457, 13.1260076 ], [ 80.2122923, 13.126005 ], [ 80.2122858, 13.1261312 ] ] ] } },
{ "type": "Feature", "properties": { "osm_id": "way/354495975", "levels": null, "height": null, "name": null, "type": "yes" }, "geometry": { "type": "Polygon", "coordinates": [ [ [ 80.2098002, 13.1242213 ], [ 80.2098948, 13.1242284 ], [ 80.2099077, 13.1240671 ], [ 80.209813, 13.12406 ], [ 80.2098002, 13.1242213 ] ] ] } },
{ "type": "Feature", "properties": { "osm_id": "way/354495984", "levels": null, "height": null, "name": null, "type": "yes" }, "geometry": { "type": "Polygon", "coordinates": [ [ [ 80.2076114, 13.1228133 ], [ 80.207703, 13.1228118 ], [ 80.2077, 13.1226316 ], [ 80.2076084, 13.122633 ], [ 80.2076114, 13.1228133 ] ] ] } },
{ "type": "Feature", "properties": { "osm_id": "way/354495986", "levels": null, "height": null, "name": null, "type": "yes" }, "geometry": { "type": "Polygon", "coordinates": [ [ [ 80.2122316, 13.1260331 ], [ 80.2122875, 13.1260321 ], [ 80.2122848, 13.1258932 ], [ 80.212229, 13.1258942 ], [ 80.2122316, 13.1260331 ] ] ] } },
{ "type": "Feature", "properties": { "osm_id": "way/354495989", "levels": "3", "height": null, "name": null, "type": "yes" }, "geometry": { "type": "Polygon", "coordinates": [ [ [ 80.2176615, 13.1277283 ], [ 80.2177768, 13.1277142 ], [ 80.2177353, 13.127393 ], [ 80.2176266, 13.1274565 ], [ 80.2176615, 13.1277283 ] ] ] } },
{ "type": "Feature", "properties": { "osm_id": "way/354495999", "levels": null, "height": null, "name": null, "type": "yes" }, "geometry": { "type": "Polygon", "coordinates": [ [ [ 80.2083978, 13.1250371 ], [ 80.2084658, 13.1250575 ], [ 80.2085112, 13.1249137 ], [ 80.2084432, 13.1248933 ], [ 80.2083978, 13.1250371 ] ] ] } },
{ "type": "Feature", "properties": { "osm_id": "way/354496002", "levels": null, "height": null, "name": null, "type": "yes" }, "geometry": { "type": "Polygon", "coordinates": [ [ [ 80.2100686, 13.1240917 ], [ 80.2101521, 13.124098 ], [ 80.2101649, 13.1239382 ], [ 80.2100813, 13.1239318 ], [ 80.2100686, 13.1240917 ] ] ] } },
{ "type": "Feature", "properties": { "osm_id": "way/354496007", "levels": null, "height": null, "name": null, "type": "yes" }, "geometry": { "type": "Polygon", "coordinates": [ [ [ 80.2076125, 13.1232854 ], [ 80.2077379, 13.1232909 ], [ 80.2077453, 13.1231336 ], [ 80.2076198, 13.1231281 ], [ 80.2076125, 13.1232854 ] ] ] } },
{ "type": "Feature", "properties": { "osm_id": "way/354496017", "levels": null, "height": null, "name": null, "type": "yes" }, "geometry": { "type": "Polygon", "coordinates": [ [ [ 80.21655, 13.1260669 ], [ 80.2166892, 13.1260618 ], [ 80.2166858, 13.1259759 ], [ 80.2165466, 13.125981 ], [ 80.21655, 13.1260669 ] ] ] } },
{ "type": "Feature", "properties": { "osm_id": "way/354496023", "levels": null, "height": null, "name": null, "type": "yes" }, "geometry": { "type": "Polygon", "coordinates": [ [ [ 80.2070706, 13.1240342 ], [ 80.2071703, 13.1240327 ], [ 80.2071676, 13.1238725 ], [ 80.207068, 13.1238741 ], [ 80.2070706, 13.1240342 ] ] ] } },
{ "type": "Feature", "properties": { "osm_id": "way/354496036", "levels": null, "height": null, "name": null, "type": "yes" }, "geometry": { "type": "Polygon", "coordinates": [ [ [ 80.2082816, 13.1249738 ], [ 80.208362, 13.1249979 ], [ 80.208399, 13.1248809 ], [ 80.2083185, 13.1248568 ], [ 80.2082816, 13.1249738 ] ] ] } },
{ "type": "Feature", "properties": { "osm_id": "way/354496038", "levels": null, "height": null, "name": null, "type": "yes" }, "geometry": { "type": "Polygon", "coordinates": [ [ [ 80.2078517, 13.1249191 ], [ 80.207898, 13.1249312 ], [ 80.2079321, 13.1248076 ], [ 80.2078858, 13.1247955 ], [ 80.2078517, 13.1249191 ] ] ] } },
{ "type": "Feature", "properties": { "osm_id": "way/354496041", "levels": null, "height": null, "name": null, "type": "yes" }, "geometry": { "type": "Polygon", "coordinates": [ [ [ 80.2161418, 13.1239308 ], [ 80.2162091, 13.1239329 ], [ 80.2162144, 13.123773 ], [ 80.2161471, 13.1237708 ], [ 80.2161418, 13.1239308 ] ] ] } },
{ "type": "Feature", "properties": { "osm_id": "way/354496059", "levels": null, "height": null, "name": null, "type": "yes" }, "geometry": { "type": "Polygon", "coordinates": [ [ [ 80.2165344, 13.1256194 ], [ 80.2166622, 13.1256147 ], [ 80.2166591, 13.1255333 ], [ 80.2165312, 13.1255381 ], [ 80.2165344, 13.1256194 ] ] ] } },
{ "type": "Feature", "properties": { "osm_id": "way/354496076", "levels": null, "height": null, "name": null, "type": "yes" }, "geometry": { "type": "Polygon", "coordinates": [ [ [ 80.2172283, 13.1280427 ], [ 80.21736, 13.1280438 ], [ 80.2173607, 13.12796 ], [ 80.217229, 13.1279589 ], [ 80.2172283, 13.1280427 ] ] ] } },
{ "type": "Feature", "properties": { "osm_id": "way/354496105", "levels": null, "height": null, "name": null, "type": "yes" }, "geometry": { "type": "Polygon", "coordinates": [ [ [ 80.2085593, 13.1251366 ], [ 80.2086627, 13.1251676 ], [ 80.208713, 13.1250081 ], [ 80.2086097, 13.1249772 ], [ 80.2085593, 13.1251366 ] ] ] } },
{ "type": "Feature", "properties": { "osm_id": "way/354496110", "levels": null, "height": null, "name": null, "type": "yes" }, "geometry": { "type": "Polygon", "coordinates": [ [ [ 80.2085542, 13.1257905 ], [ 80.2086266, 13.1257958 ], [ 80.2086319, 13.125727 ], [ 80.2085595, 13.1257217 ], [ 80.2085542, 13.1257905 ] ] ] } },
{ "type": "Feature", "properties": { "osm_id": "way/354496122", "levels": null, "height": null, "name": null, "type": "yes" }, "geometry": { "type": "Polygon", "coordinates": [ [ [ 80.2166718, 13.123818 ], [ 80.2167747, 13.1238236 ], [ 80.2167806, 13.1237216 ], [ 80.2166777, 13.1237159 ], [ 80.2166718, 13.123818 ] ] ] } },
{ "type": "Feature", "properties": { "osm_id": "way/354496140", "levels": null, "height": null, "name": null, "type": "yes" }, "geometry": { "type": "Polygon", "coordinates": [ [ [ 80.2172367, 13.1279391 ], [ 80.2173642, 13.1279402 ], [ 80.2173654, 13.1278092 ], [ 80.2172378, 13.1278081 ], [ 80.2172367, 13.1279391 ] ] ] } },
{ "type": "Feature", "properties": { "osm_id": "way/354496156", "levels": null, "height": null, "name": null, "type": "yes" }, "geometry": { "type": "Polygon", "coordinates": [ [ [ 80.2098358, 13.1270559 ], [ 80.210008, 13.1270983 ], [ 80.2100231, 13.1270398 ], [ 80.2098509, 13.1269975 ], [ 80.2098358, 13.1270559 ] ] ] } },
{ "type": "Feature", "properties": { "osm_id": "way/354496166", "levels": "4", "height": null, "name": "Soorya Apartments", "type": "apartments" }, "geometry": { "type": "Polygon", "coordinates": [ [ [ 80.2122727, 13.1181893 ], [ 80.2124002, 13.1181971 ], [ 80.2124123, 13.1179818 ], [ 80.2123492, 13.1179531 ], [ 80.2122876, 13.1179585 ], [ 80.2122727, 13.1181893 ] ] ] } },
{ "type": "Feature", "properties": { "osm_id": "way/354511521", "levels": null, "height": null, "name": null, "type": "yes" }, "geometry": { "type": "Polygon", "coordinates": [ [ [ 80.2096079, 13.1289449 ], [ 80.2096971, 13.1289566 ], [ 80.2097185, 13.1288012 ], [ 80.2096293, 13.1287895 ], [ 80.2096079, 13.1289449 ] ] ] } },
{ "type": "Feature", "properties": { "osm_id": "way/354511552", "levels": null, "height": null, "name": null, "type": "yes" }, "geometry": { "type": "Polygon", "coordinates": [ [ [ 80.2075633, 13.1290266 ], [ 80.2075575, 13.1291056 ], [ 80.2077805, 13.1291211 ], [ 80.2077863, 13.129042 ], [ 80.2075633, 13.1290266 ] ] ] } },
{ "type": "Feature", "properties": { "osm_id": "way/354512908", "levels": null, "height": null, "name": null, "type": "yes" }, "geometry": { "type": "Polygon", "coordinates": [ [ [ 80.2071775, 13.12444 ], [ 80.2072859, 13.1244417 ], [ 80.207287, 13.1243726 ], [ 80.2071787, 13.1243709 ], [ 80.2071775, 13.12444 ] ] ] } },
{ "type": "Feature", "properties": { "osm_id": "way/354512910", "levels": null, "height": null, "name": null, "type": "yes" }, "geometry": { "type": "Polygon", "coordinates": [ [ [ 80.2162472, 13.1214836 ], [ 80.2163158, 13.1214836 ], [ 80.2163158, 13.1213654 ], [ 80.2162472, 13.1213654 ], [ 80.2162472, 13.1214836 ] ] ] } },
{ "type": "Feature", "properties": { "osm_id": "way/354512911", "levels": null, "height": null, "name": null, "type": "yes" }, "geometry": { "type": "Polygon", "coordinates": [ [ [ 80.2154531, 13.1180218 ], [ 80.2154357, 13.1181119 ], [ 80.2158528, 13.1181882 ], [ 80.2158701, 13.1180982 ], [ 80.2154531, 13.1180218 ] ] ] } },
{ "type": "Feature", "properties": { "osm_id": "way/354512913", "levels": null, "height": null, "name": null, "type": "yes" }, "geometry": { "type": "Polygon", "coordinates": [ [ [ 80.2076861, 13.1257799 ], [ 80.2077493, 13.1257837 ], [ 80.2077563, 13.1256749 ], [ 80.2076932, 13.125671 ], [ 80.2076861, 13.1257799 ] ] ] } },
{ "type": "Feature", "properties": { "osm_id": "way/354512915", "levels": null, "height": null, "name": null, "type": "yes" }, "geometry": { "type": "Polygon", "coordinates": [ [ [ 80.2152682, 13.1220792 ], [ 80.2153553, 13.1220788 ], [ 80.2153547, 13.1219341 ], [ 80.2152676, 13.1219344 ], [ 80.2152682, 13.1220792 ] ] ] } },
{ "type": "Feature", "properties": { "osm_id": "way/354512916", "levels": null, "height": null, "name": null, "type": "yes" }, "geometry": { "type": "Polygon", "coordinates": [ [ [ 80.2161486, 13.118211 ], [ 80.2162204, 13.1182215 ], [ 80.2162363, 13.1181183 ], [ 80.2161645, 13.1181078 ], [ 80.2161486, 13.118211 ] ] ] } },
{ "type": "Feature", "properties": { "osm_id": "way/354512926", "levels": null, "height": null, "name": null, "type": "yes" }, "geometry": { "type": "Polygon", "coordinates": [ [ [ 80.2165906, 13.1212518 ], [ 80.2166743, 13.1212518 ], [ 80.2166743, 13.1211026 ], [ 80.2165906, 13.1211026 ], [ 80.2165906, 13.1212518 ] ] ] } },
{ "type": "Feature", "properties": { "osm_id": "way/354512927", "levels": null, "height": null, "name": null, "type": "yes" }, "geometry": { "type": "Polygon", "coordinates": [ [ [ 80.2079413, 13.1258285 ], [ 80.2080189, 13.1258313 ], [ 80.2080232, 13.1257232 ], [ 80.2079455, 13.1257203 ], [ 80.2079413, 13.1258285 ] ] ] } },
{ "type": "Feature", "properties": { "osm_id": "way/354512929", "levels": null, "height": null, "name": null, "type": "yes" }, "geometry": { "type": "Polygon", "coordinates": [ [ [ 80.2082002, 13.1232406 ], [ 80.208313, 13.1232496 ], [ 80.20832, 13.1231663 ], [ 80.2082071, 13.1231574 ], [ 80.2082002, 13.1232406 ] ] ] } },
{ "type": "Feature", "properties": { "osm_id": "way/354512931", "levels": null, "height": null, "name": null, "type": "yes" }, "geometry": { "type": "Polygon", "coordinates": [ [ [ 80.2156292, 13.1220975 ], [ 80.2157488, 13.122097 ], [ 80.2157481, 13.1219385 ], [ 80.2156285, 13.121939 ], [ 80.2156292, 13.1220975 ] ] ] } },
{ "type": "Feature", "properties": { "osm_id": "way/354512934", "levels": null, "height": null, "name": null, "type": "yes" }, "geometry": { "type": "Polygon", "coordinates": [ [ [ 80.2170629, 13.1219356 ], [ 80.2171472, 13.1219337 ], [ 80.2171455, 13.1218616 ], [ 80.2170612, 13.1218635 ], [ 80.2170629, 13.1219356 ] ] ] } },
{ "type": "Feature", "properties": { "osm_id": "way/354512941", "levels": null, "height": null, "name": null, "type": "yes" }, "geometry": { "type": "Polygon", "coordinates": [ [ [ 80.2167216, 13.1184228 ], [ 80.2167722, 13.1184302 ], [ 80.2167873, 13.1183319 ], [ 80.2167368, 13.1183245 ], [ 80.2167216, 13.1184228 ] ] ] } },
{ "type": "Feature", "properties": { "osm_id": "way/354512942", "levels": null, "height": null, "name": null, "type": "yes" }, "geometry": { "type": "Polygon", "coordinates": [ [ [ 80.2100404, 13.12378 ], [ 80.2101951, 13.1237944 ], [ 80.2102045, 13.1237 ], [ 80.2100497, 13.1236855 ], [ 80.2100404, 13.12378 ] ] ] } },
{ "type": "Feature", "properties": { "osm_id": "way/354512943", "levels": null, "height": null, "name": null, "type": "yes" }, "geometry": { "type": "Polygon", "coordinates": [ [ [ 80.2130326, 13.1217369 ], [ 80.2130307, 13.1218942 ], [ 80.2131516, 13.1218955 ], [ 80.2131535, 13.1217382 ], [ 80.2130326, 13.1217369 ] ] ] } },
{ "type": "Feature", "properties": { "osm_id": "way/354512945", "levels": null, "height": null, "name": null, "type": "yes" }, "geometry": { "type": "Polygon", "coordinates": [ [ [ 80.2083591, 13.1233831 ], [ 80.2085126, 13.1233911 ], [ 80.2085171, 13.1233103 ], [ 80.2083635, 13.1233022 ], [ 80.2083591, 13.1233831 ] ] ] } },
{ "type": "Feature", "properties": { "osm_id": "way/354512947", "levels": null, "height": null, "name": null, "type": "yes" }, "geometry": { "type": "Polygon", "coordinates": [ [ [ 80.2160676, 13.1241294 ], [ 80.216136, 13.1241278 ], [ 80.2161336, 13.1240266 ], [ 80.2160652, 13.1240281 ], [ 80.2160676, 13.1241294 ] ] ] } },
{ "type": "Feature", "properties": { "osm_id": "way/354512959", "levels": null, "height": null, "name": null, "type": "yes" }, "geometry": { "type": "Polygon", "coordinates": [ [ [ 80.2148951, 13.1202111 ], [ 80.2149939, 13.1202084 ], [ 80.2149912, 13.1201157 ], [ 80.2148925, 13.1201184 ], [ 80.2148951, 13.1202111 ] ] ] } },
{ "type": "Feature", "properties": { "osm_id": "way/354512961", "levels": null, "height": null, "name": null, "type": "yes" }, "geometry": { "type": "Polygon", "coordinates": [ [ [ 80.2100134, 13.1236155 ], [ 80.2099816, 13.123442 ], [ 80.2098818, 13.1234593 ], [ 80.2099135, 13.1236328 ], [ 80.2100134, 13.1236155 ] ] ] } },
{ "type": "Feature", "properties": { "osm_id": "way/354512962", "levels": null, "height": null, "name": null, "type": "yes" }, "geometry": { "type": "Polygon", "coordinates": [ [ [ 80.2162857, 13.1181956 ], [ 80.2164429, 13.1182186 ], [ 80.2164555, 13.1181365 ], [ 80.2162984, 13.1181135 ], [ 80.2162857, 13.1181956 ] ] ] } },
{ "type": "Feature", "properties": { "osm_id": "way/354512963", "levels": null, "height": null, "name": null, "type": "yes" }, "geometry": { "type": "Polygon", "coordinates": [ [ [ 80.2114173, 13.1254904 ], [ 80.211474, 13.1254913 ], [ 80.211476, 13.1253795 ], [ 80.2114193, 13.1253786 ], [ 80.2114173, 13.1254904 ] ] ] } },
{ "type": "Feature", "properties": { "osm_id": "way/354512966", "levels": null, "height": null, "name": null, "type": "yes" }, "geometry": { "type": "Polygon", "coordinates": [ [ [ 80.2159452, 13.1235827 ], [ 80.2160425, 13.1235804 ], [ 80.2160394, 13.1234527 ], [ 80.2159421, 13.1234549 ], [ 80.2159452, 13.1235827 ] ] ] } },
{ "type": "Feature", "properties": { "osm_id": "way/354512969", "levels": null, "height": null, "name": null, "type": "yes" }, "geometry": { "type": "Polygon", "coordinates": [ [ [ 80.2179229, 13.1266454 ], [ 80.2180938, 13.1266415 ], [ 80.2180912, 13.126531 ], [ 80.2179203, 13.1265349 ], [ 80.2179229, 13.1266454 ] ] ] } },
{ "type": "Feature", "properties": { "osm_id": "way/354512975", "levels": null, "height": null, "name": null, "type": "yes" }, "geometry": { "type": "Polygon", "coordinates": [ [ [ 80.2071745, 13.1223913 ], [ 80.20725, 13.1223909 ], [ 80.2072491, 13.1222403 ], [ 80.2071735, 13.1222408 ], [ 80.2071745, 13.1223913 ] ] ] } },
{ "type": "Feature", "properties": { "osm_id": "way/354512980", "levels": null, "height": null, "name": null, "type": "yes" }, "geometry": { "type": "Polygon", "coordinates": [ [ [ 80.2174044, 13.1212349 ], [ 80.2175605, 13.1212349 ], [ 80.2175605, 13.1211089 ], [ 80.2174044, 13.1211089 ], [ 80.2174044, 13.1212349 ] ] ] } },
{ "type": "Feature", "properties": { "osm_id": "way/354512982", "levels": null, "height": null, "name": null, "type": "yes" }, "geometry": { "type": "Polygon", "coordinates": [ [ [ 80.2150966, 13.1202992 ], [ 80.2152039, 13.1202963 ], [ 80.2151988, 13.12012 ], [ 80.2150915, 13.1201229 ], [ 80.2150966, 13.1202992 ] ] ] } },
{ "type": "Feature", "properties": { "osm_id": "way/354512985", "levels": null, "height": null, "name": null, "type": "yes" }, "geometry": { "type": "Polygon", "coordinates": [ [ [ 80.2162773, 13.1182092 ], [ 80.216264, 13.1182954 ], [ 80.2164322, 13.1183201 ], [ 80.2164455, 13.1182338 ], [ 80.2162773, 13.1182092 ] ] ] } },
{ "type": "Feature", "properties": { "osm_id": "way/354512986", "levels": null, "height": null, "name": null, "type": "yes" }, "geometry": { "type": "Polygon", "coordinates": [ [ [ 80.2160613, 13.122311 ], [ 80.2161404, 13.1223092 ], [ 80.2161378, 13.1221983 ], [ 80.2160586, 13.1222001 ], [ 80.2160613, 13.122311 ] ] ] } },
{ "type": "Feature", "properties": { "osm_id": "way/354512990", "levels": null, "height": null, "name": null, "type": "yes" }, "geometry": { "type": "Polygon", "coordinates": [ [ [ 80.210087, 13.1244655 ], [ 80.2102318, 13.1244679 ], [ 80.2102332, 13.1243867 ], [ 80.2100885, 13.1243843 ], [ 80.210087, 13.1244655 ] ] ] } },
{ "type": "Feature", "properties": { "osm_id": "way/354513010", "levels": null, "height": null, "name": null, "type": "yes" }, "geometry": { "type": "Polygon", "coordinates": [ [ [ 80.2075799, 13.1239648 ], [ 80.2076866, 13.1239741 ], [ 80.2077021, 13.1238057 ], [ 80.2075953, 13.1237964 ], [ 80.2075799, 13.1239648 ] ] ] } },
{ "type": "Feature", "properties": { "osm_id": "way/354513019", "levels": null, "height": null, "name": null, "type": "yes" }, "geometry": { "type": "Polygon", "coordinates": [ [ [ 80.2150029, 13.1202376 ], [ 80.2150879, 13.1202352 ], [ 80.2150847, 13.1201245 ], [ 80.2149997, 13.1201268 ], [ 80.2150029, 13.1202376 ] ] ] } },
{ "type": "Feature", "properties": { "osm_id": "way/354513027", "levels": null, "height": null, "name": null, "type": "yes" }, "geometry": { "type": "Polygon", "coordinates": [ [ [ 80.2072851, 13.1226442 ], [ 80.2073859, 13.1226436 ], [ 80.207385, 13.1224894 ], [ 80.2072842, 13.1224901 ], [ 80.2072851, 13.1226442 ] ] ] } },
{ "type": "Feature", "properties": { "osm_id": "way/354513039", "levels": null, "height": null, "name": null, "type": "yes" }, "geometry": { "type": "Polygon", "coordinates": [ [ [ 80.2162835, 13.1203127 ], [ 80.2163757, 13.1203132 ], [ 80.2163768, 13.1201301 ], [ 80.2162846, 13.1201295 ], [ 80.2162835, 13.1203127 ] ] ] } },
{ "type": "Feature", "properties": { "osm_id": "way/354513042", "levels": null, "height": null, "name": null, "type": "yes" }, "geometry": { "type": "Polygon", "coordinates": [ [ [ 80.2158168, 13.1216346 ], [ 80.215956, 13.1216346 ], [ 80.215956, 13.1215378 ], [ 80.2158168, 13.1215378 ], [ 80.2158168, 13.1216346 ] ] ] } },
{ "type": "Feature", "properties": { "osm_id": "way/354513049", "levels": null, "height": null, "name": null, "type": "yes" }, "geometry": { "type": "Polygon", "coordinates": [ [ [ 80.2133159, 13.1223872 ], [ 80.2134165, 13.1223867 ], [ 80.2134157, 13.122216 ], [ 80.2133152, 13.1222164 ], [ 80.2133159, 13.1223872 ] ] ] } },
{ "type": "Feature", "properties": { "osm_id": "way/354513060", "levels": null, "height": null, "name": null, "type": "yes" }, "geometry": { "type": "Polygon", "coordinates": [ [ [ 80.2165181, 13.1201673 ], [ 80.2166067, 13.1201678 ], [ 80.2166076, 13.1200143 ], [ 80.216519, 13.1200138 ], [ 80.2165181, 13.1201673 ] ] ] } },
{ "type": "Feature", "properties": { "osm_id": "way/354513062", "levels": null, "height": null, "name": null, "type": "yes" }, "geometry": { "type": "Polygon", "coordinates": [ [ [ 80.2162283, 13.1214971 ], [ 80.2162283, 13.1213645 ], [ 80.216115, 13.1213645 ], [ 80.216115, 13.1214971 ], [ 80.2162283, 13.1214971 ] ] ] } },
{ "type": "Feature", "properties": { "osm_id": "way/354513069", "levels": null, "height": null, "name": null, "type": "yes" }, "geometry": { "type": "Polygon", "coordinates": [ [ [ 80.2082025, 13.1231393 ], [ 80.2083501, 13.1231619 ], [ 80.208367, 13.1230574 ], [ 80.2082194, 13.1230347 ], [ 80.2082025, 13.1231393 ] ] ] } },
{ "type": "Feature", "properties": { "osm_id": "way/354513071", "levels": null, "height": null, "name": null, "type": "yes" }, "geometry": { "type": "Polygon", "coordinates": [ [ [ 80.2151543, 13.1220778 ], [ 80.2152457, 13.1220774 ], [ 80.215245, 13.1219258 ], [ 80.2151537, 13.1219262 ], [ 80.2151543, 13.1220778 ] ] ] } },
{ "type": "Feature", "properties": { "osm_id": "way/354513076", "levels": null, "height": null, "name": null, "type": "yes" }, "geometry": { "type": "Polygon", "coordinates": [ [ [ 80.2086668, 13.1247249 ], [ 80.208669, 13.1248048 ], [ 80.2088236, 13.1248007 ], [ 80.2088214, 13.1247208 ], [ 80.2086668, 13.1247249 ] ] ] } },
{ "type": "Feature", "properties": { "osm_id": "way/354513078", "levels": null, "height": null, "name": null, "type": "yes" }, "geometry": { "type": "Polygon", "coordinates": [ [ [ 80.2079531, 13.1230888 ], [ 80.2081065, 13.1230965 ], [ 80.2081115, 13.1230016 ], [ 80.207958, 13.122994 ], [ 80.2079531, 13.1230888 ] ] ] } },
{ "type": "Feature", "properties": { "osm_id": "way/354513080", "levels": null, "height": null, "name": null, "type": "yes" }, "geometry": { "type": "Polygon", "coordinates": [ [ [ 80.2164917, 13.1212678 ], [ 80.216585, 13.1212684 ], [ 80.2165861, 13.1210931 ], [ 80.2164928, 13.1210926 ], [ 80.2164917, 13.1212678 ] ] ] } },
{ "type": "Feature", "properties": { "osm_id": "way/354513084", "levels": null, "height": null, "name": null, "type": "yes" }, "geometry": { "type": "Polygon", "coordinates": [ [ [ 80.2172132, 13.118021 ], [ 80.2173088, 13.1180327 ], [ 80.2173247, 13.11791 ], [ 80.2172291, 13.1178983 ], [ 80.2172132, 13.118021 ] ] ] } },
{ "type": "Feature", "properties": { "osm_id": "way/354513086", "levels": null, "height": null, "name": null, "type": "yes" }, "geometry": { "type": "Polygon", "coordinates": [ [ [ 80.2097239, 13.1242422 ], [ 80.2097265, 13.1240842 ], [ 80.209623, 13.1240826 ], [ 80.2096204, 13.1242406 ], [ 80.2097239, 13.1242422 ] ] ] } },
{ "type": "Feature", "properties": { "osm_id": "way/354513087", "levels": null, "height": null, "name": null, "type": "yes" }, "geometry": { "type": "Polygon", "coordinates": [ [ [ 80.2075909, 13.1234522 ], [ 80.2076745, 13.1234639 ], [ 80.207685, 13.1233927 ], [ 80.2076013, 13.123381 ], [ 80.2075909, 13.1234522 ] ] ] } },
{ "type": "Feature", "properties": { "osm_id": "way/354513094", "levels": null, "height": null, "name": null, "type": "yes" }, "geometry": { "type": "Polygon", "coordinates": [ [ [ 80.2128488, 13.126468 ], [ 80.2129025, 13.1264701 ], [ 80.2129064, 13.1263776 ], [ 80.2128528, 13.1263755 ], [ 80.2128488, 13.126468 ] ] ] } },
{ "type": "Feature", "properties": { "osm_id": "way/354513113", "levels": null, "height": null, "name": null, "type": "yes" }, "geometry": { "type": "Polygon", "coordinates": [ [ [ 80.2153314, 13.1203063 ], [ 80.2154396, 13.1203034 ], [ 80.2154343, 13.1201206 ], [ 80.2153262, 13.1201236 ], [ 80.2153314, 13.1203063 ] ] ] } },
{ "type": "Feature", "properties": { "osm_id": "way/354513115", "levels": null, "height": null, "name": null, "type": "yes" }, "geometry": { "type": "Polygon", "coordinates": [ [ [ 80.2162636, 13.122567 ], [ 80.2164261, 13.1225633 ], [ 80.2164246, 13.1224996 ], [ 80.2162621, 13.1225033 ], [ 80.2162636, 13.122567 ] ] ] } },
{ "type": "Feature", "properties": { "osm_id": "way/354513117", "levels": null, "height": null, "name": null, "type": "yes" }, "geometry": { "type": "Polygon", "coordinates": [ [ [ 80.2111902, 13.1260002 ], [ 80.2112889, 13.1260019 ], [ 80.2112907, 13.1259044 ], [ 80.211192, 13.1259027 ], [ 80.2111902, 13.1260002 ] ] ] } },
{ "type": "Feature", "properties": { "osm_id": "way/354513127", "levels": null, "height": null, "name": null, "type": "yes" }, "geometry": { "type": "Polygon", "coordinates": [ [ [ 80.2129778, 13.1264952 ], [ 80.2130266, 13.1264964 ], [ 80.2130292, 13.1263923 ], [ 80.2129804, 13.1263911 ], [ 80.2129778, 13.1264952 ] ] ] } },
{ "type": "Feature", "properties": { "osm_id": "way/354513129", "levels": null, "height": null, "name": null, "type": "yes" }, "geometry": { "type": "Polygon", "coordinates": [ [ [ 80.2078642, 13.1245201 ], [ 80.2079338, 13.1245405 ], [ 80.2079671, 13.1244326 ], [ 80.2078975, 13.1244122 ], [ 80.2078642, 13.1245201 ] ] ] } },
{ "type": "Feature", "properties": { "osm_id": "way/354513132", "levels": null, "height": null, "name": null, "type": "yes" }, "geometry": { "type": "Polygon", "coordinates": [ [ [ 80.2152173, 13.1203024 ], [ 80.2153226, 13.1202996 ], [ 80.2153176, 13.1201226 ], [ 80.2152122, 13.1201254 ], [ 80.2152173, 13.1203024 ] ] ] } },
{ "type": "Feature", "properties": { "osm_id": "way/354513135", "levels": null, "height": null, "name": null, "type": "yes" }, "geometry": { "type": "Polygon", "coordinates": [ [ [ 80.2161592, 13.1222987 ], [ 80.2162245, 13.1222972 ], [ 80.2162222, 13.1222029 ], [ 80.216157, 13.1222044 ], [ 80.2161592, 13.1222987 ] ] ] } },
{ "type": "Feature", "properties": { "osm_id": "way/354513160", "levels": null, "height": null, "name": null, "type": "yes" }, "geometry": { "type": "Polygon", "coordinates": [ [ [ 80.2079348, 13.124554 ], [ 80.2080048, 13.1245768 ], [ 80.2080466, 13.1244553 ], [ 80.2079766, 13.1244325 ], [ 80.2079348, 13.124554 ] ] ] } },
{ "type": "Feature", "properties": { "osm_id": "way/354513172", "levels": null, "height": null, "name": null, "type": "yes" }, "geometry": { "type": "Polygon", "coordinates": [ [ [ 80.2173347, 13.1201567 ], [ 80.2174136, 13.1201583 ], [ 80.2174169, 13.1200054 ], [ 80.217338, 13.1200038 ], [ 80.2173347, 13.1201567 ] ] ] } },
{ "type": "Feature", "properties": { "osm_id": "way/354513190", "levels": null, "height": null, "name": null, "type": "yes" }, "geometry": { "type": "Polygon", "coordinates": [ [ [ 80.2069594, 13.123854 ], [ 80.2070494, 13.1238554 ], [ 80.207051, 13.1237583 ], [ 80.206961, 13.1237569 ], [ 80.2069594, 13.123854 ] ] ] } },
{ "type": "Feature", "properties": { "osm_id": "way/354513196", "levels": null, "height": null, "name": null, "type": "yes" }, "geometry": { "type": "Polygon", "coordinates": [ [ [ 80.2171704, 13.1212462 ], [ 80.2172449, 13.1212462 ], [ 80.2172449, 13.1211039 ], [ 80.2171704, 13.1211039 ], [ 80.2171704, 13.1212462 ] ] ] } },
{ "type": "Feature", "properties": { "osm_id": "way/354513203", "levels": null, "height": null, "name": null, "type": "yes" }, "geometry": { "type": "Polygon", "coordinates": [ [ [ 80.2162861, 13.1201126 ], [ 80.2163769, 13.1201131 ], [ 80.2163776, 13.1200118 ], [ 80.2162868, 13.1200112 ], [ 80.2162861, 13.1201126 ] ] ] } },
{ "type": "Feature", "properties": { "osm_id": "way/354513216", "levels": null, "height": null, "name": null, "type": "yes" }, "geometry": { "type": "Polygon", "coordinates": [ [ [ 80.2140742, 13.1216785 ], [ 80.214185, 13.121678 ], [ 80.2141846, 13.1215936 ], [ 80.2140738, 13.1215941 ], [ 80.2140742, 13.1216785 ] ] ] } },
{ "type": "Feature", "properties": { "osm_id": "way/354513230", "levels": null, "height": null, "name": null, "type": "yes" }, "geometry": { "type": "Polygon", "coordinates": [ [ [ 80.2087047, 13.1242872 ], [ 80.2087033, 13.1243679 ], [ 80.2088432, 13.1243701 ], [ 80.2088446, 13.1242894 ], [ 80.2087047, 13.1242872 ] ] ] } },
{ "type": "Feature", "properties": { "osm_id": "way/354513233", "levels": null, "height": null, "name": null, "type": "yes" }, "geometry": { "type": "Polygon", "coordinates": [ [ [ 80.2172695, 13.1212462 ], [ 80.2173616, 13.1212462 ], [ 80.2173616, 13.1210929 ], [ 80.2172695, 13.1210929 ], [ 80.2172695, 13.1212462 ] ] ] } },
{ "type": "Feature", "properties": { "osm_id": "way/354513235", "levels": null, "height": null, "name": null, "type": "yes" }, "geometry": { "type": "Polygon", "coordinates": [ [ [ 80.2169467, 13.1212446 ], [ 80.2170466, 13.1212446 ], [ 80.2170466, 13.1211023 ], [ 80.2169467, 13.1211023 ], [ 80.2169467, 13.1212446 ] ] ] } },
{ "type": "Feature", "properties": { "osm_id": "way/354513245", "levels": null, "height": null, "name": null, "type": "yes" }, "geometry": { "type": "Polygon", "coordinates": [ [ [ 80.2084729, 13.1228653 ], [ 80.2085876, 13.1228767 ], [ 80.2086045, 13.122716 ], [ 80.2084898, 13.1227046 ], [ 80.2084729, 13.1228653 ] ] ] } },
{ "type": "Feature", "properties": { "osm_id": "way/354513250", "levels": null, "height": null, "name": null, "type": "yes" }, "geometry": { "type": "Polygon", "coordinates": [ [ [ 80.2144013, 13.1194475 ], [ 80.2144715, 13.1194481 ], [ 80.2144725, 13.1193427 ], [ 80.2144023, 13.1193421 ], [ 80.2144013, 13.1194475 ] ] ] } },
{ "type": "Feature", "properties": { "osm_id": "way/354513257", "levels": null, "height": null, "name": null, "type": "yes" }, "geometry": { "type": "Polygon", "coordinates": [ [ [ 80.2085908, 13.1246592 ], [ 80.2085775, 13.1248336 ], [ 80.2086604, 13.124863 ], [ 80.2086653, 13.1246633 ], [ 80.2085908, 13.1246592 ] ] ] } },
{ "type": "Feature", "properties": { "osm_id": "way/354513263", "levels": null, "height": null, "name": null, "type": "yes" }, "geometry": { "type": "Polygon", "coordinates": [ [ [ 80.2166827, 13.1211054 ], [ 80.2166818, 13.1212534 ], [ 80.2167619, 13.1212538 ], [ 80.2167628, 13.1211059 ], [ 80.2166827, 13.1211054 ] ] ] } },
{ "type": "Feature", "properties": { "osm_id": "way/354513266", "levels": null, "height": null, "name": null, "type": "yes" }, "geometry": { "type": "Polygon", "coordinates": [ [ [ 80.2145645, 13.1194406 ], [ 80.2147301, 13.1194421 ], [ 80.2147311, 13.1193458 ], [ 80.2145654, 13.1193443 ], [ 80.2145645, 13.1194406 ] ] ] } },
{ "type": "Feature", "properties": { "osm_id": "way/354513267", "levels": null, "height": null, "name": null, "type": "yes" }, "geometry": { "type": "Polygon", "coordinates": [ [ [ 80.2143755, 13.1202665 ], [ 80.2144361, 13.1202671 ], [ 80.214437, 13.1201748 ], [ 80.2143764, 13.1201742 ], [ 80.2143755, 13.1202665 ] ] ] } },
{ "type": "Feature", "properties": { "osm_id": "way/354513270", "levels": null, "height": null, "name": null, "type": "yes" }, "geometry": { "type": "Polygon", "coordinates": [ [ [ 80.2129379, 13.1266665 ], [ 80.2129958, 13.1266728 ], [ 80.2130057, 13.1265874 ], [ 80.2129478, 13.126581 ], [ 80.2129379, 13.1266665 ] ] ] } },
{ "type": "Feature", "properties": { "osm_id": "way/354513273", "levels": null, "height": null, "name": null, "type": "yes" }, "geometry": { "type": "Polygon", "coordinates": [ [ [ 80.2166863, 13.1220925 ], [ 80.2167834, 13.1220903 ], [ 80.2167796, 13.1219344 ], [ 80.2166826, 13.1219366 ], [ 80.2166863, 13.1220925 ] ] ] } },
{ "type": "Feature", "properties": { "osm_id": "way/354513275", "levels": null, "height": null, "name": null, "type": "yes" }, "geometry": { "type": "Polygon", "coordinates": [ [ [ 80.2152249, 13.1193661 ], [ 80.2152273, 13.119452 ], [ 80.2153452, 13.1194488 ], [ 80.2153428, 13.1193629 ], [ 80.2152249, 13.1193661 ] ] ] } },
{ "type": "Feature", "properties": { "osm_id": "way/354513276", "levels": null, "height": null, "name": null, "type": "yes" }, "geometry": { "type": "Polygon", "coordinates": [ [ [ 80.2160354, 13.1224173 ], [ 80.2160373, 13.1224999 ], [ 80.2161647, 13.122497 ], [ 80.2161627, 13.1224144 ], [ 80.2160354, 13.1224173 ] ] ] } },
{ "type": "Feature", "properties": { "osm_id": "way/354513291", "levels": null, "height": null, "name": null, "type": "yes" }, "geometry": { "type": "Polygon", "coordinates": [ [ [ 80.2127552, 13.1266699 ], [ 80.2128174, 13.1266781 ], [ 80.2128293, 13.1265933 ], [ 80.2127671, 13.1265851 ], [ 80.2127552, 13.1266699 ] ] ] } },
{ "type": "Feature", "properties": { "osm_id": "way/354513294", "levels": null, "height": null, "name": null, "type": "yes" }, "geometry": { "type": "Polygon", "coordinates": [ [ [ 80.2077455, 13.1253344 ], [ 80.2078213, 13.1253474 ], [ 80.2078461, 13.1252094 ], [ 80.2077704, 13.1251965 ], [ 80.2077455, 13.1253344 ] ] ] } },
{ "type": "Feature", "properties": { "osm_id": "way/354513297", "levels": null, "height": null, "name": null, "type": "yes" }, "geometry": { "type": "Polygon", "coordinates": [ [ [ 80.2069178, 13.1224327 ], [ 80.2069643, 13.1224335 ], [ 80.2069673, 13.122266 ], [ 80.2069208, 13.1222652 ], [ 80.2069178, 13.1224327 ] ] ] } },
{ "type": "Feature", "properties": { "osm_id": "way/354513299", "levels": null, "height": null, "name": null, "type": "yes" }, "geometry": { "type": "Polygon", "coordinates": [ [ [ 80.2154706, 13.1202896 ], [ 80.2155478, 13.1202875 ], [ 80.2155432, 13.1201271 ], [ 80.215466, 13.1201292 ], [ 80.2154706, 13.1202896 ] ] ] } },
{ "type": "Feature", "properties": { "osm_id": "way/354513301", "levels": null, "height": null, "name": null, "type": "yes" }, "geometry": { "type": "Polygon", "coordinates": [ [ [ 80.2150218, 13.1190952 ], [ 80.2151687, 13.1190913 ], [ 80.2151663, 13.1190079 ], [ 80.2150194, 13.1190119 ], [ 80.2150218, 13.1190952 ] ] ] } },
{ "type": "Feature", "properties": { "osm_id": "way/354513304", "levels": null, "height": null, "name": null, "type": "yes" }, "geometry": { "type": "Polygon", "coordinates": [ [ [ 80.2162742, 13.1224816 ], [ 80.2164323, 13.122478 ], [ 80.2164305, 13.1224026 ], [ 80.2162724, 13.1224062 ], [ 80.2162742, 13.1224816 ] ] ] } },
{ "type": "Feature", "properties": { "osm_id": "way/354513322", "levels": null, "height": null, "name": null, "type": "yes" }, "geometry": { "type": "Polygon", "coordinates": [ [ [ 80.2080056, 13.1245866 ], [ 80.2080832, 13.1246116 ], [ 80.2081243, 13.1244906 ], [ 80.2080467, 13.1244656 ], [ 80.2080056, 13.1245866 ] ] ] } },
{ "type": "Feature", "properties": { "osm_id": "way/354513325", "levels": null, "height": null, "name": null, "type": "yes" }, "geometry": { "type": "Polygon", "coordinates": [ [ [ 80.2065787, 13.1191723 ], [ 80.2065784, 13.1191822 ], [ 80.2066673, 13.1191844 ], [ 80.2066682, 13.1191513 ], [ 80.2067698, 13.1191538 ], [ 80.2067738, 13.1189989 ], [ 80.2066731, 13.1189964 ], [ 80.2066741, 13.1189571 ], [ 80.2065852, 13.1189549 ], [ 80.2065826, 13.1190531 ], [ 80.2065298, 13.1190518 ], [ 80.2065297, 13.1190537 ], [ 80.2064693, 13.1190523 ], [ 80.2064669, 13.1191436 ], [ 80.2065276, 13.1191451 ], [ 80.206527, 13.1191711 ], [ 80.2065787, 13.1191723 ] ] ] } },
{ "type": "Feature", "properties": { "osm_id": "way/354513338", "levels": null, "height": null, "name": null, "type": "yes" }, "geometry": { "type": "Polygon", "coordinates": [ [ [ 80.2068362, 13.1239991 ], [ 80.2069135, 13.1240004 ], [ 80.2069155, 13.1238828 ], [ 80.2068381, 13.1238816 ], [ 80.2068362, 13.1239991 ] ] ] } },
{ "type": "Feature", "properties": { "osm_id": "way/354513343", "levels": null, "height": null, "name": null, "type": "yes" }, "geometry": { "type": "Polygon", "coordinates": [ [ [ 80.2174567, 13.1201031 ], [ 80.217577, 13.1201055 ], [ 80.2175794, 13.1199926 ], [ 80.2174592, 13.1199901 ], [ 80.2174567, 13.1201031 ] ] ] } },
{ "type": "Feature", "properties": { "osm_id": "way/354513359", "levels": null, "height": null, "name": null, "type": "yes" }, "geometry": { "type": "Polygon", "coordinates": [ [ [ 80.2067269, 13.1237718 ], [ 80.2068186, 13.1237732 ], [ 80.2068199, 13.1236953 ], [ 80.2067282, 13.1236939 ], [ 80.2067269, 13.1237718 ] ] ] } },
{ "type": "Feature", "properties": { "osm_id": "way/354513361", "levels": null, "height": null, "name": null, "type": "yes" }, "geometry": { "type": "Polygon", "coordinates": [ [ [ 80.2170575, 13.1212398 ], [ 80.2171609, 13.1212398 ], [ 80.2171609, 13.1211062 ], [ 80.2170575, 13.1211062 ], [ 80.2170575, 13.1212398 ] ] ] } },
{ "type": "Feature", "properties": { "osm_id": "way/354513364", "levels": null, "height": null, "name": null, "type": "yes" }, "geometry": { "type": "Polygon", "coordinates": [ [ [ 80.2167696, 13.1212473 ], [ 80.2168302, 13.1212473 ], [ 80.2168302, 13.1210914 ], [ 80.2167696, 13.1210914 ], [ 80.2167696, 13.1212473 ] ] ] } },
{ "type": "Feature", "properties": { "osm_id": "way/354513371", "levels": null, "height": null, "name": null, "type": "yes" }, "geometry": { "type": "Polygon", "coordinates": [ [ [ 80.2171156, 13.1218475 ], [ 80.2172038, 13.1218455 ], [ 80.2172014, 13.1217483 ], [ 80.2171133, 13.1217503 ], [ 80.2171156, 13.1218475 ] ] ] } },
{ "type": "Feature", "properties": { "osm_id": "way/354513375", "levels": null, "height": null, "name": null, "type": "yes" }, "geometry": { "type": "Polygon", "coordinates": [ [ [ 80.2169847, 13.1180364 ], [ 80.2170846, 13.1180437 ], [ 80.2170961, 13.1178938 ], [ 80.2169962, 13.1178865 ], [ 80.2169847, 13.1180364 ] ] ] } },
{ "type": "Feature", "properties": { "osm_id": "way/354513379", "levels": null, "height": null, "name": null, "type": "yes" }, "geometry": { "type": "Polygon", "coordinates": [ [ [ 80.2168402, 13.1212405 ], [ 80.2169346, 13.1212405 ], [ 80.2169346, 13.1211001 ], [ 80.2168402, 13.1211001 ], [ 80.2168402, 13.1212405 ] ] ] } },
{ "type": "Feature", "properties": { "osm_id": "way/354513381", "levels": null, "height": null, "name": null, "type": "yes" }, "geometry": { "type": "Polygon", "coordinates": [ [ [ 80.2081761, 13.1232679 ], [ 80.2081679, 13.1233725 ], [ 80.2083165, 13.1233836 ], [ 80.2083248, 13.123279 ], [ 80.2081761, 13.1232679 ] ] ] } },
{ "type": "Feature", "properties": { "osm_id": "way/354513385", "levels": null, "height": null, "name": null, "type": "yes" }, "geometry": { "type": "Polygon", "coordinates": [ [ [ 80.2173019, 13.1218717 ], [ 80.2174053, 13.1218698 ], [ 80.2174032, 13.1217642 ], [ 80.2172999, 13.1217661 ], [ 80.2173019, 13.1218717 ] ] ] } },
{ "type": "Feature", "properties": { "osm_id": "way/354513387", "levels": null, "height": null, "name": null, "type": "yes" }, "geometry": { "type": "Polygon", "coordinates": [ [ [ 80.2161803, 13.1186599 ], [ 80.2162664, 13.1186876 ], [ 80.2163009, 13.1185858 ], [ 80.2162148, 13.1185581 ], [ 80.2161803, 13.1186599 ] ] ] } },
{ "type": "Feature", "properties": { "osm_id": "way/354513391", "levels": null, "height": null, "name": null, "type": "yes" }, "geometry": { "type": "Polygon", "coordinates": [ [ [ 80.2142052, 13.1201056 ], [ 80.2142505, 13.1201061 ], [ 80.214252, 13.1199489 ], [ 80.2142067, 13.1199485 ], [ 80.2142052, 13.1201056 ] ] ] } },
{ "type": "Feature", "properties": { "osm_id": "way/354513393", "levels": null, "height": null, "name": null, "type": "yes" }, "geometry": { "type": "Polygon", "coordinates": [ [ [ 80.2146693, 13.1202783 ], [ 80.2147507, 13.1202761 ], [ 80.2147468, 13.1201393 ], [ 80.2146654, 13.1201415 ], [ 80.2146693, 13.1202783 ] ] ] } },
{ "type": "Feature", "properties": { "osm_id": "way/354513396", "levels": null, "height": null, "name": null, "type": "yes" }, "geometry": { "type": "Polygon", "coordinates": [ [ [ 80.2171022, 13.1180278 ], [ 80.2172006, 13.118035 ], [ 80.2172109, 13.1179014 ], [ 80.2171125, 13.1178942 ], [ 80.2171022, 13.1180278 ] ] ] } },
{ "type": "Feature", "properties": { "osm_id": "way/354513397", "levels": null, "height": null, "name": null, "type": "yes" }, "geometry": { "type": "Polygon", "coordinates": [ [ [ 80.2108766, 13.1263521 ], [ 80.2109656, 13.1263528 ], [ 80.210966, 13.1262989 ], [ 80.210877, 13.1262983 ], [ 80.2108766, 13.1263521 ] ] ] } },
{ "type": "Feature", "properties": { "osm_id": "way/354513401", "levels": null, "height": null, "name": null, "type": "yes" }, "geometry": { "type": "Polygon", "coordinates": [ [ [ 80.2067882, 13.1181579 ], [ 80.2068729, 13.1181517 ], [ 80.2068538, 13.1179053 ], [ 80.2067691, 13.1179115 ], [ 80.2067882, 13.1181579 ] ] ] } },
{ "type": "Feature", "properties": { "osm_id": "way/354513403", "levels": null, "height": null, "name": null, "type": "yes" }, "geometry": { "type": "Polygon", "coordinates": [ [ [ 80.2161182, 13.1231311 ], [ 80.2161969, 13.1231293 ], [ 80.2161947, 13.1230384 ], [ 80.216116, 13.1230402 ], [ 80.2161182, 13.1231311 ] ] ] } },
{ "type": "Feature", "properties": { "osm_id": "way/354513417", "levels": null, "height": null, "name": null, "type": "yes" }, "geometry": { "type": "Polygon", "coordinates": [ [ [ 80.2145387, 13.1203211 ], [ 80.2146429, 13.1203182 ], [ 80.2146373, 13.1201229 ], [ 80.2145331, 13.1201257 ], [ 80.2145387, 13.1203211 ] ] ] } },
{ "type": "Feature", "properties": { "osm_id": "way/354513420", "levels": null, "height": null, "name": null, "type": "yes" }, "geometry": { "type": "Polygon", "coordinates": [ [ [ 80.21305, 13.1266832 ], [ 80.2131041, 13.1266906 ], [ 80.213114, 13.1266225 ], [ 80.2130599, 13.1266151 ], [ 80.21305, 13.1266832 ] ] ] } },
{ "type": "Feature", "properties": { "osm_id": "way/354513423", "levels": null, "height": null, "name": null, "type": "yes" }, "geometry": { "type": "Polygon", "coordinates": [ [ [ 80.2163173, 13.118058 ], [ 80.2164659, 13.1180743 ], [ 80.2164781, 13.1179689 ], [ 80.2163294, 13.1179526 ], [ 80.2163173, 13.118058 ] ] ] } },
{ "type": "Feature", "properties": { "osm_id": "way/354513425", "levels": null, "height": null, "name": null, "type": "yes" }, "geometry": { "type": "Polygon", "coordinates": [ [ [ 80.2101993, 13.1267984 ], [ 80.2102964, 13.1268066 ], [ 80.2103023, 13.1267404 ], [ 80.2102053, 13.1267322 ], [ 80.2101993, 13.1267984 ] ] ] } },
{ "type": "Feature", "properties": { "osm_id": "way/354513428", "levels": null, "height": null, "name": null, "type": "yes" }, "geometry": { "type": "Polygon", "coordinates": [ [ [ 80.2152305, 13.1193525 ], [ 80.2153496, 13.1193492 ], [ 80.2153471, 13.1192616 ], [ 80.215228, 13.1192648 ], [ 80.2152305, 13.1193525 ] ] ] } },
{ "type": "Feature", "properties": { "osm_id": "way/354513434", "levels": null, "height": null, "name": null, "type": "yes" }, "geometry": { "type": "Polygon", "coordinates": [ [ [ 80.2160254, 13.1228367 ], [ 80.2162014, 13.1228327 ], [ 80.2161994, 13.1227509 ], [ 80.2160234, 13.1227549 ], [ 80.2160254, 13.1228367 ] ] ] } },
{ "type": "Feature", "properties": { "osm_id": "way/354513446", "levels": null, "height": null, "name": null, "type": "yes" }, "geometry": { "type": "Polygon", "coordinates": [ [ [ 80.2072021, 13.123116 ], [ 80.2073127, 13.1231163 ], [ 80.2073131, 13.1229572 ], [ 80.2072025, 13.122957 ], [ 80.2072021, 13.123116 ] ] ] } },
{ "type": "Feature", "properties": { "osm_id": "way/354513454", "levels": null, "height": null, "name": null, "type": "yes" }, "geometry": { "type": "Polygon", "coordinates": [ [ [ 80.2077547, 13.1256169 ], [ 80.2078472, 13.1256239 ], [ 80.2078553, 13.1255233 ], [ 80.2077628, 13.1255162 ], [ 80.2077547, 13.1256169 ] ] ] } },
{ "type": "Feature", "properties": { "osm_id": "way/354513457", "levels": null, "height": null, "name": null, "type": "yes" }, "geometry": { "type": "Polygon", "coordinates": [ [ [ 80.2153622, 13.1183524 ], [ 80.2154487, 13.1183687 ], [ 80.2154841, 13.1181906 ], [ 80.2153977, 13.1181743 ], [ 80.2153622, 13.1183524 ] ] ] } },
{ "type": "Feature", "properties": { "osm_id": "way/354513461", "levels": null, "height": null, "name": null, "type": "yes" }, "geometry": { "type": "Polygon", "coordinates": [ [ [ 80.2079152, 13.1226206 ], [ 80.2080344, 13.1226199 ], [ 80.2080337, 13.1225097 ], [ 80.2079145, 13.1225104 ], [ 80.2079152, 13.1226206 ] ] ] } },
{ "type": "Feature", "properties": { "osm_id": "way/354529289", "levels": null, "height": null, "name": null, "type": "yes" }, "geometry": { "type": "Polygon", "coordinates": [ [ [ 80.2174511, 13.128631 ], [ 80.2174509, 13.1286863 ], [ 80.2176185, 13.128687 ], [ 80.2176187, 13.1286317 ], [ 80.2174511, 13.128631 ] ] ] } },
{ "type": "Feature", "properties": { "osm_id": "way/354529298", "levels": null, "height": null, "name": null, "type": "yes" }, "geometry": { "type": "Polygon", "coordinates": [ [ [ 80.2176467, 13.12863 ], [ 80.2176464, 13.1286828 ], [ 80.2177949, 13.1286834 ], [ 80.2177951, 13.1286306 ], [ 80.2176467, 13.12863 ] ] ] } },
{ "type": "Feature", "properties": { "osm_id": "way/354529308", "levels": null, "height": null, "name": null, "type": "yes" }, "geometry": { "type": "Polygon", "coordinates": [ [ [ 80.2071916, 13.129769 ], [ 80.2072079, 13.1298465 ], [ 80.2073395, 13.1298201 ], [ 80.2073231, 13.1297427 ], [ 80.2071916, 13.129769 ] ] ] } },
{ "type": "Feature", "properties": { "osm_id": "way/354529314", "levels": null, "height": null, "name": null, "type": "yes" }, "geometry": { "type": "Polygon", "coordinates": [ [ [ 80.2081427, 13.1294788 ], [ 80.2082357, 13.1294614 ], [ 80.2082058, 13.1293105 ], [ 80.2081128, 13.129328 ], [ 80.2081427, 13.1294788 ] ] ] } },
{ "type": "Feature", "properties": { "osm_id": "way/354529369", "levels": null, "height": null, "name": null, "type": "yes" }, "geometry": { "type": "Polygon", "coordinates": [ [ [ 80.2174768, 13.1287397 ], [ 80.2174812, 13.1288432 ], [ 80.217637, 13.1288368 ], [ 80.2176326, 13.1287333 ], [ 80.2174768, 13.1287397 ] ] ] } },
{ "type": "Feature", "properties": { "osm_id": "way/354529379", "levels": null, "height": null, "name": null, "type": "yes" }, "geometry": { "type": "Polygon", "coordinates": [ [ [ 80.2097286, 13.1295794 ], [ 80.2097331, 13.1296397 ], [ 80.2098861, 13.1296288 ], [ 80.2098816, 13.1295685 ], [ 80.2097286, 13.1295794 ] ] ] } },
{ "type": "Feature", "properties": { "osm_id": "way/354529382", "levels": null, "height": null, "name": null, "type": "yes" }, "geometry": { "type": "Polygon", "coordinates": [ [ [ 80.2072074, 13.1298626 ], [ 80.2072252, 13.1299443 ], [ 80.2073661, 13.1299152 ], [ 80.2073483, 13.1298335 ], [ 80.2072074, 13.1298626 ] ] ] } },
{ "type": "Feature", "properties": { "osm_id": "way/354529427", "levels": null, "height": null, "name": null, "type": "yes" }, "geometry": { "type": "Polygon", "coordinates": [ [ [ 80.217634, 13.1284203 ], [ 80.2176334, 13.1285149 ], [ 80.2177818, 13.1285158 ], [ 80.2177824, 13.1284212 ], [ 80.217634, 13.1284203 ] ] ] } },
{ "type": "Feature", "properties": { "osm_id": "way/354542544", "levels": null, "height": null, "name": null, "type": "yes" }, "geometry": { "type": "Polygon", "coordinates": [ [ [ 80.2098933, 13.1233082 ], [ 80.2099902, 13.1233473 ], [ 80.2100141, 13.1232912 ], [ 80.2099172, 13.1232521 ], [ 80.2098933, 13.1233082 ] ] ] } },
{ "type": "Feature", "properties": { "osm_id": "way/354542551", "levels": null, "height": null, "name": null, "type": "yes" }, "geometry": { "type": "Polygon", "coordinates": [ [ [ 80.2104859, 13.1226565 ], [ 80.2105147, 13.122497 ], [ 80.210413, 13.12249 ], [ 80.2103891, 13.1226399 ], [ 80.2104859, 13.1226565 ] ] ] } },
{ "type": "Feature", "properties": { "osm_id": "way/354542555", "levels": null, "height": null, "name": null, "type": "yes" }, "geometry": { "type": "Polygon", "coordinates": [ [ [ 80.2098596, 13.1230349 ], [ 80.2099328, 13.1230688 ], [ 80.2099666, 13.1229996 ], [ 80.2098933, 13.1229657 ], [ 80.2098596, 13.1230349 ] ] ] } },
{ "type": "Feature", "properties": { "osm_id": "way/354542562", "levels": null, "height": null, "name": null, "type": "yes" }, "geometry": { "type": "Polygon", "coordinates": [ [ [ 80.2092285, 13.1233837 ], [ 80.2093487, 13.1233919 ], [ 80.2093543, 13.1233142 ], [ 80.2092341, 13.123306 ], [ 80.2092285, 13.1233837 ] ] ] } },
{ "type": "Feature", "properties": { "osm_id": "way/354542566", "levels": null, "height": null, "name": null, "type": "yes" }, "geometry": { "type": "Polygon", "coordinates": [ [ [ 80.2073602, 13.127221 ], [ 80.207356, 13.12731 ], [ 80.2075085, 13.1273168 ], [ 80.2075127, 13.1272279 ], [ 80.2073602, 13.127221 ] ] ] } },
{ "type": "Feature", "properties": { "osm_id": "way/354542569", "levels": null, "height": null, "name": null, "type": "yes" }, "geometry": { "type": "Polygon", "coordinates": [ [ [ 80.209856, 13.1230266 ], [ 80.2098827, 13.1229705 ], [ 80.2098229, 13.1229435 ], [ 80.2097962, 13.1229996 ], [ 80.209856, 13.1230266 ] ] ] } },
{ "type": "Feature", "properties": { "osm_id": "way/354542577", "levels": null, "height": null, "name": null, "type": "yes" }, "geometry": { "type": "Polygon", "coordinates": [ [ [ 80.2052178, 13.121507 ], [ 80.2052788, 13.1215099 ], [ 80.2052844, 13.1213976 ], [ 80.2052234, 13.1213947 ], [ 80.2052178, 13.121507 ] ] ] } },
{ "type": "Feature", "properties": { "osm_id": "way/354542583", "levels": null, "height": null, "name": null, "type": "yes" }, "geometry": { "type": "Polygon", "coordinates": [ [ [ 80.2090047, 13.1234839 ], [ 80.2091806, 13.1235033 ], [ 80.2091908, 13.1234155 ], [ 80.2090148, 13.1233961 ], [ 80.2090047, 13.1234839 ] ] ] } },
{ "type": "Feature", "properties": { "osm_id": "way/354542591", "levels": null, "height": null, "name": null, "type": "yes" }, "geometry": { "type": "Polygon", "coordinates": [ [ [ 80.2075943, 13.1260381 ], [ 80.2076665, 13.1260514 ], [ 80.2076911, 13.1259248 ], [ 80.2076189, 13.1259114 ], [ 80.2075943, 13.1260381 ] ] ] } },
{ "type": "Feature", "properties": { "osm_id": "way/354542615", "levels": null, "height": null, "name": null, "type": "yes" }, "geometry": { "type": "Polygon", "coordinates": [ [ [ 80.2053629, 13.1210713 ], [ 80.2054754, 13.1210877 ], [ 80.2054874, 13.1210096 ], [ 80.2053749, 13.1209933 ], [ 80.2053629, 13.1210713 ] ] ] } },
{ "type": "Feature", "properties": { "osm_id": "way/354542627", "levels": null, "height": null, "name": null, "type": "yes" }, "geometry": { "type": "Polygon", "coordinates": [ [ [ 80.2087635, 13.1189683 ], [ 80.2088562, 13.1189623 ], [ 80.2088482, 13.1188451 ], [ 80.2087555, 13.1188511 ], [ 80.2087635, 13.1189683 ] ] ] } },
{ "type": "Feature", "properties": { "osm_id": "way/354542633", "levels": null, "height": null, "name": null, "type": "yes" }, "geometry": { "type": "Polygon", "coordinates": [ [ [ 80.2101852, 13.1183424 ], [ 80.2102519, 13.1183478 ], [ 80.2102589, 13.118265 ], [ 80.2101922, 13.1182596 ], [ 80.2101852, 13.1183424 ] ] ] } },
{ "type": "Feature", "properties": { "osm_id": "way/354542659", "levels": null, "height": null, "name": null, "type": "yes" }, "geometry": { "type": "Polygon", "coordinates": [ [ [ 80.20917, 13.1196437 ], [ 80.20926, 13.1196445 ], [ 80.2092614, 13.1194973 ], [ 80.2091714, 13.1194965 ], [ 80.20917, 13.1196437 ] ] ] } },
{ "type": "Feature", "properties": { "osm_id": "way/354542661", "levels": null, "height": null, "name": null, "type": "yes" }, "geometry": { "type": "Polygon", "coordinates": [ [ [ 80.2093376, 13.1183603 ], [ 80.2094868, 13.1183312 ], [ 80.2094559, 13.1181806 ], [ 80.2093067, 13.1182097 ], [ 80.2093376, 13.1183603 ] ] ] } },
{ "type": "Feature", "properties": { "osm_id": "way/354542662", "levels": null, "height": null, "name": null, "type": "yes" }, "geometry": { "type": "Polygon", "coordinates": [ [ [ 80.2111341, 13.1194288 ], [ 80.2112291, 13.1194271 ], [ 80.2112266, 13.1192892 ], [ 80.2111316, 13.1192908 ], [ 80.2111341, 13.1194288 ] ] ] } },
{ "type": "Feature", "properties": { "osm_id": "way/354542673", "levels": null, "height": null, "name": null, "type": "yes" }, "geometry": { "type": "Polygon", "coordinates": [ [ [ 80.2101929, 13.1184705 ], [ 80.2102773, 13.1184647 ], [ 80.210271, 13.118377 ], [ 80.2101866, 13.1183828 ], [ 80.2101929, 13.1184705 ] ] ] } },
{ "type": "Feature", "properties": { "osm_id": "way/354542680", "levels": null, "height": null, "name": null, "type": "yes" }, "geometry": { "type": "Polygon", "coordinates": [ [ [ 80.2091032, 13.1226963 ], [ 80.2091897, 13.1227271 ], [ 80.2092431, 13.1225847 ], [ 80.2091567, 13.1225539 ], [ 80.2091032, 13.1226963 ] ] ] } },
{ "type": "Feature", "properties": { "osm_id": "way/354542686", "levels": null, "height": null, "name": null, "type": "yes" }, "geometry": { "type": "Polygon", "coordinates": [ [ [ 80.2112534, 13.1194147 ], [ 80.2113395, 13.1194141 ], [ 80.2113385, 13.1192906 ], [ 80.2112524, 13.1192913 ], [ 80.2112534, 13.1194147 ] ] ] } },
{ "type": "Feature", "properties": { "osm_id": "way/354542700", "levels": null, "height": null, "name": null, "type": "yes" }, "geometry": { "type": "Polygon", "coordinates": [ [ [ 80.2091124, 13.1229754 ], [ 80.2092058, 13.1230001 ], [ 80.2092381, 13.1228844 ], [ 80.2091447, 13.1228597 ], [ 80.2091124, 13.1229754 ] ] ] } },
{ "type": "Feature", "properties": { "osm_id": "way/354542704", "levels": null, "height": null, "name": null, "type": "yes" }, "geometry": { "type": "Polygon", "coordinates": [ [ [ 80.2088279, 13.1225021 ], [ 80.2088647, 13.1225179 ], [ 80.2089097, 13.1224186 ], [ 80.2088729, 13.1224028 ], [ 80.2088279, 13.1225021 ] ] ] } },
{ "type": "Feature", "properties": { "osm_id": "way/354542709", "levels": null, "height": null, "name": null, "type": "yes" }, "geometry": { "type": "Polygon", "coordinates": [ [ [ 80.2097277, 13.1231091 ], [ 80.2096936, 13.1231717 ], [ 80.2097829, 13.123218 ], [ 80.2098171, 13.1231554 ], [ 80.2097277, 13.1231091 ] ] ] } },
{ "type": "Feature", "properties": { "osm_id": "way/354542715", "levels": null, "height": null, "name": null, "type": "yes" }, "geometry": { "type": "Polygon", "coordinates": [ [ [ 80.2086964, 13.1224131 ], [ 80.2088295, 13.1224563 ], [ 80.2088569, 13.1223762 ], [ 80.2087238, 13.122333 ], [ 80.2086964, 13.1224131 ] ] ] } },
{ "type": "Feature", "properties": { "osm_id": "way/354542719", "levels": null, "height": null, "name": null, "type": "yes" }, "geometry": { "type": "Polygon", "coordinates": [ [ [ 80.2098019, 13.122664 ], [ 80.2098715, 13.1224805 ], [ 80.2097795, 13.1224474 ], [ 80.2097099, 13.1226309 ], [ 80.2098019, 13.122664 ] ] ] } },
{ "type": "Feature", "properties": { "osm_id": "way/354542725", "levels": null, "height": null, "name": null, "type": "yes" }, "geometry": { "type": "Polygon", "coordinates": [ [ [ 80.208892, 13.1251195 ], [ 80.2088925, 13.1251902 ], [ 80.2090277, 13.1251892 ], [ 80.2090272, 13.1251185 ], [ 80.208892, 13.1251195 ] ] ] } },
{ "type": "Feature", "properties": { "osm_id": "way/354542729", "levels": null, "height": null, "name": null, "type": "yes" }, "geometry": { "type": "Polygon", "coordinates": [ [ [ 80.2096648, 13.123232 ], [ 80.2097734, 13.1232883 ], [ 80.209803, 13.1232342 ], [ 80.2096944, 13.1231779 ], [ 80.2096648, 13.123232 ] ] ] } },
{ "type": "Feature", "properties": { "osm_id": "way/354542731", "levels": null, "height": null, "name": null, "type": "yes" }, "geometry": { "type": "Polygon", "coordinates": [ [ [ 80.2106868, 13.1191653 ], [ 80.2108995, 13.1191613 ], [ 80.2108975, 13.1190606 ], [ 80.2106848, 13.1190646 ], [ 80.2106868, 13.1191653 ] ] ] } },
{ "type": "Feature", "properties": { "osm_id": "way/354542739", "levels": null, "height": null, "name": null, "type": "yes" }, "geometry": { "type": "Polygon", "coordinates": [ [ [ 80.2063586, 13.1221953 ], [ 80.2064856, 13.1221989 ], [ 80.2064884, 13.1221023 ], [ 80.2063614, 13.1220988 ], [ 80.2063586, 13.1221953 ] ] ] } },
{ "type": "Feature", "properties": { "osm_id": "way/354542741", "levels": null, "height": null, "name": null, "type": "yes" }, "geometry": { "type": "Polygon", "coordinates": [ [ [ 80.2095854, 13.1226065 ], [ 80.2096599, 13.1224004 ], [ 80.2095618, 13.1223668 ], [ 80.2094873, 13.1225729 ], [ 80.2095854, 13.1226065 ] ] ] } },
{ "type": "Feature", "properties": { "osm_id": "way/354542746", "levels": null, "height": null, "name": null, "type": "yes" }, "geometry": { "type": "Polygon", "coordinates": [ [ [ 80.2087842, 13.1252062 ], [ 80.2088081, 13.1251486 ], [ 80.2087057, 13.1251084 ], [ 80.2086818, 13.125166 ], [ 80.2087842, 13.1252062 ] ] ] } },
{ "type": "Feature", "properties": { "osm_id": "way/354542766", "levels": null, "height": null, "name": null, "type": "yes" }, "geometry": { "type": "Polygon", "coordinates": [ [ [ 80.2055243, 13.1215809 ], [ 80.2056567, 13.12158 ], [ 80.205656, 13.1214787 ], [ 80.2055236, 13.1214796 ], [ 80.2055243, 13.1215809 ] ] ] } },
{ "type": "Feature", "properties": { "osm_id": "way/354542770", "levels": null, "height": null, "name": null, "type": "yes" }, "geometry": { "type": "Polygon", "coordinates": [ [ [ 80.20702, 13.1232783 ], [ 80.2071227, 13.1232746 ], [ 80.2071164, 13.1231089 ], [ 80.2070137, 13.1231126 ], [ 80.20702, 13.1232783 ] ] ] } },
{ "type": "Feature", "properties": { "osm_id": "way/354542807", "levels": null, "height": null, "name": null, "type": "yes" }, "geometry": { "type": "Polygon", "coordinates": [ [ [ 80.2093296, 13.1184237 ], [ 80.2093472, 13.1185252 ], [ 80.2094765, 13.118504 ], [ 80.209459, 13.1184024 ], [ 80.2093296, 13.1184237 ] ] ] } },
{ "type": "Feature", "properties": { "osm_id": "way/354542809", "levels": null, "height": null, "name": null, "type": "yes" }, "geometry": { "type": "Polygon", "coordinates": [ [ [ 80.2114945, 13.1193801 ], [ 80.2115746, 13.1193773 ], [ 80.2115704, 13.1192671 ], [ 80.2114903, 13.1192699 ], [ 80.2114945, 13.1193801 ] ] ] } },
{ "type": "Feature", "properties": { "osm_id": "way/354542816", "levels": null, "height": null, "name": null, "type": "yes" }, "geometry": { "type": "Polygon", "coordinates": [ [ [ 80.2103413, 13.1182514 ], [ 80.2104298, 13.1182514 ], [ 80.2104298, 13.1181192 ], [ 80.2103413, 13.1181192 ], [ 80.2103413, 13.1182514 ] ] ] } },
{ "type": "Feature", "properties": { "osm_id": "way/354542834", "levels": null, "height": null, "name": null, "type": "yes" }, "geometry": { "type": "Polygon", "coordinates": [ [ [ 80.2110377, 13.1194259 ], [ 80.2111125, 13.1194232 ], [ 80.211108, 13.1193032 ], [ 80.2110332, 13.1193058 ], [ 80.2110377, 13.1194259 ] ] ] } },
{ "type": "Feature", "properties": { "osm_id": "way/354542836", "levels": null, "height": null, "name": null, "type": "yes" }, "geometry": { "type": "Polygon", "coordinates": [ [ [ 80.2117044, 13.1193807 ], [ 80.2117785, 13.1193801 ], [ 80.2117775, 13.1192697 ], [ 80.2117034, 13.1192703 ], [ 80.2117044, 13.1193807 ] ] ] } },
{ "type": "Feature", "properties": { "osm_id": "way/354542851", "levels": null, "height": null, "name": null, "type": "yes" }, "geometry": { "type": "Polygon", "coordinates": [ [ [ 80.2166973, 13.117993 ], [ 80.2167966, 13.1180083 ], [ 80.2168198, 13.1178659 ], [ 80.2167205, 13.1178506 ], [ 80.2166973, 13.117993 ] ] ] } },
{ "type": "Feature", "properties": { "osm_id": "way/354542856", "levels": null, "height": null, "name": null, "type": "yes" }, "geometry": { "type": "Polygon", "coordinates": [ [ [ 80.2089973, 13.1226475 ], [ 80.2090962, 13.1226826 ], [ 80.209137, 13.1225738 ], [ 80.209038, 13.1225386 ], [ 80.2089973, 13.1226475 ] ] ] } },
{ "type": "Feature", "properties": { "osm_id": "way/354542865", "levels": null, "height": null, "name": null, "type": "yes" }, "geometry": { "type": "Polygon", "coordinates": [ [ [ 80.2098181, 13.1231516 ], [ 80.2098557, 13.1230827 ], [ 80.2097678, 13.1230373 ], [ 80.2097302, 13.1231061 ], [ 80.2098181, 13.1231516 ] ] ] } },
{ "type": "Feature", "properties": { "osm_id": "way/354542870", "levels": null, "height": null, "name": null, "type": "yes" }, "geometry": { "type": "Polygon", "coordinates": [ [ [ 80.2088363, 13.1226721 ], [ 80.2088783, 13.1225911 ], [ 80.208706, 13.1225069 ], [ 80.208683, 13.1225968 ], [ 80.2088363, 13.1226721 ] ] ] } },
{ "type": "Feature", "properties": { "osm_id": "way/354542872", "levels": null, "height": null, "name": null, "type": "yes" }, "geometry": { "type": "Polygon", "coordinates": [ [ [ 80.2098887, 13.1224892 ], [ 80.2099634, 13.1225168 ], [ 80.210012, 13.1223922 ], [ 80.2099372, 13.1223646 ], [ 80.2098887, 13.1224892 ] ] ] } },
{ "type": "Feature", "properties": { "osm_id": "way/354542879", "levels": null, "height": null, "name": null, "type": "yes" }, "geometry": { "type": "Polygon", "coordinates": [ [ [ 80.2091642, 13.1240218 ], [ 80.2092692, 13.1240225 ], [ 80.2092702, 13.1238744 ], [ 80.2091652, 13.1238737 ], [ 80.2091642, 13.1240218 ] ] ] } },
{ "type": "Feature", "properties": { "osm_id": "way/354542882", "levels": null, "height": null, "name": null, "type": "yes" }, "geometry": { "type": "Polygon", "coordinates": [ [ [ 80.2097868, 13.1232214 ], [ 80.2098615, 13.1232601 ], [ 80.2098965, 13.1231961 ], [ 80.2098217, 13.1231574 ], [ 80.2097868, 13.1232214 ] ] ] } },
{ "type": "Feature", "properties": { "osm_id": "way/354542885", "levels": null, "height": null, "name": null, "type": "yes" }, "geometry": { "type": "Polygon", "coordinates": [ [ [ 80.2099983, 13.1187872 ], [ 80.2100679, 13.1187801 ], [ 80.2100468, 13.1185825 ], [ 80.2099773, 13.1185895 ], [ 80.2099983, 13.1187872 ] ] ] } },
{ "type": "Feature", "properties": { "osm_id": "way/354542895", "levels": null, "height": null, "name": null, "type": "yes" }, "geometry": { "type": "Polygon", "coordinates": [ [ [ 80.2097823, 13.1224273 ], [ 80.209864, 13.1224563 ], [ 80.2099104, 13.1223324 ], [ 80.2098287, 13.1223034 ], [ 80.2097823, 13.1224273 ] ] ] } },
{ "type": "Feature", "properties": { "osm_id": "way/354542902", "levels": null, "height": null, "name": null, "type": "yes" }, "geometry": { "type": "Polygon", "coordinates": [ [ [ 80.2089417, 13.1241012 ], [ 80.209054, 13.1240993 ], [ 80.2090525, 13.1240187 ], [ 80.2089402, 13.1240206 ], [ 80.2089417, 13.1241012 ] ] ] } },
{ "type": "Feature", "properties": { "osm_id": "way/354542909", "levels": null, "height": null, "name": null, "type": "yes" }, "geometry": { "type": "Polygon", "coordinates": [ [ [ 80.2100898, 13.1190159 ], [ 80.2101736, 13.1190075 ], [ 80.2101624, 13.118902 ], [ 80.2100786, 13.1189105 ], [ 80.2100898, 13.1190159 ] ] ] } },
{ "type": "Feature", "properties": { "osm_id": "way/354542917", "levels": null, "height": null, "name": null, "type": "yes" }, "geometry": { "type": "Polygon", "coordinates": [ [ [ 80.2092125, 13.1232678 ], [ 80.2092692, 13.1232678 ], [ 80.2092692, 13.1231506 ], [ 80.2092125, 13.1231506 ], [ 80.2092125, 13.1232678 ] ] ] } },
{ "type": "Feature", "properties": { "osm_id": "way/354542922", "levels": null, "height": null, "name": null, "type": "yes" }, "geometry": { "type": "Polygon", "coordinates": [ [ [ 80.2065414, 13.1225314 ], [ 80.2066763, 13.1225247 ], [ 80.2066714, 13.1224309 ], [ 80.2065365, 13.1224376 ], [ 80.2065414, 13.1225314 ] ] ] } },
{ "type": "Feature", "properties": { "osm_id": "way/354542923", "levels": null, "height": null, "name": null, "type": "yes" }, "geometry": { "type": "Polygon", "coordinates": [ [ [ 80.2071671, 13.1242819 ], [ 80.2072556, 13.1242819 ], [ 80.2072556, 13.1241372 ], [ 80.2071671, 13.1241372 ], [ 80.2071671, 13.1242819 ] ] ] } },
{ "type": "Feature", "properties": { "osm_id": "way/354542938", "levels": null, "height": null, "name": null, "type": "yes" }, "geometry": { "type": "Polygon", "coordinates": [ [ [ 80.211199, 13.1181242 ], [ 80.2113072, 13.1181214 ], [ 80.2113052, 13.1180488 ], [ 80.211197, 13.1180516 ], [ 80.211199, 13.1181242 ] ] ] } },
{ "type": "Feature", "properties": { "osm_id": "way/354542942", "levels": null, "height": null, "name": null, "type": "yes" }, "geometry": { "type": "Polygon", "coordinates": [ [ [ 80.20489, 13.1187995 ], [ 80.2050053, 13.1187995 ], [ 80.2050053, 13.1186843 ], [ 80.20489, 13.1186843 ], [ 80.20489, 13.1187995 ] ] ] } },
{ "type": "Feature", "properties": { "osm_id": "way/354542950", "levels": null, "height": null, "name": null, "type": "yes" }, "geometry": { "type": "Polygon", "coordinates": [ [ [ 80.2090323, 13.1232087 ], [ 80.2091555, 13.1232174 ], [ 80.2091645, 13.1230976 ], [ 80.2090412, 13.1230889 ], [ 80.2090323, 13.1232087 ] ] ] } },
{ "type": "Feature", "properties": { "osm_id": "way/354542955", "levels": null, "height": null, "name": null, "type": "yes" }, "geometry": { "type": "Polygon", "coordinates": [ [ [ 80.2068083, 13.1236468 ], [ 80.2069074, 13.123645 ], [ 80.2069053, 13.1235355 ], [ 80.2068062, 13.1235373 ], [ 80.2068083, 13.1236468 ] ] ] } },
{ "type": "Feature", "properties": { "osm_id": "way/354543000", "levels": null, "height": null, "name": null, "type": "yes" }, "geometry": { "type": "Polygon", "coordinates": [ [ [ 80.2111281, 13.1181042 ], [ 80.2111191, 13.1179929 ], [ 80.2110299, 13.1179997 ], [ 80.2110389, 13.118111 ], [ 80.2111281, 13.1181042 ] ] ] } },
{ "type": "Feature", "properties": { "osm_id": "way/354543039", "levels": null, "height": null, "name": null, "type": "yes" }, "geometry": { "type": "Polygon", "coordinates": [ [ [ 80.2116, 13.1193865 ], [ 80.2116842, 13.119383 ], [ 80.2116793, 13.1192697 ], [ 80.211595, 13.1192732 ], [ 80.2116, 13.1193865 ] ] ] } },
{ "type": "Feature", "properties": { "osm_id": "way/354543043", "levels": null, "height": null, "name": null, "type": "yes" }, "geometry": { "type": "Polygon", "coordinates": [ [ [ 80.2113427, 13.1188908 ], [ 80.2114411, 13.1188908 ], [ 80.2114411, 13.1187272 ], [ 80.2113427, 13.1187272 ], [ 80.2113427, 13.1188908 ] ] ] } },
{ "type": "Feature", "properties": { "osm_id": "way/354543072", "levels": null, "height": null, "name": null, "type": "yes" }, "geometry": { "type": "Polygon", "coordinates": [ [ [ 80.2104981, 13.1204657 ], [ 80.2105073, 13.1205653 ], [ 80.2106092, 13.1205564 ], [ 80.2106, 13.1204568 ], [ 80.2104981, 13.1204657 ] ] ] } },
{ "type": "Feature", "properties": { "osm_id": "way/354543079", "levels": null, "height": null, "name": null, "type": "yes" }, "geometry": { "type": "Polygon", "coordinates": [ [ [ 80.2115884, 13.1188263 ], [ 80.2116712, 13.118827 ], [ 80.2116722, 13.1187068 ], [ 80.2115894, 13.1187062 ], [ 80.2115884, 13.1188263 ] ] ] } },
{ "type": "Feature", "properties": { "osm_id": "way/354543096", "levels": null, "height": null, "name": null, "type": "yes" }, "geometry": { "type": "Polygon", "coordinates": [ [ [ 80.210062, 13.1232187 ], [ 80.2100894, 13.1231685 ], [ 80.2099945, 13.1231194 ], [ 80.2099671, 13.1231696 ], [ 80.210062, 13.1232187 ] ] ] } },
{ "type": "Feature", "properties": { "osm_id": "way/354543110", "levels": null, "height": null, "name": null, "type": "yes" }, "geometry": { "type": "Polygon", "coordinates": [ [ [ 80.2104918, 13.1204452 ], [ 80.2106092, 13.1204397 ], [ 80.2106067, 13.1203896 ], [ 80.2104893, 13.120395 ], [ 80.2104918, 13.1204452 ] ] ] } },
{ "type": "Feature", "properties": { "osm_id": "way/354543114", "levels": null, "height": null, "name": null, "type": "yes" }, "geometry": { "type": "Polygon", "coordinates": [ [ [ 80.2102103, 13.1225647 ], [ 80.2103111, 13.12259 ], [ 80.2103462, 13.1224572 ], [ 80.2102455, 13.1224319 ], [ 80.2102103, 13.1225647 ] ] ] } },
{ "type": "Feature", "properties": { "osm_id": "way/354543123", "levels": null, "height": null, "name": null, "type": "yes" }, "geometry": { "type": "Polygon", "coordinates": [ [ [ 80.2090365, 13.1232903 ], [ 80.2091836, 13.1233009 ], [ 80.2091893, 13.1232256 ], [ 80.2090422, 13.123215 ], [ 80.2090365, 13.1232903 ] ] ] } },
{ "type": "Feature", "properties": { "osm_id": "way/354543124", "levels": null, "height": null, "name": null, "type": "yes" }, "geometry": { "type": "Polygon", "coordinates": [ [ [ 80.2098255, 13.1231574 ], [ 80.2098993, 13.1231956 ], [ 80.2099351, 13.12313 ], [ 80.2098613, 13.1230918 ], [ 80.2098255, 13.1231574 ] ] ] } },
{ "type": "Feature", "properties": { "osm_id": "way/354543132", "levels": null, "height": null, "name": null, "type": "yes" }, "geometry": { "type": "Polygon", "coordinates": [ [ [ 80.2096118, 13.118359 ], [ 80.2097679, 13.1183138 ], [ 80.2097433, 13.1182331 ], [ 80.2095872, 13.1182783 ], [ 80.2096118, 13.118359 ] ] ] } },
{ "type": "Feature", "properties": { "osm_id": "way/354543142", "levels": null, "height": null, "name": null, "type": "yes" }, "geometry": { "type": "Polygon", "coordinates": [ [ [ 80.2103018, 13.1228565 ], [ 80.2101438, 13.1227994 ], [ 80.2101098, 13.1228886 ], [ 80.2102808, 13.1229409 ], [ 80.2103018, 13.1228565 ] ] ] } },
{ "type": "Feature", "properties": { "osm_id": "way/354543147", "levels": null, "height": null, "name": null, "type": "yes" }, "geometry": { "type": "Polygon", "coordinates": [ [ [ 80.2094351, 13.1237352 ], [ 80.2095199, 13.1237436 ], [ 80.2095305, 13.123643 ], [ 80.2094456, 13.1236345 ], [ 80.2094351, 13.1237352 ] ] ] } },
{ "type": "Feature", "properties": { "osm_id": "way/354543149", "levels": null, "height": null, "name": null, "type": "yes" }, "geometry": { "type": "Polygon", "coordinates": [ [ [ 80.2097974, 13.1184119 ], [ 80.2099416, 13.1183702 ], [ 80.2099163, 13.1182874 ], [ 80.2097722, 13.1183292 ], [ 80.2097974, 13.1184119 ] ] ] } },
{ "type": "Feature", "properties": { "osm_id": "way/354543164", "levels": null, "height": null, "name": null, "type": "yes" }, "geometry": { "type": "Polygon", "coordinates": [ [ [ 80.2089957, 13.1235749 ], [ 80.2090993, 13.1235867 ], [ 80.2091083, 13.1235121 ], [ 80.2090047, 13.1235004 ], [ 80.2089957, 13.1235749 ] ] ] } },
{ "type": "Feature", "properties": { "osm_id": "way/354543171", "levels": null, "height": null, "name": null, "type": "yes" }, "geometry": { "type": "Polygon", "coordinates": [ [ [ 80.2074544, 13.1261278 ], [ 80.2075398, 13.1261444 ], [ 80.2075644, 13.1260246 ], [ 80.207479, 13.126008 ], [ 80.2074544, 13.1261278 ] ] ] } },
{ "type": "Feature", "properties": { "osm_id": "way/354543196", "levels": null, "height": null, "name": null, "type": "yes" }, "geometry": { "type": "Polygon", "coordinates": [ [ [ 80.2055793, 13.1189952 ], [ 80.2055702, 13.1190641 ], [ 80.2057013, 13.1190806 ], [ 80.2057104, 13.1190116 ], [ 80.2055793, 13.1189952 ] ] ] } },
{ "type": "Feature", "properties": { "osm_id": "way/354543205", "levels": null, "height": null, "name": null, "type": "yes" }, "geometry": { "type": "Polygon", "coordinates": [ [ [ 80.2090186, 13.123389 ], [ 80.2091677, 13.1233939 ], [ 80.2091705, 13.123311 ], [ 80.2090214, 13.1233062 ], [ 80.2090186, 13.123389 ] ] ] } },
{ "type": "Feature", "properties": { "osm_id": "way/354543213", "levels": null, "height": null, "name": null, "type": "yes" }, "geometry": { "type": "Polygon", "coordinates": [ [ [ 80.2072033, 13.1248225 ], [ 80.2072943, 13.124838 ], [ 80.2073132, 13.1247325 ], [ 80.2072222, 13.124717 ], [ 80.2072033, 13.1248225 ] ] ] } },
{ "type": "Feature", "properties": { "osm_id": "way/354543253", "levels": null, "height": null, "name": null, "type": "yes" }, "geometry": { "type": "Polygon", "coordinates": [ [ [ 80.2057008, 13.1190011 ], [ 80.2057157, 13.1188704 ], [ 80.2055964, 13.1188575 ], [ 80.2055815, 13.1189882 ], [ 80.2057008, 13.1190011 ] ] ] } },
{ "type": "Feature", "properties": { "osm_id": "way/354543266", "levels": null, "height": null, "name": null, "type": "yes" }, "geometry": { "type": "Polygon", "coordinates": [ [ [ 80.2095664, 13.1204308 ], [ 80.2097057, 13.1204351 ], [ 80.2097078, 13.1203715 ], [ 80.2095685, 13.1203671 ], [ 80.2095664, 13.1204308 ] ] ] } },
{ "type": "Feature", "properties": { "osm_id": "way/354543279", "levels": null, "height": null, "name": null, "type": "yes" }, "geometry": { "type": "Polygon", "coordinates": [ [ [ 80.2107754, 13.1182477 ], [ 80.210898, 13.1182437 ], [ 80.210894, 13.1181276 ], [ 80.2107714, 13.1181315 ], [ 80.2107754, 13.1182477 ] ] ] } },
{ "type": "Feature", "properties": { "osm_id": "way/354543293", "levels": null, "height": null, "name": null, "type": "yes" }, "geometry": { "type": "Polygon", "coordinates": [ [ [ 80.2102401, 13.1194195 ], [ 80.2103805, 13.1194111 ], [ 80.2103713, 13.1192665 ], [ 80.210231, 13.119275 ], [ 80.2102401, 13.1194195 ] ] ] } },
{ "type": "Feature", "properties": { "osm_id": "way/354543310", "levels": null, "height": null, "name": null, "type": "yes" }, "geometry": { "type": "Polygon", "coordinates": [ [ [ 80.2093506, 13.1205061 ], [ 80.2094857, 13.1204963 ], [ 80.2094807, 13.1204319 ], [ 80.2093456, 13.1204417 ], [ 80.2093506, 13.1205061 ] ] ] } },
{ "type": "Feature", "properties": { "osm_id": "way/354543314", "levels": null, "height": null, "name": null, "type": "yes" }, "geometry": { "type": "Polygon", "coordinates": [ [ [ 80.2108461, 13.1200207 ], [ 80.2109944, 13.1200096 ], [ 80.210988, 13.1199295 ], [ 80.2108397, 13.1199406 ], [ 80.2108461, 13.1200207 ] ] ] } },
{ "type": "Feature", "properties": { "osm_id": "way/354543333", "levels": null, "height": null, "name": null, "type": "yes" }, "geometry": { "type": "Polygon", "coordinates": [ [ [ 80.211012, 13.1184772 ], [ 80.2111482, 13.1184791 ], [ 80.2111498, 13.1183712 ], [ 80.2110136, 13.1183692 ], [ 80.211012, 13.1184772 ] ] ] } },
{ "type": "Feature", "properties": { "osm_id": "way/354543345", "levels": null, "height": null, "name": null, "type": "yes" }, "geometry": { "type": "Polygon", "coordinates": [ [ [ 80.2105904, 13.1196871 ], [ 80.2106933, 13.1196809 ], [ 80.2106844, 13.1195396 ], [ 80.2105814, 13.1195458 ], [ 80.2105904, 13.1196871 ] ] ] } },
{ "type": "Feature", "properties": { "osm_id": "way/354543348", "levels": null, "height": null, "name": null, "type": "yes" }, "geometry": { "type": "Polygon", "coordinates": [ [ [ 80.209603, 13.1229503 ], [ 80.2096569, 13.1229752 ], [ 80.2097089, 13.1228684 ], [ 80.209655, 13.1228435 ], [ 80.209603, 13.1229503 ] ] ] } },
{ "type": "Feature", "properties": { "osm_id": "way/354543358", "levels": null, "height": null, "name": null, "type": "yes" }, "geometry": { "type": "Polygon", "coordinates": [ [ [ 80.2105649, 13.1200707 ], [ 80.2106569, 13.1200669 ], [ 80.2106512, 13.1199388 ], [ 80.2105593, 13.1199427 ], [ 80.2105649, 13.1200707 ] ] ] } },
{ "type": "Feature", "properties": { "osm_id": "way/354568471", "levels": null, "height": null, "name": null, "type": "yes" }, "geometry": { "type": "Polygon", "coordinates": [ [ [ 80.2164261, 13.1206541 ], [ 80.2168074, 13.1206624 ], [ 80.2168084, 13.1206192 ], [ 80.2167956, 13.1206189 ], [ 80.2167964, 13.1205832 ], [ 80.2168094, 13.1205835 ], [ 80.216811, 13.1205111 ], [ 80.2166971, 13.1205086 ], [ 80.2166966, 13.1205326 ], [ 80.2166621, 13.1205318 ], [ 80.2166612, 13.1205686 ], [ 80.2166317, 13.120568 ], [ 80.2166322, 13.1205445 ], [ 80.2166182, 13.1205442 ], [ 80.2165973, 13.1205438 ], [ 80.2165971, 13.1205548 ], [ 80.2165967, 13.1205712 ], [ 80.216565, 13.1205705 ], [ 80.2165652, 13.1205591 ], [ 80.2165658, 13.1205341 ], [ 80.2165342, 13.1205335 ], [ 80.2165347, 13.1205089 ], [ 80.2164296, 13.1205066 ], [ 80.2164282, 13.1205671 ], [ 80.2164481, 13.1205675 ], [ 80.2164476, 13.1205909 ], [ 80.2164275, 13.1205904 ], [ 80.2164261, 13.1206541 ] ] ] } },
{ "type": "Feature", "properties": { "osm_id": "way/354568473", "levels": null, "height": null, "name": null, "type": "yes" }, "geometry": { "type": "Polygon", "coordinates": [ [ [ 80.2167198, 13.1274249 ], [ 80.2167808, 13.127385 ], [ 80.2167095, 13.1272819 ], [ 80.2166486, 13.1273218 ], [ 80.2167198, 13.1274249 ] ] ] } },
{ "type": "Feature", "properties": { "osm_id": "way/354568477", "levels": null, "height": null, "name": null, "type": "yes" }, "geometry": { "type": "Polygon", "coordinates": [ [ [ 80.2147531, 13.1248104 ], [ 80.2148413, 13.1248053 ], [ 80.2148382, 13.124755 ], [ 80.21475, 13.1247601 ], [ 80.2147531, 13.1248104 ] ] ] } },
{ "type": "Feature", "properties": { "osm_id": "way/354568479", "levels": null, "height": null, "name": null, "type": "yes" }, "geometry": { "type": "Polygon", "coordinates": [ [ [ 80.2140731, 13.121914 ], [ 80.2141984, 13.121914 ], [ 80.2141984, 13.1218549 ], [ 80.2140731, 13.1218549 ], [ 80.2140731, 13.121914 ] ] ] } },
{ "type": "Feature", "properties": { "osm_id": "way/354568483", "levels": null, "height": null, "name": null, "type": "yes" }, "geometry": { "type": "Polygon", "coordinates": [ [ [ 80.2158771, 13.1206665 ], [ 80.2160169, 13.1206656 ], [ 80.2160163, 13.1205784 ], [ 80.2158766, 13.1205793 ], [ 80.2158771, 13.1206665 ] ] ] } },
{ "type": "Feature", "properties": { "osm_id": "way/354568484", "levels": null, "height": null, "name": null, "type": "yes" }, "geometry": { "type": "Polygon", "coordinates": [ [ [ 80.2143873, 13.125774 ], [ 80.2145023, 13.1257733 ], [ 80.2145018, 13.1257027 ], [ 80.2143869, 13.1257034 ], [ 80.2143873, 13.125774 ] ] ] } },
{ "type": "Feature", "properties": { "osm_id": "way/354568486", "levels": null, "height": null, "name": null, "type": "yes" }, "geometry": { "type": "Polygon", "coordinates": [ [ [ 80.2049225, 13.1183837 ], [ 80.2050631, 13.1183659 ], [ 80.2050496, 13.1182647 ], [ 80.204909, 13.1182825 ], [ 80.2049225, 13.1183837 ] ] ] } },
{ "type": "Feature", "properties": { "osm_id": "way/354568488", "levels": null, "height": null, "name": null, "type": "yes" }, "geometry": { "type": "Polygon", "coordinates": [ [ [ 80.215155, 13.1250819 ], [ 80.2152061, 13.1250815 ], [ 80.2152058, 13.1250347 ], [ 80.2151546, 13.125035 ], [ 80.215155, 13.1250819 ] ] ] } },
{ "type": "Feature", "properties": { "osm_id": "way/354568490", "levels": null, "height": null, "name": null, "type": "yes" }, "geometry": { "type": "Polygon", "coordinates": [ [ [ 80.2163685, 13.1208394 ], [ 80.2164754, 13.120833 ], [ 80.2164662, 13.1206879 ], [ 80.2163593, 13.1206943 ], [ 80.2163685, 13.1208394 ] ] ] } },
{ "type": "Feature", "properties": { "osm_id": "way/354568496", "levels": null, "height": null, "name": null, "type": "yes" }, "geometry": { "type": "Polygon", "coordinates": [ [ [ 80.2141993, 13.125878 ], [ 80.2142002, 13.125934 ], [ 80.2143296, 13.125932 ], [ 80.2143287, 13.125876 ], [ 80.2141993, 13.125878 ] ] ] } },
{ "type": "Feature", "properties": { "osm_id": "way/354568498", "levels": null, "height": null, "name": null, "type": "yes" }, "geometry": { "type": "Polygon", "coordinates": [ [ [ 80.2048923, 13.1181729 ], [ 80.2049204, 13.1182787 ], [ 80.2050673, 13.1182418 ], [ 80.2050392, 13.1181359 ], [ 80.2048923, 13.1181729 ] ] ] } },
{ "type": "Feature", "properties": { "osm_id": "way/354568500", "levels": null, "height": null, "name": null, "type": "yes" }, "geometry": { "type": "Polygon", "coordinates": [ [ [ 80.2153924, 13.1249817 ], [ 80.2155215, 13.1249802 ], [ 80.21552, 13.1248592 ], [ 80.2153909, 13.1248607 ], [ 80.2153924, 13.1249817 ] ] ] } },
{ "type": "Feature", "properties": { "osm_id": "way/354568507", "levels": null, "height": null, "name": null, "type": "yes" }, "geometry": { "type": "Polygon", "coordinates": [ [ [ 80.2178101, 13.1227485 ], [ 80.2179193, 13.1227575 ], [ 80.217932, 13.1226109 ], [ 80.2178228, 13.1226019 ], [ 80.2178101, 13.1227485 ] ] ] } },
{ "type": "Feature", "properties": { "osm_id": "way/354568509", "levels": null, "height": null, "name": null, "type": "yes" }, "geometry": { "type": "Polygon", "coordinates": [ [ [ 80.2175414, 13.1218746 ], [ 80.217636, 13.1218688 ], [ 80.2176285, 13.1217535 ], [ 80.217534, 13.1217594 ], [ 80.2175414, 13.1218746 ] ] ] } },
{ "type": "Feature", "properties": { "osm_id": "way/354568512", "levels": null, "height": null, "name": null, "type": "yes" }, "geometry": { "type": "Polygon", "coordinates": [ [ [ 80.2172002, 13.1228706 ], [ 80.2173583, 13.1228739 ], [ 80.2173603, 13.1227859 ], [ 80.2172022, 13.1227826 ], [ 80.2172002, 13.1228706 ] ] ] } },
{ "type": "Feature", "properties": { "osm_id": "way/354568513", "levels": null, "height": null, "name": null, "type": "yes" }, "geometry": { "type": "Polygon", "coordinates": [ [ [ 80.2178485, 13.1225904 ], [ 80.2179296, 13.1225886 ], [ 80.2179275, 13.1224982 ], [ 80.2178464, 13.1225 ], [ 80.2178485, 13.1225904 ] ] ] } },
{ "type": "Feature", "properties": { "osm_id": "way/354568516", "levels": null, "height": null, "name": null, "type": "yes" }, "geometry": { "type": "Polygon", "coordinates": [ [ [ 80.2174564, 13.1230213 ], [ 80.2175603, 13.1230252 ], [ 80.2175637, 13.1229386 ], [ 80.2174598, 13.1229347 ], [ 80.2174564, 13.1230213 ] ] ] } },
{ "type": "Feature", "properties": { "osm_id": "way/354568517", "levels": null, "height": null, "name": null, "type": "yes" }, "geometry": { "type": "Polygon", "coordinates": [ [ [ 80.2177242, 13.1225837 ], [ 80.2178282, 13.1225837 ], [ 80.2178282, 13.1224934 ], [ 80.2177242, 13.1224934 ], [ 80.2177242, 13.1225837 ] ] ] } },
{ "type": "Feature", "properties": { "osm_id": "way/354568518", "levels": null, "height": null, "name": null, "type": "yes" }, "geometry": { "type": "Polygon", "coordinates": [ [ [ 80.2163459, 13.1238451 ], [ 80.2164455, 13.1238465 ], [ 80.2164468, 13.1237595 ], [ 80.2163472, 13.1237581 ], [ 80.2163459, 13.1238451 ] ] ] } },
{ "type": "Feature", "properties": { "osm_id": "way/354568520", "levels": null, "height": null, "name": null, "type": "yes" }, "geometry": { "type": "Polygon", "coordinates": [ [ [ 80.2169724, 13.1270171 ], [ 80.2170501, 13.1270146 ], [ 80.2170452, 13.1268654 ], [ 80.2169674, 13.1268678 ], [ 80.2169724, 13.1270171 ] ] ] } },
{ "type": "Feature", "properties": { "osm_id": "way/354568522", "levels": null, "height": null, "name": null, "type": "yes" }, "geometry": { "type": "Polygon", "coordinates": [ [ [ 80.2174793, 13.123108 ], [ 80.2176135, 13.1231099 ], [ 80.2176146, 13.1230371 ], [ 80.2174804, 13.1230351 ], [ 80.2174793, 13.123108 ] ] ] } },
{ "type": "Feature", "properties": { "osm_id": "way/354568523", "levels": null, "height": null, "name": null, "type": "yes" }, "geometry": { "type": "Polygon", "coordinates": [ [ [ 80.2136745, 13.1224106 ], [ 80.2137632, 13.1224117 ], [ 80.213766, 13.1221954 ], [ 80.2136773, 13.1221943 ], [ 80.2136745, 13.1224106 ] ] ] } },
{ "type": "Feature", "properties": { "osm_id": "way/354568525", "levels": null, "height": null, "name": null, "type": "yes" }, "geometry": { "type": "Polygon", "coordinates": [ [ [ 80.2145076, 13.1215752 ], [ 80.2147104, 13.1215742 ], [ 80.2147101, 13.1215102 ], [ 80.2145073, 13.1215112 ], [ 80.2145076, 13.1215752 ] ] ] } },
{ "type": "Feature", "properties": { "osm_id": "way/354568528", "levels": null, "height": null, "name": null, "type": "yes" }, "geometry": { "type": "Polygon", "coordinates": [ [ [ 80.2145495, 13.1208853 ], [ 80.2147199, 13.1208842 ], [ 80.2147195, 13.1208185 ], [ 80.2145491, 13.1208196 ], [ 80.2145495, 13.1208853 ] ] ] } },
{ "type": "Feature", "properties": { "osm_id": "way/354568530", "levels": null, "height": null, "name": null, "type": "yes" }, "geometry": { "type": "Polygon", "coordinates": [ [ [ 80.2167479, 13.1236195 ], [ 80.2168396, 13.1236244 ], [ 80.2168505, 13.1234337 ], [ 80.2167589, 13.1234287 ], [ 80.2167479, 13.1236195 ] ] ] } },
{ "type": "Feature", "properties": { "osm_id": "way/354568531", "levels": null, "height": null, "name": null, "type": "yes" }, "geometry": { "type": "Polygon", "coordinates": [ [ [ 80.2166546, 13.1268692 ], [ 80.2166622, 13.1269333 ], [ 80.2168154, 13.1269162 ], [ 80.2168079, 13.1268521 ], [ 80.2166546, 13.1268692 ] ] ] } },
{ "type": "Feature", "properties": { "osm_id": "way/354568534", "levels": null, "height": null, "name": null, "type": "yes" }, "geometry": { "type": "Polygon", "coordinates": [ [ [ 80.2140925, 13.1236532 ], [ 80.2140856, 13.1237224 ], [ 80.2142178, 13.123735 ], [ 80.2142247, 13.1236658 ], [ 80.2140925, 13.1236532 ] ] ] } },
{ "type": "Feature", "properties": { "osm_id": "way/354568536", "levels": null, "height": null, "name": null, "type": "yes" }, "geometry": { "type": "Polygon", "coordinates": [ [ [ 80.2143058, 13.121792 ], [ 80.2144457, 13.1217957 ], [ 80.2144487, 13.1216892 ], [ 80.2143088, 13.1216855 ], [ 80.2143058, 13.121792 ] ] ] } },
{ "type": "Feature", "properties": { "osm_id": "way/354568537", "levels": null, "height": null, "name": null, "type": "yes" }, "geometry": { "type": "Polygon", "coordinates": [ [ [ 80.2156362, 13.1214571 ], [ 80.2156988, 13.1214571 ], [ 80.2156988, 13.1213612 ], [ 80.2156362, 13.1213612 ], [ 80.2156362, 13.1214571 ] ] ] } },
{ "type": "Feature", "properties": { "osm_id": "way/354568541", "levels": null, "height": null, "name": null, "type": "yes" }, "geometry": { "type": "Polygon", "coordinates": [ [ [ 80.2150769, 13.1208359 ], [ 80.2151624, 13.1208354 ], [ 80.2151614, 13.1206752 ], [ 80.2150758, 13.1206758 ], [ 80.2150769, 13.1208359 ] ] ] } },
{ "type": "Feature", "properties": { "osm_id": "way/354568544", "levels": null, "height": null, "name": null, "type": "yes" }, "geometry": { "type": "Polygon", "coordinates": [ [ [ 80.2053202, 13.121424 ], [ 80.2054092, 13.1214393 ], [ 80.2054197, 13.1213811 ], [ 80.2053308, 13.1213658 ], [ 80.2053202, 13.121424 ] ] ] } },
{ "type": "Feature", "properties": { "osm_id": "way/354568547", "levels": null, "height": null, "name": null, "type": "yes" }, "geometry": { "type": "Polygon", "coordinates": [ [ [ 80.2139563, 13.1211322 ], [ 80.214044, 13.1211316 ], [ 80.2140433, 13.1210237 ], [ 80.2139556, 13.1210243 ], [ 80.2139563, 13.1211322 ] ] ] } },
{ "type": "Feature", "properties": { "osm_id": "way/354568549", "levels": null, "height": null, "name": null, "type": "yes" }, "geometry": { "type": "Polygon", "coordinates": [ [ [ 80.2162672, 13.120656 ], [ 80.216372, 13.1206573 ], [ 80.216374, 13.1205075 ], [ 80.2162693, 13.1205061 ], [ 80.2162672, 13.120656 ] ] ] } },
{ "type": "Feature", "properties": { "osm_id": "way/354568550", "levels": null, "height": null, "name": null, "type": "yes" }, "geometry": { "type": "Polygon", "coordinates": [ [ [ 80.2155207, 13.1212421 ], [ 80.2156127, 13.1212418 ], [ 80.2156122, 13.1211029 ], [ 80.2155203, 13.1211032 ], [ 80.2155207, 13.1212421 ] ] ] } },
{ "type": "Feature", "properties": { "osm_id": "way/354568555", "levels": null, "height": null, "name": null, "type": "yes" }, "geometry": { "type": "Polygon", "coordinates": [ [ [ 80.2143597, 13.1251528 ], [ 80.2145357, 13.1251479 ], [ 80.2145339, 13.1250872 ], [ 80.214358, 13.1250921 ], [ 80.2143597, 13.1251528 ] ] ] } },
{ "type": "Feature", "properties": { "osm_id": "way/354568558", "levels": null, "height": null, "name": null, "type": "yes" }, "geometry": { "type": "Polygon", "coordinates": [ [ [ 80.2144193, 13.1244771 ], [ 80.2144816, 13.1244722 ], [ 80.2144736, 13.1243754 ], [ 80.2144113, 13.1243803 ], [ 80.2144193, 13.1244771 ] ] ] } },
{ "type": "Feature", "properties": { "osm_id": "way/354568563", "levels": null, "height": null, "name": null, "type": "yes" }, "geometry": { "type": "Polygon", "coordinates": [ [ [ 80.2140534, 13.1212401 ], [ 80.2142122, 13.1212391 ], [ 80.2142115, 13.1211422 ], [ 80.2140527, 13.1211432 ], [ 80.2140534, 13.1212401 ] ] ] } },
{ "type": "Feature", "properties": { "osm_id": "way/354568566", "levels": null, "height": null, "name": null, "type": "yes" }, "geometry": { "type": "Polygon", "coordinates": [ [ [ 80.2161442, 13.1210544 ], [ 80.216203, 13.1210573 ], [ 80.2162101, 13.1209238 ], [ 80.2161512, 13.1209209 ], [ 80.2161442, 13.1210544 ] ] ] } },
{ "type": "Feature", "properties": { "osm_id": "way/354568567", "levels": null, "height": null, "name": null, "type": "yes" }, "geometry": { "type": "Polygon", "coordinates": [ [ [ 80.2153023, 13.1268749 ], [ 80.215525, 13.1268923 ], [ 80.2155331, 13.1267947 ], [ 80.2153104, 13.1267773 ], [ 80.2153023, 13.1268749 ] ] ] } },
{ "type": "Feature", "properties": { "osm_id": "way/354568572", "levels": null, "height": null, "name": null, "type": "yes" }, "geometry": { "type": "Polygon", "coordinates": [ [ [ 80.2151755, 13.1232303 ], [ 80.2152441, 13.1232318 ], [ 80.2152451, 13.1231887 ], [ 80.2151765, 13.1231872 ], [ 80.2151755, 13.1232303 ] ] ] } },
{ "type": "Feature", "properties": { "osm_id": "way/354568573", "levels": null, "height": null, "name": null, "type": "yes" }, "geometry": { "type": "Polygon", "coordinates": [ [ [ 80.2165724, 13.1234767 ], [ 80.2166708, 13.1234794 ], [ 80.2166733, 13.1233943 ], [ 80.2165749, 13.1233916 ], [ 80.2165724, 13.1234767 ] ] ] } },
{ "type": "Feature", "properties": { "osm_id": "way/354568578", "levels": null, "height": null, "name": null, "type": "yes" }, "geometry": { "type": "Polygon", "coordinates": [ [ [ 80.2148251, 13.1268623 ], [ 80.2150071, 13.1268512 ], [ 80.2149982, 13.1267127 ], [ 80.2148162, 13.1267239 ], [ 80.2148251, 13.1268623 ] ] ] } },
{ "type": "Feature", "properties": { "osm_id": "way/354568579", "levels": null, "height": null, "name": null, "type": "yes" }, "geometry": { "type": "Polygon", "coordinates": [ [ [ 80.2140164, 13.1221868 ], [ 80.2141277, 13.1221861 ], [ 80.2141273, 13.1221225 ], [ 80.214016, 13.1221232 ], [ 80.2140164, 13.1221868 ] ] ] } },
{ "type": "Feature", "properties": { "osm_id": "way/354568581", "levels": null, "height": null, "name": null, "type": "yes" }, "geometry": { "type": "Polygon", "coordinates": [ [ [ 80.2145157, 13.1244751 ], [ 80.2145982, 13.1244751 ], [ 80.2145982, 13.1243774 ], [ 80.2145157, 13.1243774 ], [ 80.2145157, 13.1244751 ] ] ] } },
{ "type": "Feature", "properties": { "osm_id": "way/354568587", "levels": null, "height": null, "name": null, "type": "yes" }, "geometry": { "type": "Polygon", "coordinates": [ [ [ 80.2179465, 13.1226135 ], [ 80.2180252, 13.1226135 ], [ 80.2180252, 13.1225047 ], [ 80.2179465, 13.1225047 ], [ 80.2179465, 13.1226135 ] ] ] } },
{ "type": "Feature", "properties": { "osm_id": "way/354568589", "levels": null, "height": null, "name": null, "type": "yes" }, "geometry": { "type": "Polygon", "coordinates": [ [ [ 80.2173038, 13.1236352 ], [ 80.2173927, 13.1236368 ], [ 80.2173962, 13.1234506 ], [ 80.2173073, 13.123449 ], [ 80.2173038, 13.1236352 ] ] ] } },
{ "type": "Feature", "properties": { "osm_id": "way/354568593", "levels": null, "height": null, "name": null, "type": "yes" }, "geometry": { "type": "Polygon", "coordinates": [ [ [ 80.2174724, 13.1229203 ], [ 80.2175772, 13.1229237 ], [ 80.2175803, 13.1228326 ], [ 80.2174755, 13.1228292 ], [ 80.2174724, 13.1229203 ] ] ] } },
{ "type": "Feature", "properties": { "osm_id": "way/354568596", "levels": null, "height": null, "name": null, "type": "yes" }, "geometry": { "type": "Polygon", "coordinates": [ [ [ 80.2130278, 13.1211894 ], [ 80.2130266, 13.1210053 ], [ 80.2129259, 13.1210059 ], [ 80.2129271, 13.12119 ], [ 80.2130278, 13.1211894 ] ] ] } },
{ "type": "Feature", "properties": { "osm_id": "way/354568597", "levels": null, "height": null, "name": null, "type": "yes" }, "geometry": { "type": "Polygon", "coordinates": [ [ [ 80.2164501, 13.1239591 ], [ 80.2164511, 13.1238881 ], [ 80.2163539, 13.1238867 ], [ 80.2163528, 13.1239577 ], [ 80.2164501, 13.1239591 ] ] ] } },
{ "type": "Feature", "properties": { "osm_id": "way/354568599", "levels": null, "height": null, "name": null, "type": "yes" }, "geometry": { "type": "Polygon", "coordinates": [ [ [ 80.217598, 13.1269066 ], [ 80.2176831, 13.126904 ], [ 80.2176781, 13.1267517 ], [ 80.217593, 13.1267544 ], [ 80.217598, 13.1269066 ] ] ] } },
{ "type": "Feature", "properties": { "osm_id": "way/354568601", "levels": null, "height": null, "name": null, "type": "yes" }, "geometry": { "type": "Polygon", "coordinates": [ [ [ 80.2137793, 13.122413 ], [ 80.2138892, 13.1224132 ], [ 80.2138897, 13.1222007 ], [ 80.2137798, 13.1222005 ], [ 80.2137793, 13.122413 ] ] ] } },
{ "type": "Feature", "properties": { "osm_id": "way/354568603", "levels": null, "height": null, "name": null, "type": "yes" }, "geometry": { "type": "Polygon", "coordinates": [ [ [ 80.2155377, 13.1214832 ], [ 80.2156183, 13.1214832 ], [ 80.2156183, 13.1213602 ], [ 80.2155377, 13.1213602 ], [ 80.2155377, 13.1214832 ] ] ] } },
{ "type": "Feature", "properties": { "osm_id": "way/354568604", "levels": null, "height": null, "name": null, "type": "yes" }, "geometry": { "type": "Polygon", "coordinates": [ [ [ 80.2165282, 13.1216718 ], [ 80.2166154, 13.1216714 ], [ 80.2166147, 13.1215201 ], [ 80.2165275, 13.1215205 ], [ 80.2165282, 13.1216718 ] ] ] } },
{ "type": "Feature", "properties": { "osm_id": "way/354568607", "levels": null, "height": null, "name": null, "type": "yes" }, "geometry": { "type": "Polygon", "coordinates": [ [ [ 80.2131857, 13.1206748 ], [ 80.2131843, 13.120474 ], [ 80.213057, 13.1204749 ], [ 80.2130584, 13.1206756 ], [ 80.2131857, 13.1206748 ] ] ] } },
{ "type": "Feature", "properties": { "osm_id": "way/354568608", "levels": null, "height": null, "name": null, "type": "yes" }, "geometry": { "type": "Polygon", "coordinates": [ [ [ 80.2152253, 13.1283396 ], [ 80.2153616, 13.1282852 ], [ 80.2153232, 13.1281938 ], [ 80.2151868, 13.1282482 ], [ 80.2152253, 13.1283396 ] ] ] } },
{ "type": "Feature", "properties": { "osm_id": "way/354568614", "levels": null, "height": null, "name": null, "type": "yes" }, "geometry": { "type": "Polygon", "coordinates": [ [ [ 80.2134303, 13.1222288 ], [ 80.2135276, 13.1222233 ], [ 80.2135192, 13.1220838 ], [ 80.2134219, 13.1220894 ], [ 80.2134303, 13.1222288 ] ] ] } },
{ "type": "Feature", "properties": { "osm_id": "way/354568615", "levels": null, "height": null, "name": null, "type": "yes" }, "geometry": { "type": "Polygon", "coordinates": [ [ [ 80.216098, 13.1216013 ], [ 80.2162262, 13.1215935 ], [ 80.2162213, 13.1215168 ], [ 80.2160931, 13.1215246 ], [ 80.216098, 13.1216013 ] ] ] } },
{ "type": "Feature", "properties": { "osm_id": "way/354568616", "levels": null, "height": null, "name": null, "type": "yes" }, "geometry": { "type": "Polygon", "coordinates": [ [ [ 80.2157578, 13.1210296 ], [ 80.2158549, 13.121029 ], [ 80.2158543, 13.1209289 ], [ 80.2157572, 13.1209295 ], [ 80.2157578, 13.1210296 ] ] ] } },
{ "type": "Feature", "properties": { "osm_id": "way/354568620", "levels": null, "height": null, "name": null, "type": "yes" }, "geometry": { "type": "Polygon", "coordinates": [ [ [ 80.2151756, 13.128245 ], [ 80.215305, 13.1281993 ], [ 80.2152473, 13.1280446 ], [ 80.2151179, 13.1280903 ], [ 80.2151756, 13.128245 ] ] ] } },
{ "type": "Feature", "properties": { "osm_id": "way/354568625", "levels": null, "height": null, "name": null, "type": "yes" }, "geometry": { "type": "Polygon", "coordinates": [ [ [ 80.2148983, 13.1252057 ], [ 80.2149699, 13.1252054 ], [ 80.2149693, 13.1251017 ], [ 80.2148978, 13.125102 ], [ 80.2148983, 13.1252057 ] ] ] } },
{ "type": "Feature", "properties": { "osm_id": "way/354568629", "levels": null, "height": null, "name": null, "type": "yes" }, "geometry": { "type": "Polygon", "coordinates": [ [ [ 80.2141595, 13.1218341 ], [ 80.2142044, 13.1218339 ], [ 80.2142037, 13.1217339 ], [ 80.2141588, 13.1217342 ], [ 80.2141595, 13.1218341 ] ] ] } },
{ "type": "Feature", "properties": { "osm_id": "way/354568631", "levels": null, "height": null, "name": null, "type": "yes" }, "geometry": { "type": "Polygon", "coordinates": [ [ [ 80.2156475, 13.121077 ], [ 80.2157464, 13.1210764 ], [ 80.2157454, 13.1209273 ], [ 80.2156465, 13.1209279 ], [ 80.2156475, 13.121077 ] ] ] } },
{ "type": "Feature", "properties": { "osm_id": "way/354568632", "levels": null, "height": null, "name": null, "type": "yes" }, "geometry": { "type": "Polygon", "coordinates": [ [ [ 80.2143099, 13.1270978 ], [ 80.2144399, 13.1270889 ], [ 80.214431, 13.1269658 ], [ 80.214301, 13.1269747 ], [ 80.2143099, 13.1270978 ] ] ] } },
{ "type": "Feature", "properties": { "osm_id": "way/354568636", "levels": null, "height": null, "name": null, "type": "yes" }, "geometry": { "type": "Polygon", "coordinates": [ [ [ 80.2168642, 13.123387 ], [ 80.2169562, 13.1233902 ], [ 80.2169604, 13.1232766 ], [ 80.2168684, 13.1232733 ], [ 80.2168642, 13.123387 ] ] ] } },
{ "type": "Feature", "properties": { "osm_id": "way/354568637", "levels": null, "height": null, "name": null, "type": "yes" }, "geometry": { "type": "Polygon", "coordinates": [ [ [ 80.2158194, 13.125477 ], [ 80.2158185, 13.1253065 ], [ 80.2157485, 13.1253069 ], [ 80.2157493, 13.1254773 ], [ 80.2158194, 13.125477 ] ] ] } },
{ "type": "Feature", "properties": { "osm_id": "way/354568644", "levels": null, "height": null, "name": null, "type": "yes" }, "geometry": { "type": "Polygon", "coordinates": [ [ [ 80.2153839, 13.1275687 ], [ 80.2154599, 13.1275399 ], [ 80.2154226, 13.1274468 ], [ 80.2153467, 13.1274756 ], [ 80.2153839, 13.1275687 ] ] ] } },
{ "type": "Feature", "properties": { "osm_id": "way/354568645", "levels": null, "height": null, "name": null, "type": "yes" }, "geometry": { "type": "Polygon", "coordinates": [ [ [ 80.2151221, 13.1224473 ], [ 80.2152337, 13.1224466 ], [ 80.2152332, 13.1223611 ], [ 80.2151215, 13.1223618 ], [ 80.2151221, 13.1224473 ] ] ] } },
{ "type": "Feature", "properties": { "osm_id": "way/354568648", "levels": null, "height": null, "name": null, "type": "yes" }, "geometry": { "type": "Polygon", "coordinates": [ [ [ 80.2165506, 13.1235951 ], [ 80.216653, 13.1236097 ], [ 80.2166699, 13.1234974 ], [ 80.2165675, 13.1234828 ], [ 80.2165506, 13.1235951 ] ] ] } },
{ "type": "Feature", "properties": { "osm_id": "way/354568649", "levels": null, "height": null, "name": null, "type": "yes" }, "geometry": { "type": "Polygon", "coordinates": [ [ [ 80.2178769, 13.1223595 ], [ 80.2179715, 13.1223613 ], [ 80.2179743, 13.1222209 ], [ 80.2178797, 13.1222191 ], [ 80.2178769, 13.1223595 ] ] ] } },
{ "type": "Feature", "properties": { "osm_id": "way/354568652", "levels": null, "height": null, "name": null, "type": "yes" }, "geometry": { "type": "Polygon", "coordinates": [ [ [ 80.2139888, 13.1222742 ], [ 80.2139883, 13.1221973 ], [ 80.2139187, 13.1221977 ], [ 80.2139192, 13.1222747 ], [ 80.2139888, 13.1222742 ] ] ] } },
{ "type": "Feature", "properties": { "osm_id": "way/354568655", "levels": null, "height": null, "name": null, "type": "yes" }, "geometry": { "type": "Polygon", "coordinates": [ [ [ 80.2177645, 13.1223649 ], [ 80.217849, 13.1223682 ], [ 80.2178532, 13.1222655 ], [ 80.2177687, 13.1222622 ], [ 80.2177645, 13.1223649 ] ] ] } },
{ "type": "Feature", "properties": { "osm_id": "way/354568657", "levels": null, "height": null, "name": null, "type": "yes" }, "geometry": { "type": "Polygon", "coordinates": [ [ [ 80.217183, 13.1235219 ], [ 80.2172852, 13.1235203 ], [ 80.2172839, 13.1234425 ], [ 80.2171818, 13.123444 ], [ 80.217183, 13.1235219 ] ] ] } },
{ "type": "Feature", "properties": { "osm_id": "way/354568658", "levels": null, "height": null, "name": null, "type": "yes" }, "geometry": { "type": "Polygon", "coordinates": [ [ [ 80.2145695, 13.1279564 ], [ 80.2146212, 13.1279564 ], [ 80.2146209, 13.1278003 ], [ 80.2145692, 13.1278004 ], [ 80.2145695, 13.1279564 ] ] ] } },
{ "type": "Feature", "properties": { "osm_id": "way/354568666", "levels": null, "height": null, "name": null, "type": "yes" }, "geometry": { "type": "Polygon", "coordinates": [ [ [ 80.2171871, 13.1236324 ], [ 80.2172945, 13.1236344 ], [ 80.2172966, 13.1235256 ], [ 80.2171892, 13.1235236 ], [ 80.2171871, 13.1236324 ] ] ] } },
{ "type": "Feature", "properties": { "osm_id": "way/354568667", "levels": null, "height": null, "name": null, "type": "yes" }, "geometry": { "type": "Polygon", "coordinates": [ [ [ 80.2177632, 13.1230089 ], [ 80.2178307, 13.1230093 ], [ 80.2178317, 13.1228699 ], [ 80.2177642, 13.1228694 ], [ 80.2177632, 13.1230089 ] ] ] } },
{ "type": "Feature", "properties": { "osm_id": "way/354568669", "levels": null, "height": null, "name": null, "type": "yes" }, "geometry": { "type": "Polygon", "coordinates": [ [ [ 80.214496, 13.1279621 ], [ 80.2145614, 13.1279625 ], [ 80.2145624, 13.1277979 ], [ 80.214497, 13.1277975 ], [ 80.214496, 13.1279621 ] ] ] } },
{ "type": "Feature", "properties": { "osm_id": "way/354568673", "levels": null, "height": null, "name": null, "type": "yes" }, "geometry": { "type": "Polygon", "coordinates": [ [ [ 80.2168104, 13.1273341 ], [ 80.2168823, 13.1272934 ], [ 80.2168117, 13.1271753 ], [ 80.2167398, 13.127216 ], [ 80.2168104, 13.1273341 ] ] ] } },
{ "type": "Feature", "properties": { "osm_id": "way/354568678", "levels": null, "height": null, "name": null, "type": "yes" }, "geometry": { "type": "Polygon", "coordinates": [ [ [ 80.2139201, 13.121915 ], [ 80.2140395, 13.1219217 ], [ 80.2140444, 13.1218374 ], [ 80.213925, 13.1218307 ], [ 80.2139201, 13.121915 ] ] ] } },
{ "type": "Feature", "properties": { "osm_id": "way/354568680", "levels": null, "height": null, "name": null, "type": "yes" }, "geometry": { "type": "Polygon", "coordinates": [ [ [ 80.2163381, 13.1214954 ], [ 80.2164365, 13.1214963 ], [ 80.2164379, 13.1213484 ], [ 80.2163395, 13.1213475 ], [ 80.2163381, 13.1214954 ] ] ] } },
{ "type": "Feature", "properties": { "osm_id": "way/354568682", "levels": null, "height": null, "name": null, "type": "yes" }, "geometry": { "type": "Polygon", "coordinates": [ [ [ 80.215735, 13.1206752 ], [ 80.2158635, 13.1206744 ], [ 80.2158622, 13.1204768 ], [ 80.2157337, 13.1204776 ], [ 80.215735, 13.1206752 ] ] ] } },
{ "type": "Feature", "properties": { "osm_id": "way/354568687", "levels": null, "height": null, "name": null, "type": "yes" }, "geometry": { "type": "Polygon", "coordinates": [ [ [ 80.2168467, 13.1278357 ], [ 80.2169341, 13.1277802 ], [ 80.2168329, 13.127629 ], [ 80.2167455, 13.1276844 ], [ 80.2168467, 13.1278357 ] ] ] } },
{ "type": "Feature", "properties": { "osm_id": "way/354568691", "levels": null, "height": null, "name": null, "type": "yes" }, "geometry": { "type": "Polygon", "coordinates": [ [ [ 80.2049509, 13.1201662 ], [ 80.2050127, 13.1201724 ], [ 80.2050233, 13.1200732 ], [ 80.2049614, 13.1200669 ], [ 80.2049509, 13.1201662 ] ] ] } },
{ "type": "Feature", "properties": { "osm_id": "way/354568694", "levels": null, "height": null, "name": null, "type": "yes" }, "geometry": { "type": "Polygon", "coordinates": [ [ [ 80.2152203, 13.1250791 ], [ 80.215297, 13.1250795 ], [ 80.2152977, 13.1249594 ], [ 80.215221, 13.1249589 ], [ 80.2152203, 13.1250791 ] ] ] } },
{ "type": "Feature", "properties": { "osm_id": "way/354568699", "levels": null, "height": null, "name": null, "type": "yes" }, "geometry": { "type": "Polygon", "coordinates": [ [ [ 80.2135573, 13.1222539 ], [ 80.21365, 13.1222525 ], [ 80.2136472, 13.1220715 ], [ 80.2135545, 13.1220729 ], [ 80.2135573, 13.1222539 ] ] ] } },
{ "type": "Feature", "properties": { "osm_id": "way/354568703", "levels": null, "height": null, "name": null, "type": "yes" }, "geometry": { "type": "Polygon", "coordinates": [ [ [ 80.2156425, 13.1208485 ], [ 80.215728, 13.120848 ], [ 80.215727, 13.1207033 ], [ 80.2156416, 13.1207039 ], [ 80.2156425, 13.1208485 ] ] ] } },
{ "type": "Feature", "properties": { "osm_id": "way/354568705", "levels": null, "height": null, "name": null, "type": "yes" }, "geometry": { "type": "Polygon", "coordinates": [ [ [ 80.2142148, 13.1258185 ], [ 80.2142163, 13.1258662 ], [ 80.2143302, 13.1258627 ], [ 80.2143287, 13.125815 ], [ 80.2142148, 13.1258185 ] ] ] } },
{ "type": "Feature", "properties": { "osm_id": "way/354568728", "levels": null, "height": null, "name": null, "type": "yes" }, "geometry": { "type": "Polygon", "coordinates": [ [ [ 80.2151971, 13.1252119 ], [ 80.2153003, 13.1252114 ], [ 80.2152997, 13.1251023 ], [ 80.2151965, 13.1251029 ], [ 80.2151971, 13.1252119 ] ] ] } },
{ "type": "Feature", "properties": { "osm_id": "way/354568729", "levels": null, "height": null, "name": null, "type": "yes" }, "geometry": { "type": "Polygon", "coordinates": [ [ [ 80.2153154, 13.1249832 ], [ 80.2153776, 13.1249808 ], [ 80.2153726, 13.124854 ], [ 80.2153104, 13.1248563 ], [ 80.2153154, 13.1249832 ] ] ] } },
{ "type": "Feature", "properties": { "osm_id": "way/354568741", "levels": null, "height": null, "name": null, "type": "yes" }, "geometry": { "type": "Polygon", "coordinates": [ [ [ 80.214444, 13.1270908 ], [ 80.2145266, 13.1270854 ], [ 80.2145178, 13.1269581 ], [ 80.2144352, 13.1269635 ], [ 80.214444, 13.1270908 ] ] ] } },
{ "type": "Feature", "properties": { "osm_id": "way/354568743", "levels": null, "height": null, "name": null, "type": "yes" }, "geometry": { "type": "Polygon", "coordinates": [ [ [ 80.2156762, 13.1227902 ], [ 80.2157597, 13.1227881 ], [ 80.2157583, 13.122734 ], [ 80.2156748, 13.1227361 ], [ 80.2156762, 13.1227902 ] ] ] } },
{ "type": "Feature", "properties": { "osm_id": "way/354568747", "levels": null, "height": null, "name": null, "type": "yes" }, "geometry": { "type": "Polygon", "coordinates": [ [ [ 80.216997, 13.1233219 ], [ 80.2170646, 13.1233214 ], [ 80.2170639, 13.1232331 ], [ 80.2169963, 13.1232336 ], [ 80.216997, 13.1233219 ] ] ] } },
{ "type": "Feature", "properties": { "osm_id": "way/354568749", "levels": null, "height": null, "name": null, "type": "yes" }, "geometry": { "type": "Polygon", "coordinates": [ [ [ 80.2176383, 13.1218697 ], [ 80.217745, 13.1218671 ], [ 80.217742, 13.1217524 ], [ 80.2176354, 13.121755 ], [ 80.2176383, 13.1218697 ] ] ] } },
{ "type": "Feature", "properties": { "osm_id": "way/354568758", "levels": null, "height": null, "name": null, "type": "yes" }, "geometry": { "type": "Polygon", "coordinates": [ [ [ 80.2155488, 13.1230343 ], [ 80.2156823, 13.1230572 ], [ 80.2157027, 13.1229444 ], [ 80.2155692, 13.1229215 ], [ 80.2155488, 13.1230343 ] ] ] } },
{ "type": "Feature", "properties": { "osm_id": "way/354568760", "levels": null, "height": null, "name": null, "type": "yes" }, "geometry": { "type": "Polygon", "coordinates": [ [ [ 80.2172167, 13.122766 ], [ 80.2173618, 13.1227636 ], [ 80.2173609, 13.1227121 ], [ 80.2172158, 13.1227146 ], [ 80.2172167, 13.122766 ] ] ] } },
{ "type": "Feature", "properties": { "osm_id": "way/354568766", "levels": null, "height": null, "name": null, "type": "yes" }, "geometry": { "type": "Polygon", "coordinates": [ [ [ 80.2174811, 13.1223398 ], [ 80.2176259, 13.1223445 ], [ 80.2176299, 13.1222288 ], [ 80.2174851, 13.1222241 ], [ 80.2174811, 13.1223398 ] ] ] } },
{ "type": "Feature", "properties": { "osm_id": "way/354568778", "levels": null, "height": null, "name": null, "type": "yes" }, "geometry": { "type": "Polygon", "coordinates": [ [ [ 80.2175751, 13.1236318 ], [ 80.2176204, 13.1236305 ], [ 80.2176148, 13.123447 ], [ 80.2175694, 13.1234484 ], [ 80.2175751, 13.1236318 ] ] ] } },
{ "type": "Feature", "properties": { "osm_id": "way/354568780", "levels": null, "height": null, "name": null, "type": "yes" }, "geometry": { "type": "Polygon", "coordinates": [ [ [ 80.2175876, 13.1230035 ], [ 80.2176481, 13.1230113 ], [ 80.21767, 13.1228496 ], [ 80.2176095, 13.1228418 ], [ 80.2175876, 13.1230035 ] ] ] } },
{ "type": "Feature", "properties": { "osm_id": "way/354568787", "levels": null, "height": null, "name": null, "type": "yes" }, "geometry": { "type": "Polygon", "coordinates": [ [ [ 80.2166539, 13.127463 ], [ 80.2167141, 13.1274239 ], [ 80.2166325, 13.1273049 ], [ 80.2165724, 13.127344 ], [ 80.2166539, 13.127463 ] ] ] } },
{ "type": "Feature", "properties": { "osm_id": "way/354568792", "levels": null, "height": null, "name": null, "type": "yes" }, "geometry": { "type": "Polygon", "coordinates": [ [ [ 80.2176615, 13.1230181 ], [ 80.2177348, 13.1230273 ], [ 80.2177547, 13.1228772 ], [ 80.2176814, 13.122868 ], [ 80.2176615, 13.1230181 ] ] ] } },
{ "type": "Feature", "properties": { "osm_id": "way/354568793", "levels": null, "height": null, "name": null, "type": "yes" }, "geometry": { "type": "Polygon", "coordinates": [ [ [ 80.2143388, 13.124361 ], [ 80.2146642, 13.1243631 ], [ 80.2146648, 13.1242825 ], [ 80.2143393, 13.1242804 ], [ 80.2143388, 13.124361 ] ] ] } },
{ "type": "Feature", "properties": { "osm_id": "way/354568798", "levels": null, "height": null, "name": null, "type": "yes" }, "geometry": { "type": "Polygon", "coordinates": [ [ [ 80.2143306, 13.121672 ], [ 80.2144917, 13.121672 ], [ 80.2144917, 13.1215829 ], [ 80.2143306, 13.1215829 ], [ 80.2143306, 13.121672 ] ] ] } },
{ "type": "Feature", "properties": { "osm_id": "way/354568803", "levels": null, "height": null, "name": null, "type": "yes" }, "geometry": { "type": "Polygon", "coordinates": [ [ [ 80.215899, 13.1205716 ], [ 80.216008, 13.1205709 ], [ 80.2160074, 13.1204816 ], [ 80.2158984, 13.1204823 ], [ 80.215899, 13.1205716 ] ] ] } },
{ "type": "Feature", "properties": { "osm_id": "way/354568806", "levels": null, "height": null, "name": null, "type": "yes" }, "geometry": { "type": "Polygon", "coordinates": [ [ [ 80.2151396, 13.1249129 ], [ 80.2151426, 13.1247294 ], [ 80.2149318, 13.1247262 ], [ 80.2149296, 13.1248587 ], [ 80.2150558, 13.1248606 ], [ 80.2150549, 13.1249116 ], [ 80.2151396, 13.1249129 ] ] ] } },
{ "type": "Feature", "properties": { "osm_id": "way/354568810", "levels": null, "height": null, "name": null, "type": "yes" }, "geometry": { "type": "Polygon", "coordinates": [ [ [ 80.214304, 13.1248348 ], [ 80.2142843, 13.1246411 ], [ 80.2142051, 13.1246372 ], [ 80.2141205, 13.1246376 ], [ 80.2140867, 13.124805 ], [ 80.2142386, 13.1248108 ], [ 80.214234, 13.1248447 ], [ 80.214304, 13.1248348 ] ] ] } },
{ "type": "Feature", "properties": { "osm_id": "way/354574245", "levels": null, "height": null, "name": null, "type": "yes" }, "geometry": { "type": "Polygon", "coordinates": [ [ [ 80.2129399, 13.118614 ], [ 80.213058, 13.1186098 ], [ 80.2130517, 13.1184434 ], [ 80.2129335, 13.1184477 ], [ 80.2129399, 13.118614 ] ] ] } },
{ "type": "Feature", "properties": { "osm_id": "way/354574246", "levels": null, "height": null, "name": null, "type": "yes" }, "geometry": { "type": "Polygon", "coordinates": [ [ [ 80.2105182, 13.1190135 ], [ 80.2106483, 13.1190128 ], [ 80.2106479, 13.118934 ], [ 80.2105178, 13.1189346 ], [ 80.2105182, 13.1190135 ] ] ] } },
{ "type": "Feature", "properties": { "osm_id": "way/354574247", "levels": null, "height": null, "name": null, "type": "yes" }, "geometry": { "type": "Polygon", "coordinates": [ [ [ 80.2089563, 13.1204598 ], [ 80.2090282, 13.1204585 ], [ 80.2090266, 13.1203736 ], [ 80.2089547, 13.1203749 ], [ 80.2089563, 13.1204598 ] ] ] } },
{ "type": "Feature", "properties": { "osm_id": "way/354574248", "levels": null, "height": null, "name": null, "type": "yes" }, "geometry": { "type": "Polygon", "coordinates": [ [ [ 80.2081185, 13.1210391 ], [ 80.2082073, 13.1210375 ], [ 80.2082035, 13.1208406 ], [ 80.2081147, 13.1208422 ], [ 80.2081185, 13.1210391 ] ] ] } },
{ "type": "Feature", "properties": { "osm_id": "way/354574249", "levels": null, "height": null, "name": null, "type": "yes" }, "geometry": { "type": "Polygon", "coordinates": [ [ [ 80.2098987, 13.1195575 ], [ 80.2099106, 13.1197731 ], [ 80.2099842, 13.1197693 ], [ 80.2099722, 13.1195536 ], [ 80.2098987, 13.1195575 ] ] ] } },
{ "type": "Feature", "properties": { "osm_id": "way/354574250", "levels": null, "height": null, "name": null, "type": "yes" }, "geometry": { "type": "Polygon", "coordinates": [ [ [ 80.2089591, 13.1203684 ], [ 80.2090302, 13.1203671 ], [ 80.2090287, 13.1202866 ], [ 80.2089576, 13.1202879 ], [ 80.2089591, 13.1203684 ] ] ] } },
{ "type": "Feature", "properties": { "osm_id": "way/354574251", "levels": null, "height": null, "name": null, "type": "yes" }, "geometry": { "type": "Polygon", "coordinates": [ [ [ 80.2105348, 13.1190871 ], [ 80.210655, 13.1190881 ], [ 80.2106555, 13.1190249 ], [ 80.2105353, 13.1190239 ], [ 80.2105348, 13.1190871 ] ] ] } },
{ "type": "Feature", "properties": { "osm_id": "way/354574252", "levels": null, "height": null, "name": null, "type": "yes" }, "geometry": { "type": "Polygon", "coordinates": [ [ [ 80.2100118, 13.1197939 ], [ 80.2100781, 13.1197899 ], [ 80.2100683, 13.1196372 ], [ 80.2100019, 13.1196413 ], [ 80.2100118, 13.1197939 ] ] ] } },
{ "type": "Feature", "properties": { "osm_id": "way/354736257", "levels": null, "height": null, "name": null, "type": "yes" }, "geometry": { "type": "Polygon", "coordinates": [ [ [ 80.2113661, 13.1214136 ], [ 80.2113703, 13.1213027 ], [ 80.2112966, 13.1213 ], [ 80.2112923, 13.1214109 ], [ 80.2113661, 13.1214136 ] ] ] } },
{ "type": "Feature", "properties": { "osm_id": "way/354736260", "levels": null, "height": null, "name": null, "type": "yes" }, "geometry": { "type": "Polygon", "coordinates": [ [ [ 80.2052478, 13.1242726 ], [ 80.2053849, 13.1242712 ], [ 80.205384, 13.1241903 ], [ 80.205247, 13.1241916 ], [ 80.2052478, 13.1242726 ] ] ] } },
{ "type": "Feature", "properties": { "osm_id": "way/354736265", "levels": null, "height": null, "name": null, "type": "yes" }, "geometry": { "type": "Polygon", "coordinates": [ [ [ 80.209551, 13.12565 ], [ 80.2095382, 13.1257006 ], [ 80.2096464, 13.1257266 ], [ 80.2096592, 13.125676 ], [ 80.209551, 13.12565 ] ] ] } },
{ "type": "Feature", "properties": { "osm_id": "way/354736268", "levels": null, "height": null, "name": null, "type": "yes" }, "geometry": { "type": "Polygon", "coordinates": [ [ [ 80.2088908, 13.1209347 ], [ 80.208958, 13.1209325 ], [ 80.208955, 13.1208464 ], [ 80.2088878, 13.1208486 ], [ 80.2088908, 13.1209347 ] ] ] } },
{ "type": "Feature", "properties": { "osm_id": "way/354736289", "levels": null, "height": null, "name": null, "type": "yes" }, "geometry": { "type": "Polygon", "coordinates": [ [ [ 80.2098802, 13.1190176 ], [ 80.209949, 13.1190148 ], [ 80.2099445, 13.1189112 ], [ 80.2098757, 13.1189141 ], [ 80.2098802, 13.1190176 ] ] ] } },
{ "type": "Feature", "properties": { "osm_id": "way/354736291", "levels": null, "height": null, "name": null, "type": "yes" }, "geometry": { "type": "Polygon", "coordinates": [ [ [ 80.2089679, 13.120925 ], [ 80.2090405, 13.1209236 ], [ 80.209038, 13.1208079 ], [ 80.2089654, 13.1208093 ], [ 80.2089679, 13.120925 ] ] ] } },
{ "type": "Feature", "properties": { "osm_id": "way/354736292", "levels": null, "height": null, "name": null, "type": "yes" }, "geometry": { "type": "Polygon", "coordinates": [ [ [ 80.2115943, 13.1227678 ], [ 80.2117002, 13.1227728 ], [ 80.2117086, 13.1226051 ], [ 80.2116026, 13.1226001 ], [ 80.2115943, 13.1227678 ] ] ] } },
{ "type": "Feature", "properties": { "osm_id": "way/354736295", "levels": null, "height": null, "name": null, "type": "yes" }, "geometry": { "type": "Polygon", "coordinates": [ [ [ 80.2076532, 13.1261864 ], [ 80.2077411, 13.1261955 ], [ 80.2077503, 13.126112 ], [ 80.2076624, 13.1261028 ], [ 80.2076532, 13.1261864 ] ] ] } },
{ "type": "Feature", "properties": { "osm_id": "way/354736306", "levels": null, "height": null, "name": null, "type": "yes" }, "geometry": { "type": "Polygon", "coordinates": [ [ [ 80.2056929, 13.1239811 ], [ 80.2057544, 13.1239795 ], [ 80.2057505, 13.1238275 ], [ 80.2056889, 13.1238291 ], [ 80.2056929, 13.1239811 ] ] ] } },
{ "type": "Feature", "properties": { "osm_id": "way/354736315", "levels": null, "height": null, "name": null, "type": "yes" }, "geometry": { "type": "Polygon", "coordinates": [ [ [ 80.2095682, 13.1189274 ], [ 80.2095771, 13.1190222 ], [ 80.2097388, 13.1190079 ], [ 80.2097299, 13.118913 ], [ 80.2095682, 13.1189274 ] ] ] } },
{ "type": "Feature", "properties": { "osm_id": "way/354736322", "levels": null, "height": null, "name": null, "type": "yes" }, "geometry": { "type": "Polygon", "coordinates": [ [ [ 80.2052505, 13.1247126 ], [ 80.2053741, 13.1247085 ], [ 80.2053706, 13.1246085 ], [ 80.2052469, 13.1246127 ], [ 80.2052505, 13.1247126 ] ] ] } },
{ "type": "Feature", "properties": { "osm_id": "way/354736325", "levels": null, "height": null, "name": null, "type": "yes" }, "geometry": { "type": "Polygon", "coordinates": [ [ [ 80.2172858, 13.1185645 ], [ 80.2173853, 13.1185763 ], [ 80.2173978, 13.1184754 ], [ 80.2172983, 13.1184637 ], [ 80.2172858, 13.1185645 ] ] ] } },
{ "type": "Feature", "properties": { "osm_id": "way/354736344", "levels": null, "height": null, "name": null, "type": "yes" }, "geometry": { "type": "Polygon", "coordinates": [ [ [ 80.2086642, 13.121816 ], [ 80.2086488, 13.1216647 ], [ 80.2085268, 13.1216765 ], [ 80.2085422, 13.1218278 ], [ 80.2086642, 13.121816 ] ] ] } },
{ "type": "Feature", "properties": { "osm_id": "way/354736347", "levels": null, "height": null, "name": null, "type": "yes" }, "geometry": { "type": "Polygon", "coordinates": [ [ [ 80.2076241, 13.1180126 ], [ 80.2076953, 13.1180138 ], [ 80.2076973, 13.1178993 ], [ 80.2076261, 13.1178982 ], [ 80.2076241, 13.1180126 ] ] ] } },
{ "type": "Feature", "properties": { "osm_id": "way/354736352", "levels": null, "height": null, "name": null, "type": "yes" }, "geometry": { "type": "Polygon", "coordinates": [ [ [ 80.2179759, 13.118413 ], [ 80.2180642, 13.1184252 ], [ 80.2180763, 13.1183426 ], [ 80.217988, 13.1183303 ], [ 80.2179759, 13.118413 ] ] ] } },
{ "type": "Feature", "properties": { "osm_id": "way/354736355", "levels": null, "height": null, "name": null, "type": "yes" }, "geometry": { "type": "Polygon", "coordinates": [ [ [ 80.2099986, 13.1191312 ], [ 80.2100743, 13.1191287 ], [ 80.2100708, 13.119029 ], [ 80.2099951, 13.1190315 ], [ 80.2099986, 13.1191312 ] ] ] } },
{ "type": "Feature", "properties": { "osm_id": "way/354736361", "levels": null, "height": null, "name": null, "type": "yes" }, "geometry": { "type": "Polygon", "coordinates": [ [ [ 80.2166495, 13.1180403 ], [ 80.2166254, 13.1181254 ], [ 80.2167758, 13.1181659 ], [ 80.2168, 13.1180807 ], [ 80.2166495, 13.1180403 ] ] ] } },
{ "type": "Feature", "properties": { "osm_id": "way/354736372", "levels": null, "height": null, "name": null, "type": "yes" }, "geometry": { "type": "Polygon", "coordinates": [ [ [ 80.2098599, 13.12057 ], [ 80.2099365, 13.1205687 ], [ 80.2099345, 13.1204593 ], [ 80.2098579, 13.1204606 ], [ 80.2098599, 13.12057 ] ] ] } },
{ "type": "Feature", "properties": { "osm_id": "way/354736382", "levels": null, "height": null, "name": null, "type": "yes" }, "geometry": { "type": "Polygon", "coordinates": [ [ [ 80.2105458, 13.1208062 ], [ 80.2106396, 13.1207949 ], [ 80.2106157, 13.1206073 ], [ 80.2105219, 13.1206186 ], [ 80.2105458, 13.1208062 ] ] ] } },
{ "type": "Feature", "properties": { "osm_id": "way/354736386", "levels": null, "height": null, "name": null, "type": "yes" }, "geometry": { "type": "Polygon", "coordinates": [ [ [ 80.2071815, 13.1254192 ], [ 80.207255, 13.1254327 ], [ 80.2072782, 13.1253129 ], [ 80.2072047, 13.1252994 ], [ 80.2071815, 13.1254192 ] ] ] } },
{ "type": "Feature", "properties": { "osm_id": "way/354736390", "levels": null, "height": null, "name": null, "type": "yes" }, "geometry": { "type": "Polygon", "coordinates": [ [ [ 80.2078774, 13.1178949 ], [ 80.2078388, 13.1178943 ], [ 80.2078368, 13.1180084 ], [ 80.2078754, 13.1180091 ], [ 80.2078774, 13.1178949 ] ] ] } },
{ "type": "Feature", "properties": { "osm_id": "way/354736397", "levels": null, "height": null, "name": null, "type": "yes" }, "geometry": { "type": "Polygon", "coordinates": [ [ [ 80.217996, 13.1183176 ], [ 80.2180757, 13.1183325 ], [ 80.2180921, 13.1182498 ], [ 80.2180123, 13.1182349 ], [ 80.217996, 13.1183176 ] ] ] } },
{ "type": "Feature", "properties": { "osm_id": "way/354736405", "levels": null, "height": null, "name": null, "type": "yes" }, "geometry": { "type": "Polygon", "coordinates": [ [ [ 80.2095601, 13.1256465 ], [ 80.2096564, 13.1256729 ], [ 80.2096695, 13.1256275 ], [ 80.2095732, 13.1256012 ], [ 80.2095601, 13.1256465 ] ] ] } },
{ "type": "Feature", "properties": { "osm_id": "way/354736408", "levels": null, "height": null, "name": null, "type": "yes" }, "geometry": { "type": "Polygon", "coordinates": [ [ [ 80.2178733, 13.1183927 ], [ 80.2179657, 13.1184133 ], [ 80.2180058, 13.1182425 ], [ 80.2179134, 13.1182219 ], [ 80.2178733, 13.1183927 ] ] ] } },
{ "type": "Feature", "properties": { "osm_id": "way/354736410", "levels": null, "height": null, "name": null, "type": "yes" }, "geometry": { "type": "Polygon", "coordinates": [ [ [ 80.2098638, 13.1191364 ], [ 80.2099186, 13.1191342 ], [ 80.2099146, 13.1190379 ], [ 80.2098599, 13.11904 ], [ 80.2098638, 13.1191364 ] ] ] } },
{ "type": "Feature", "properties": { "osm_id": "way/354736419", "levels": null, "height": null, "name": null, "type": "yes" }, "geometry": { "type": "Polygon", "coordinates": [ [ [ 80.2097775, 13.1191377 ], [ 80.2098529, 13.1191347 ], [ 80.2098484, 13.1190301 ], [ 80.209773, 13.1190332 ], [ 80.2097775, 13.1191377 ] ] ] } },
{ "type": "Feature", "properties": { "osm_id": "way/354736420", "levels": null, "height": null, "name": null, "type": "yes" }, "geometry": { "type": "Polygon", "coordinates": [ [ [ 80.2114056, 13.1227324 ], [ 80.2114013, 13.1228179 ], [ 80.2115378, 13.1228243 ], [ 80.2115421, 13.1227388 ], [ 80.2114056, 13.1227324 ] ] ] } },
{ "type": "Feature", "properties": { "osm_id": "way/354736422", "levels": null, "height": null, "name": null, "type": "yes" }, "geometry": { "type": "Polygon", "coordinates": [ [ [ 80.2178537, 13.1183818 ], [ 80.2178932, 13.1182138 ], [ 80.2177912, 13.118191 ], [ 80.2177544, 13.1183476 ], [ 80.2178078, 13.1183595 ], [ 80.2178051, 13.118371 ], [ 80.2178537, 13.1183818 ] ] ] } },
{ "type": "Feature", "properties": { "osm_id": "way/354736426", "levels": null, "height": null, "name": null, "type": "yes" }, "geometry": { "type": "Polygon", "coordinates": [ [ [ 80.206738, 13.1247403 ], [ 80.2068006, 13.1247416 ], [ 80.2068034, 13.1246205 ], [ 80.2067409, 13.1246191 ], [ 80.206738, 13.1247403 ] ] ] } },
{ "type": "Feature", "properties": { "osm_id": "way/354736435", "levels": null, "height": null, "name": null, "type": "yes" }, "geometry": { "type": "Polygon", "coordinates": [ [ [ 80.2176886, 13.1183092 ], [ 80.2177509, 13.1183155 ], [ 80.217764, 13.1181928 ], [ 80.2177016, 13.1181865 ], [ 80.2176886, 13.1183092 ] ] ] } },
{ "type": "Feature", "properties": { "osm_id": "way/354736439", "levels": null, "height": null, "name": null, "type": "yes" }, "geometry": { "type": "Polygon", "coordinates": [ [ [ 80.2082262, 13.1183831 ], [ 80.2083016, 13.1183837 ], [ 80.2083035, 13.1181262 ], [ 80.2082282, 13.1181256 ], [ 80.2082262, 13.1183831 ] ] ] } },
{ "type": "Feature", "properties": { "osm_id": "way/354736446", "levels": null, "height": null, "name": null, "type": "yes" }, "geometry": { "type": "Polygon", "coordinates": [ [ [ 80.2062943, 13.1230319 ], [ 80.2062872, 13.1228868 ], [ 80.2061701, 13.1228922 ], [ 80.2061771, 13.1230373 ], [ 80.2062943, 13.1230319 ] ] ] } },
{ "type": "Feature", "properties": { "osm_id": "way/354736449", "levels": null, "height": null, "name": null, "type": "yes" }, "geometry": { "type": "Polygon", "coordinates": [ [ [ 80.2165843, 13.1182093 ], [ 80.2165623, 13.1182867 ], [ 80.2166752, 13.1183172 ], [ 80.2166972, 13.1182397 ], [ 80.2165843, 13.1182093 ] ] ] } },
{ "type": "Feature", "properties": { "osm_id": "way/354736457", "levels": null, "height": null, "name": null, "type": "yes" }, "geometry": { "type": "Polygon", "coordinates": [ [ [ 80.2099308, 13.1191368 ], [ 80.2099848, 13.1191345 ], [ 80.2099803, 13.1190362 ], [ 80.2099263, 13.1190386 ], [ 80.2099308, 13.1191368 ] ] ] } },
{ "type": "Feature", "properties": { "osm_id": "way/354736460", "levels": null, "height": null, "name": null, "type": "yes" }, "geometry": { "type": "Polygon", "coordinates": [ [ [ 80.2080185, 13.1220331 ], [ 80.2081371, 13.1220387 ], [ 80.2081441, 13.1218956 ], [ 80.2080255, 13.1218901 ], [ 80.2080185, 13.1220331 ] ] ] } },
{ "type": "Feature", "properties": { "osm_id": "way/354736473", "levels": null, "height": null, "name": null, "type": "yes" }, "geometry": { "type": "Polygon", "coordinates": [ [ [ 80.2096967, 13.1191336 ], [ 80.2097638, 13.1191291 ], [ 80.2097569, 13.1190299 ], [ 80.2096898, 13.1190344 ], [ 80.2096967, 13.1191336 ] ] ] } },
{ "type": "Feature", "properties": { "osm_id": "way/354736475", "levels": null, "height": null, "name": null, "type": "yes" }, "geometry": { "type": "Polygon", "coordinates": [ [ [ 80.2166508, 13.1187298 ], [ 80.21669, 13.1186508 ], [ 80.2166154, 13.1186157 ], [ 80.2165762, 13.1186947 ], [ 80.2166508, 13.1187298 ] ] ] } },
{ "type": "Feature", "properties": { "osm_id": "way/354736478", "levels": null, "height": null, "name": null, "type": "yes" }, "geometry": { "type": "Polygon", "coordinates": [ [ [ 80.2086762, 13.1218157 ], [ 80.2087757, 13.121806 ], [ 80.2087595, 13.1216474 ], [ 80.20866, 13.121657 ], [ 80.2086762, 13.1218157 ] ] ] } },
{ "type": "Feature", "properties": { "osm_id": "way/354736484", "levels": null, "height": null, "name": null, "type": "yes" }, "geometry": { "type": "Polygon", "coordinates": [ [ [ 80.2097416, 13.1199554 ], [ 80.2098083, 13.1199531 ], [ 80.2098044, 13.1198437 ], [ 80.2097376, 13.119846 ], [ 80.2097416, 13.1199554 ] ] ] } },
{ "type": "Feature", "properties": { "osm_id": "way/354736490", "levels": null, "height": null, "name": null, "type": "yes" }, "geometry": { "type": "Polygon", "coordinates": [ [ [ 80.206653, 13.1246752 ], [ 80.206653, 13.1247355 ], [ 80.206731, 13.1247355 ], [ 80.206731, 13.1246752 ], [ 80.206653, 13.1246752 ] ] ] } },
{ "type": "Feature", "properties": { "osm_id": "way/354736498", "levels": null, "height": null, "name": null, "type": "yes" }, "geometry": { "type": "Polygon", "coordinates": [ [ [ 80.2086553, 13.1216421 ], [ 80.2087574, 13.1216372 ], [ 80.2087499, 13.1215089 ], [ 80.2086494, 13.1215185 ], [ 80.2086553, 13.1216421 ] ] ] } },
{ "type": "Feature", "properties": { "osm_id": "way/354736501", "levels": null, "height": null, "name": null, "type": "yes" }, "geometry": { "type": "Polygon", "coordinates": [ [ [ 80.2175766, 13.1182919 ], [ 80.2176523, 13.1183087 ], [ 80.2176822, 13.1181815 ], [ 80.2176065, 13.1181647 ], [ 80.2175766, 13.1182919 ] ] ] } },
{ "type": "Feature", "properties": { "osm_id": "way/354736510", "levels": null, "height": null, "name": null, "type": "yes" }, "geometry": { "type": "Polygon", "coordinates": [ [ [ 80.2160503, 13.1179739 ], [ 80.2161789, 13.1180137 ], [ 80.2162072, 13.117927 ], [ 80.2160699, 13.1178859 ], [ 80.2160503, 13.1179739 ] ] ] } },
{ "type": "Feature", "properties": { "osm_id": "way/354736512", "levels": null, "height": null, "name": null, "type": "yes" }, "geometry": { "type": "Polygon", "coordinates": [ [ [ 80.206523, 13.1240718 ], [ 80.2066361, 13.1240749 ], [ 80.2066389, 13.1239791 ], [ 80.2065258, 13.1239759 ], [ 80.206523, 13.1240718 ] ] ] } },
{ "type": "Feature", "properties": { "osm_id": "way/354736517", "levels": null, "height": null, "name": null, "type": "yes" }, "geometry": { "type": "Polygon", "coordinates": [ [ [ 80.2085037, 13.1216675 ], [ 80.2086209, 13.121657 ], [ 80.2086094, 13.1215169 ], [ 80.2084898, 13.1215282 ], [ 80.2085037, 13.1216675 ] ] ] } },
{ "type": "Feature", "properties": { "osm_id": "way/354736522", "levels": null, "height": null, "name": null, "type": "yes" }, "geometry": { "type": "Polygon", "coordinates": [ [ [ 80.2081443, 13.1220345 ], [ 80.2082419, 13.122042 ], [ 80.2082538, 13.1218955 ], [ 80.2081562, 13.121888 ], [ 80.2081443, 13.1220345 ] ] ] } },
{ "type": "Feature", "properties": { "osm_id": "way/354736538", "levels": null, "height": null, "name": null, "type": "yes" }, "geometry": { "type": "Polygon", "coordinates": [ [ [ 80.2168679, 13.1185247 ], [ 80.2168493, 13.1186042 ], [ 80.217003, 13.1186382 ], [ 80.2170216, 13.1185587 ], [ 80.2168679, 13.1185247 ] ] ] } },
{ "type": "Feature", "properties": { "osm_id": "way/354736540", "levels": null, "height": null, "name": null, "type": "yes" }, "geometry": { "type": "Polygon", "coordinates": [ [ [ 80.2117264, 13.1227659 ], [ 80.2118229, 13.1227704 ], [ 80.2118308, 13.1226107 ], [ 80.2117344, 13.1226061 ], [ 80.2117264, 13.1227659 ] ] ] } },
{ "type": "Feature", "properties": { "osm_id": "way/354736546", "levels": null, "height": null, "name": null, "type": "yes" }, "geometry": { "type": "Polygon", "coordinates": [ [ [ 80.2059415, 13.1237961 ], [ 80.2060439, 13.1237961 ], [ 80.2060439, 13.1236374 ], [ 80.2059415, 13.1236374 ], [ 80.2059415, 13.1237961 ] ] ] } },
{ "type": "Feature", "properties": { "osm_id": "way/354736550", "levels": null, "height": null, "name": null, "type": "yes" }, "geometry": { "type": "Polygon", "coordinates": [ [ [ 80.2174609, 13.1182774 ], [ 80.2175584, 13.1182958 ], [ 80.2175854, 13.1181604 ], [ 80.217488, 13.118142 ], [ 80.2174609, 13.1182774 ] ] ] } },
{ "type": "Feature", "properties": { "osm_id": "way/354736555", "levels": null, "height": null, "name": null, "type": "yes" }, "geometry": { "type": "Polygon", "coordinates": [ [ [ 80.2086368, 13.1209526 ], [ 80.2087363, 13.1209507 ], [ 80.2087333, 13.1208045 ], [ 80.2086339, 13.1208064 ], [ 80.2086368, 13.1209526 ] ] ] } },
{ "type": "Feature", "properties": { "osm_id": "way/354736556", "levels": null, "height": null, "name": null, "type": "yes" }, "geometry": { "type": "Polygon", "coordinates": [ [ [ 80.2174137, 13.1185904 ], [ 80.2174955, 13.1186055 ], [ 80.2175166, 13.1184969 ], [ 80.2174348, 13.1184818 ], [ 80.2174137, 13.1185904 ] ] ] } },
{ "type": "Feature", "properties": { "osm_id": "way/354736560", "levels": null, "height": null, "name": null, "type": "yes" }, "geometry": { "type": "Polygon", "coordinates": [ [ [ 80.2093745, 13.1193725 ], [ 80.2094413, 13.1193698 ], [ 80.2094371, 13.1192712 ], [ 80.2093703, 13.1192739 ], [ 80.2093745, 13.1193725 ] ] ] } },
{ "type": "Feature", "properties": { "osm_id": "way/354736562", "levels": null, "height": null, "name": null, "type": "yes" }, "geometry": { "type": "Polygon", "coordinates": [ [ [ 80.2099789, 13.119017 ], [ 80.2100571, 13.119012 ], [ 80.2100507, 13.1189181 ], [ 80.2099726, 13.1189232 ], [ 80.2099789, 13.119017 ] ] ] } },
{ "type": "Feature", "properties": { "osm_id": "way/354736564", "levels": null, "height": null, "name": null, "type": "yes" }, "geometry": { "type": "Polygon", "coordinates": [ [ [ 80.2075091, 13.1256411 ], [ 80.2074961, 13.1257557 ], [ 80.2075593, 13.1257625 ], [ 80.2075724, 13.1256479 ], [ 80.2075091, 13.1256411 ] ] ] } },
{ "type": "Feature", "properties": { "osm_id": "way/354736566", "levels": null, "height": null, "name": null, "type": "yes" }, "geometry": { "type": "Polygon", "coordinates": [ [ [ 80.2071766, 13.122228 ], [ 80.2072393, 13.1222251 ], [ 80.2072338, 13.1221117 ], [ 80.2071711, 13.1221146 ], [ 80.2071766, 13.122228 ] ] ] } },
{ "type": "Feature", "properties": { "osm_id": "way/354736570", "levels": null, "height": null, "name": null, "type": "yes" }, "geometry": { "type": "Polygon", "coordinates": [ [ [ 80.2094302, 13.1201111 ], [ 80.209563, 13.1201086 ], [ 80.2095616, 13.1200367 ], [ 80.2094288, 13.1200392 ], [ 80.2094302, 13.1201111 ] ] ] } },
{ "type": "Feature", "properties": { "osm_id": "way/354736579", "levels": null, "height": null, "name": null, "type": "yes" }, "geometry": { "type": "Polygon", "coordinates": [ [ [ 80.210219, 13.1238072 ], [ 80.2103188, 13.1238268 ], [ 80.2103526, 13.1236642 ], [ 80.2102528, 13.1236445 ], [ 80.210219, 13.1238072 ] ] ] } },
{ "type": "Feature", "properties": { "osm_id": "way/354736581", "levels": null, "height": null, "name": null, "type": "yes" }, "geometry": { "type": "Polygon", "coordinates": [ [ [ 80.2165626, 13.1183973 ], [ 80.2166524, 13.1184201 ], [ 80.2166762, 13.118331 ], [ 80.2165864, 13.1183083 ], [ 80.2165626, 13.1183973 ] ] ] } },
{ "type": "Feature", "properties": { "osm_id": "way/354736585", "levels": null, "height": null, "name": null, "type": "yes" }, "geometry": { "type": "Polygon", "coordinates": [ [ [ 80.2114128, 13.1227123 ], [ 80.2115785, 13.1227202 ], [ 80.2115839, 13.1226118 ], [ 80.2114182, 13.122604 ], [ 80.2114128, 13.1227123 ] ] ] } },
{ "type": "Feature", "properties": { "osm_id": "way/354736587", "levels": null, "height": null, "name": null, "type": "yes" }, "geometry": { "type": "Polygon", "coordinates": [ [ [ 80.21744, 13.1184588 ], [ 80.2175157, 13.1184701 ], [ 80.2175269, 13.1183988 ], [ 80.2174512, 13.1183875 ], [ 80.21744, 13.1184588 ] ] ] } },
{ "type": "Feature", "properties": { "osm_id": "way/354736596", "levels": null, "height": null, "name": null, "type": "yes" }, "geometry": { "type": "Polygon", "coordinates": [ [ [ 80.2173115, 13.1184452 ], [ 80.2174122, 13.1184563 ], [ 80.2174212, 13.1183795 ], [ 80.2173205, 13.1183685 ], [ 80.2173115, 13.1184452 ] ] ] } },
{ "type": "Feature", "properties": { "osm_id": "way/354736600", "levels": null, "height": null, "name": null, "type": "yes" }, "geometry": { "type": "Polygon", "coordinates": [ [ [ 80.2097098, 13.1192064 ], [ 80.209711, 13.119264 ], [ 80.2097883, 13.1192625 ], [ 80.2097871, 13.1192049 ], [ 80.2097098, 13.1192064 ] ] ] } },
{ "type": "Feature", "properties": { "osm_id": "way/354736608", "levels": null, "height": null, "name": null, "type": "yes" }, "geometry": { "type": "Polygon", "coordinates": [ [ [ 80.2111525, 13.1233637 ], [ 80.2112974, 13.1234258 ], [ 80.2113066, 13.1232069 ], [ 80.2111606, 13.1232 ], [ 80.2111525, 13.1233637 ] ] ] } },
{ "type": "Feature", "properties": { "osm_id": "way/354736610", "levels": null, "height": null, "name": null, "type": "yes" }, "geometry": { "type": "Polygon", "coordinates": [ [ [ 80.2073932, 13.1258492 ], [ 80.2074701, 13.1258584 ], [ 80.2074828, 13.1257577 ], [ 80.2074058, 13.1257486 ], [ 80.2073932, 13.1258492 ] ] ] } },
{ "type": "Feature", "properties": { "osm_id": "way/354736612", "levels": null, "height": null, "name": null, "type": "yes" }, "geometry": { "type": "Polygon", "coordinates": [ [ [ 80.2075583, 13.1223552 ], [ 80.207707, 13.1223483 ], [ 80.2077017, 13.1222381 ], [ 80.207553, 13.1222449 ], [ 80.2075583, 13.1223552 ] ] ] } },
{ "type": "Feature", "properties": { "osm_id": "way/354736615", "levels": null, "height": null, "name": null, "type": "yes" }, "geometry": { "type": "Polygon", "coordinates": [ [ [ 80.2092259, 13.1209399 ], [ 80.2092916, 13.1209395 ], [ 80.2092909, 13.1208505 ], [ 80.2092252, 13.1208509 ], [ 80.2092259, 13.1209399 ] ] ] } },
{ "type": "Feature", "properties": { "osm_id": "way/354736619", "levels": null, "height": null, "name": null, "type": "yes" }, "geometry": { "type": "Polygon", "coordinates": [ [ [ 80.2095931, 13.124056 ], [ 80.209609, 13.1238875 ], [ 80.2095109, 13.1238787 ], [ 80.209495, 13.1240472 ], [ 80.2095931, 13.124056 ] ] ] } },
{ "type": "Feature", "properties": { "osm_id": "way/354736621", "levels": null, "height": null, "name": null, "type": "yes" }, "geometry": { "type": "Polygon", "coordinates": [ [ [ 80.2166909, 13.1187298 ], [ 80.2167847, 13.1187489 ], [ 80.2168211, 13.118579 ], [ 80.2167273, 13.1185599 ], [ 80.2166909, 13.1187298 ] ] ] } },
{ "type": "Feature", "properties": { "osm_id": "way/354736627", "levels": null, "height": null, "name": null, "type": "yes" }, "geometry": { "type": "Polygon", "coordinates": [ [ [ 80.2109013, 13.1214132 ], [ 80.2109953, 13.1214153 ], [ 80.2109972, 13.1213291 ], [ 80.2109033, 13.1213271 ], [ 80.2109013, 13.1214132 ] ] ] } },
{ "type": "Feature", "properties": { "osm_id": "way/354736629", "levels": null, "height": null, "name": null, "type": "yes" }, "geometry": { "type": "Polygon", "coordinates": [ [ [ 80.2069218, 13.1222519 ], [ 80.2070206, 13.1222473 ], [ 80.2070149, 13.1221306 ], [ 80.2069161, 13.1221351 ], [ 80.2069218, 13.1222519 ] ] ] } },
{ "type": "Feature", "properties": { "osm_id": "way/354736631", "levels": null, "height": null, "name": null, "type": "yes" }, "geometry": { "type": "Polygon", "coordinates": [ [ [ 80.2087464, 13.1209447 ], [ 80.2088211, 13.1209433 ], [ 80.208819, 13.1208385 ], [ 80.2087443, 13.1208399 ], [ 80.2087464, 13.1209447 ] ] ] } },
{ "type": "Feature", "properties": { "osm_id": "way/354736635", "levels": null, "height": null, "name": null, "type": "yes" }, "geometry": { "type": "Polygon", "coordinates": [ [ [ 80.2096144, 13.1193659 ], [ 80.2097191, 13.1193616 ], [ 80.2097154, 13.1192787 ], [ 80.2096108, 13.1192831 ], [ 80.2096144, 13.1193659 ] ] ] } },
{ "type": "Feature", "properties": { "osm_id": "way/354736639", "levels": null, "height": null, "name": null, "type": "yes" }, "geometry": { "type": "Polygon", "coordinates": [ [ [ 80.2094575, 13.1252643 ], [ 80.2095109, 13.125264 ], [ 80.2095104, 13.1251725 ], [ 80.209457, 13.1251728 ], [ 80.2094575, 13.1252643 ] ] ] } },
{ "type": "Feature", "properties": { "osm_id": "way/354736640", "levels": null, "height": null, "name": null, "type": "yes" }, "geometry": { "type": "Polygon", "coordinates": [ [ [ 80.2087827, 13.1216108 ], [ 80.2088724, 13.1216021 ], [ 80.2088621, 13.1215013 ], [ 80.2087724, 13.12151 ], [ 80.2087827, 13.1216108 ] ] ] } },
{ "type": "Feature", "properties": { "osm_id": "way/354736644", "levels": null, "height": null, "name": null, "type": "yes" }, "geometry": { "type": "Polygon", "coordinates": [ [ [ 80.2099752, 13.1207696 ], [ 80.2100768, 13.1207634 ], [ 80.2100698, 13.1206552 ], [ 80.2099682, 13.1206614 ], [ 80.2099752, 13.1207696 ] ] ] } },
{ "type": "Feature", "properties": { "osm_id": "way/354736647", "levels": null, "height": null, "name": null, "type": "yes" }, "geometry": { "type": "Polygon", "coordinates": [ [ [ 80.2055368, 13.1239685 ], [ 80.2056343, 13.1239662 ], [ 80.2056314, 13.1238433 ], [ 80.2055339, 13.1238455 ], [ 80.2055368, 13.1239685 ] ] ] } },
{ "type": "Feature", "properties": { "osm_id": "way/354736652", "levels": null, "height": null, "name": null, "type": "yes" }, "geometry": { "type": "Polygon", "coordinates": [ [ [ 80.2153615, 13.1180476 ], [ 80.2154315, 13.1180687 ], [ 80.2155313, 13.1177543 ], [ 80.2154614, 13.1177333 ], [ 80.2153615, 13.1180476 ] ] ] } },
{ "type": "Feature", "properties": { "osm_id": "way/354764365", "levels": null, "height": null, "name": null, "type": "yes" }, "geometry": { "type": "Polygon", "coordinates": [ [ [ 80.2099788, 13.1181755 ], [ 80.2101289, 13.1181288 ], [ 80.2101007, 13.118043 ], [ 80.2099507, 13.1180896 ], [ 80.2099788, 13.1181755 ] ] ] } },
{ "type": "Feature", "properties": { "osm_id": "way/354764381", "levels": null, "height": null, "name": null, "type": "yes" }, "geometry": { "type": "Polygon", "coordinates": [ [ [ 80.205596, 13.1184444 ], [ 80.2056608, 13.1184449 ], [ 80.2056616, 13.1183298 ], [ 80.2055968, 13.1183294 ], [ 80.205596, 13.1184444 ] ] ] } },
{ "type": "Feature", "properties": { "osm_id": "way/354764391", "levels": null, "height": null, "name": null, "type": "yes" }, "geometry": { "type": "Polygon", "coordinates": [ [ [ 80.2061433, 13.118113 ], [ 80.2061196, 13.1178887 ], [ 80.2060266, 13.117898 ], [ 80.2060503, 13.1181223 ], [ 80.2061433, 13.118113 ] ] ] } },
{ "type": "Feature", "properties": { "osm_id": "way/354764399", "levels": null, "height": null, "name": null, "type": "yes" }, "geometry": { "type": "Polygon", "coordinates": [ [ [ 80.2070505, 13.118032 ], [ 80.2071224, 13.1180316 ], [ 80.2071219, 13.1179277 ], [ 80.2070499, 13.1179281 ], [ 80.2070505, 13.118032 ] ] ] } },
{ "type": "Feature", "properties": { "osm_id": "way/354764411", "levels": null, "height": null, "name": null, "type": "yes" }, "geometry": { "type": "Polygon", "coordinates": [ [ [ 80.2075187, 13.1181735 ], [ 80.2076652, 13.1181665 ], [ 80.2076623, 13.1181088 ], [ 80.2075158, 13.1181158 ], [ 80.2075187, 13.1181735 ] ] ] } },
{ "type": "Feature", "properties": { "osm_id": "way/354764422", "levels": null, "height": null, "name": null, "type": "yes" }, "geometry": { "type": "Polygon", "coordinates": [ [ [ 80.2072644, 13.1180386 ], [ 80.2073365, 13.1180352 ], [ 80.2073292, 13.1178857 ], [ 80.2072571, 13.117889 ], [ 80.2072644, 13.1180386 ] ] ] } },
{ "type": "Feature", "properties": { "osm_id": "way/354764442", "levels": null, "height": null, "name": null, "type": "yes" }, "geometry": { "type": "Polygon", "coordinates": [ [ [ 80.2071702, 13.1180358 ], [ 80.2072504, 13.1180333 ], [ 80.2072453, 13.117881 ], [ 80.2071651, 13.1178835 ], [ 80.2071702, 13.1180358 ] ] ] } },
{ "type": "Feature", "properties": { "osm_id": "way/354764490", "levels": null, "height": null, "name": null, "type": "yes" }, "geometry": { "type": "Polygon", "coordinates": [ [ [ 80.2104533, 13.1182447 ], [ 80.2105143, 13.1182442 ], [ 80.2105135, 13.1181501 ], [ 80.2104525, 13.1181506 ], [ 80.2104533, 13.1182447 ] ] ] } },
{ "type": "Feature", "properties": { "osm_id": "way/354764492", "levels": null, "height": null, "name": null, "type": "yes" }, "geometry": { "type": "Polygon", "coordinates": [ [ [ 80.2051595, 13.1181167 ], [ 80.2052775, 13.1180937 ], [ 80.2052655, 13.1180348 ], [ 80.2051475, 13.1180578 ], [ 80.2051595, 13.1181167 ] ] ] } },
{ "type": "Feature", "properties": { "osm_id": "way/354764498", "levels": null, "height": null, "name": null, "type": "yes" }, "geometry": { "type": "Polygon", "coordinates": [ [ [ 80.2072586, 13.1182173 ], [ 80.2073378, 13.118214 ], [ 80.207331, 13.1180595 ], [ 80.2072518, 13.1180628 ], [ 80.2072586, 13.1182173 ] ] ] } },
{ "type": "Feature", "properties": { "osm_id": "way/354764533", "levels": null, "height": null, "name": null, "type": "yes" }, "geometry": { "type": "Polygon", "coordinates": [ [ [ 80.2058267, 13.1184919 ], [ 80.2059202, 13.1184934 ], [ 80.2059218, 13.1184032 ], [ 80.2058283, 13.1184017 ], [ 80.2058267, 13.1184919 ] ] ] } },
{ "type": "Feature", "properties": { "osm_id": "way/354764539", "levels": null, "height": null, "name": null, "type": "yes" }, "geometry": { "type": "Polygon", "coordinates": [ [ [ 80.2079281, 13.1182479 ], [ 80.2080212, 13.1182479 ], [ 80.2080212, 13.1181533 ], [ 80.2079281, 13.1181533 ], [ 80.2079281, 13.1182479 ] ] ] } },
{ "type": "Feature", "properties": { "osm_id": "way/354764550", "levels": null, "height": null, "name": null, "type": "yes" }, "geometry": { "type": "Polygon", "coordinates": [ [ [ 80.2069562, 13.1180413 ], [ 80.2070319, 13.1180408 ], [ 80.2070308, 13.117889 ], [ 80.2069551, 13.1178896 ], [ 80.2069562, 13.1180413 ] ] ] } },
{ "type": "Feature", "properties": { "osm_id": "way/354764565", "levels": null, "height": null, "name": null, "type": "yes" }, "geometry": { "type": "Polygon", "coordinates": [ [ [ 80.2053339, 13.118352 ], [ 80.205449, 13.118339 ], [ 80.2054348, 13.1182199 ], [ 80.2053197, 13.1182329 ], [ 80.2053339, 13.118352 ] ] ] } },
{ "type": "Feature", "properties": { "osm_id": "way/354764574", "levels": null, "height": null, "name": null, "type": "yes" }, "geometry": { "type": "Polygon", "coordinates": [ [ [ 80.2049402, 13.1209304 ], [ 80.2050307, 13.1209442 ], [ 80.2050491, 13.1208299 ], [ 80.2049585, 13.1208161 ], [ 80.2049402, 13.1209304 ] ] ] } },
{ "type": "Feature", "properties": { "osm_id": "way/354764581", "levels": null, "height": null, "name": null, "type": "yes" }, "geometry": { "type": "Polygon", "coordinates": [ [ [ 80.2101515, 13.1182334 ], [ 80.2102467, 13.1182389 ], [ 80.2102523, 13.118146 ], [ 80.2101572, 13.1181405 ], [ 80.2101515, 13.1182334 ] ] ] } },
{ "type": "Feature", "properties": { "osm_id": "way/354764585", "levels": null, "height": null, "name": null, "type": "yes" }, "geometry": { "type": "Polygon", "coordinates": [ [ [ 80.2058665, 13.1179846 ], [ 80.2058714, 13.1180587 ], [ 80.2059847, 13.1180517 ], [ 80.2059799, 13.1179776 ], [ 80.2058665, 13.1179846 ] ] ] } },
{ "type": "Feature", "properties": { "osm_id": "way/354764619", "levels": null, "height": null, "name": null, "type": "yes" }, "geometry": { "type": "Polygon", "coordinates": [ [ [ 80.2101827, 13.1181332 ], [ 80.2102527, 13.1181324 ], [ 80.2102516, 13.1180351 ], [ 80.2101815, 13.1180359 ], [ 80.2101827, 13.1181332 ] ] ] } },
{ "type": "Feature", "properties": { "osm_id": "way/354764621", "levels": null, "height": null, "name": null, "type": "yes" }, "geometry": { "type": "Polygon", "coordinates": [ [ [ 80.2051595, 13.118265 ], [ 80.2052746, 13.1182435 ], [ 80.2052619, 13.118179 ], [ 80.2051468, 13.1182004 ], [ 80.2051595, 13.118265 ] ] ] } },
{ "type": "Feature", "properties": { "osm_id": "way/354764653", "levels": null, "height": null, "name": null, "type": "yes" }, "geometry": { "type": "Polygon", "coordinates": [ [ [ 80.2050983, 13.1206942 ], [ 80.2051871, 13.1207193 ], [ 80.2052158, 13.1206229 ], [ 80.205127, 13.1205978 ], [ 80.2050983, 13.1206942 ] ] ] } },
{ "type": "Feature", "properties": { "osm_id": "way/354764679", "levels": null, "height": null, "name": null, "type": "yes" }, "geometry": { "type": "Polygon", "coordinates": [ [ [ 80.2068789, 13.1180254 ], [ 80.2069461, 13.1180226 ], [ 80.2069405, 13.1178934 ], [ 80.2068732, 13.1178962 ], [ 80.2068789, 13.1180254 ] ] ] } },
{ "type": "Feature", "properties": { "osm_id": "way/354764688", "levels": null, "height": null, "name": null, "type": "yes" }, "geometry": { "type": "Polygon", "coordinates": [ [ [ 80.2051722, 13.1209608 ], [ 80.2052618, 13.1209728 ], [ 80.2052788, 13.1208524 ], [ 80.2051892, 13.1208404 ], [ 80.2051722, 13.1209608 ] ] ] } },
{ "type": "Feature", "properties": { "osm_id": "way/354764829", "levels": null, "height": null, "name": null, "type": "yes" }, "geometry": { "type": "Polygon", "coordinates": [ [ [ 80.2099702, 13.1296816 ], [ 80.2099711, 13.1297467 ], [ 80.2100609, 13.1297454 ], [ 80.2100599, 13.1296803 ], [ 80.2099702, 13.1296816 ] ] ] } },
{ "type": "Feature", "properties": { "osm_id": "way/354764836", "levels": null, "height": null, "name": null, "type": "yes" }, "geometry": { "type": "Polygon", "coordinates": [ [ [ 80.209801, 13.129382 ], [ 80.2098598, 13.129382 ], [ 80.2098598, 13.1292748 ], [ 80.209801, 13.1292748 ], [ 80.209801, 13.129382 ] ] ] } },
{ "type": "Feature", "properties": { "osm_id": "way/354764838", "levels": null, "height": null, "name": null, "type": "yes" }, "geometry": { "type": "Polygon", "coordinates": [ [ [ 80.2105605, 13.1295986 ], [ 80.2106608, 13.1295986 ], [ 80.2106608, 13.1294097 ], [ 80.2105605, 13.1294097 ], [ 80.2105605, 13.1295986 ] ] ] } },
{ "type": "Feature", "properties": { "osm_id": "way/354764854", "levels": null, "height": null, "name": null, "type": "yes" }, "geometry": { "type": "Polygon", "coordinates": [ [ [ 80.2052209, 13.1286781 ], [ 80.2053014, 13.1286663 ], [ 80.205285, 13.1285597 ], [ 80.2052044, 13.1285715 ], [ 80.2052209, 13.1286781 ] ] ] } },
{ "type": "Feature", "properties": { "osm_id": "way/354764858", "levels": null, "height": null, "name": null, "type": "yes" }, "geometry": { "type": "Polygon", "coordinates": [ [ [ 80.2106867, 13.1297676 ], [ 80.2106933, 13.1298749 ], [ 80.2108333, 13.1298667 ], [ 80.2108267, 13.1297595 ], [ 80.2106867, 13.1297676 ] ] ] } },
{ "type": "Feature", "properties": { "osm_id": "way/354764866", "levels": null, "height": null, "name": null, "type": "yes" }, "geometry": { "type": "Polygon", "coordinates": [ [ [ 80.210867, 13.1293301 ], [ 80.2109469, 13.1293246 ], [ 80.2109403, 13.1292355 ], [ 80.2108605, 13.1292411 ], [ 80.210867, 13.1293301 ] ] ] } },
{ "type": "Feature", "properties": { "osm_id": "way/354764872", "levels": null, "height": null, "name": null, "type": "yes" }, "geometry": { "type": "Polygon", "coordinates": [ [ [ 80.206849, 13.1292876 ], [ 80.206863, 13.1293704 ], [ 80.2070517, 13.1293402 ], [ 80.2070377, 13.1292574 ], [ 80.206849, 13.1292876 ] ] ] } },
{ "type": "Feature", "properties": { "osm_id": "way/354764873", "levels": null, "height": null, "name": null, "type": "yes" }, "geometry": { "type": "Polygon", "coordinates": [ [ [ 80.2095353, 13.1292666 ], [ 80.2096608, 13.1292944 ], [ 80.209686, 13.1292099 ], [ 80.2095596, 13.129163 ], [ 80.2095353, 13.1292666 ] ] ] } },
{ "type": "Feature", "properties": { "osm_id": "way/354764878", "levels": null, "height": null, "name": null, "type": "yes" }, "geometry": { "type": "Polygon", "coordinates": [ [ [ 80.2078124, 13.1291608 ], [ 80.2078271, 13.1292277 ], [ 80.2079624, 13.1291995 ], [ 80.2079477, 13.1291327 ], [ 80.2078124, 13.1291608 ] ] ] } },
{ "type": "Feature", "properties": { "osm_id": "way/354764883", "levels": null, "height": null, "name": null, "type": "yes" }, "geometry": { "type": "Polygon", "coordinates": [ [ [ 80.2062889, 13.1293799 ], [ 80.2062976, 13.1294384 ], [ 80.2064111, 13.1294224 ], [ 80.2064023, 13.1293639 ], [ 80.2062889, 13.1293799 ] ] ] } },
{ "type": "Feature", "properties": { "osm_id": "way/354764885", "levels": null, "height": null, "name": null, "type": "yes" }, "geometry": { "type": "Polygon", "coordinates": [ [ [ 80.2098829, 13.1293972 ], [ 80.2099324, 13.1294031 ], [ 80.2099423, 13.1293254 ], [ 80.2098928, 13.1293194 ], [ 80.2098829, 13.1293972 ] ] ] } },
{ "type": "Feature", "properties": { "osm_id": "way/354764889", "levels": null, "height": null, "name": null, "type": "yes" }, "geometry": { "type": "Polygon", "coordinates": [ [ [ 80.2066447, 13.1289628 ], [ 80.2067134, 13.1289563 ], [ 80.2067049, 13.1288696 ], [ 80.2066361, 13.1288761 ], [ 80.2066447, 13.1289628 ] ] ] } },
{ "type": "Feature", "properties": { "osm_id": "way/354764891", "levels": null, "height": null, "name": null, "type": "yes" }, "geometry": { "type": "Polygon", "coordinates": [ [ [ 80.2076253, 13.1287483 ], [ 80.2076261, 13.1288201 ], [ 80.2077508, 13.1288188 ], [ 80.20775, 13.128747 ], [ 80.2076253, 13.1287483 ] ] ] } },
{ "type": "Feature", "properties": { "osm_id": "way/354764899", "levels": null, "height": null, "name": null, "type": "yes" }, "geometry": { "type": "Polygon", "coordinates": [ [ [ 80.2068249, 13.1299485 ], [ 80.2068337, 13.1300039 ], [ 80.2069532, 13.1299859 ], [ 80.2069444, 13.1299305 ], [ 80.2068249, 13.1299485 ] ] ] } },
{ "type": "Feature", "properties": { "osm_id": "way/354764902", "levels": null, "height": null, "name": null, "type": "yes" }, "geometry": { "type": "Polygon", "coordinates": [ [ [ 80.2072371, 13.128541 ], [ 80.2072261, 13.1286068 ], [ 80.2073593, 13.128628 ], [ 80.2073704, 13.1285622 ], [ 80.2072371, 13.128541 ] ] ] } },
{ "type": "Feature", "properties": { "osm_id": "way/354764903", "levels": null, "height": null, "name": null, "type": "yes" }, "geometry": { "type": "Polygon", "coordinates": [ [ [ 80.2051847, 13.1285341 ], [ 80.2052848, 13.1285188 ], [ 80.2052689, 13.1284207 ], [ 80.2051688, 13.128436 ], [ 80.2051847, 13.1285341 ] ] ] } },
{ "type": "Feature", "properties": { "osm_id": "way/354764907", "levels": null, "height": null, "name": null, "type": "yes" }, "geometry": { "type": "Polygon", "coordinates": [ [ [ 80.2054993, 13.1292162 ], [ 80.2055443, 13.1292094 ], [ 80.2055294, 13.1291158 ], [ 80.2054844, 13.1291226 ], [ 80.2054993, 13.1292162 ] ] ] } },
{ "type": "Feature", "properties": { "osm_id": "way/354764909", "levels": null, "height": null, "name": null, "type": "yes" }, "geometry": { "type": "Polygon", "coordinates": [ [ [ 80.2069751, 13.1296387 ], [ 80.2069836, 13.1296941 ], [ 80.2071017, 13.1296768 ], [ 80.2070932, 13.1296214 ], [ 80.2069751, 13.1296387 ] ] ] } },
{ "type": "Feature", "properties": { "osm_id": "way/354764912", "levels": null, "height": null, "name": null, "type": "yes" }, "geometry": { "type": "Polygon", "coordinates": [ [ [ 80.2076539, 13.1295073 ], [ 80.2077911, 13.1294887 ], [ 80.2077838, 13.1294374 ], [ 80.2076466, 13.129456 ], [ 80.2076539, 13.1295073 ] ] ] } },
{ "type": "Feature", "properties": { "osm_id": "way/354764915", "levels": null, "height": null, "name": null, "type": "yes" }, "geometry": { "type": "Polygon", "coordinates": [ [ [ 80.2076708, 13.1288275 ], [ 80.2076727, 13.1289103 ], [ 80.2077567, 13.1289085 ], [ 80.2077548, 13.1288257 ], [ 80.2076708, 13.1288275 ] ] ] } },
{ "type": "Feature", "properties": { "osm_id": "way/354764916", "levels": null, "height": null, "name": null, "type": "yes" }, "geometry": { "type": "Polygon", "coordinates": [ [ [ 80.210208, 13.1292057 ], [ 80.2101991, 13.1292453 ], [ 80.2103106, 13.1292691 ], [ 80.2103195, 13.1292295 ], [ 80.210208, 13.1292057 ] ] ] } },
{ "type": "Feature", "properties": { "osm_id": "way/354764917", "levels": null, "height": null, "name": null, "type": "yes" }, "geometry": { "type": "Polygon", "coordinates": [ [ [ 80.2072807, 13.1290905 ], [ 80.2074738, 13.1290678 ], [ 80.2074681, 13.1290215 ], [ 80.2072749, 13.1290442 ], [ 80.2072807, 13.1290905 ] ] ] } },
{ "type": "Feature", "properties": { "osm_id": "way/354764918", "levels": null, "height": null, "name": null, "type": "yes" }, "geometry": { "type": "Polygon", "coordinates": [ [ [ 80.2128836, 13.1299661 ], [ 80.2129583, 13.1299943 ], [ 80.2130328, 13.1299018 ], [ 80.2129608, 13.1298697 ], [ 80.2128836, 13.1299661 ] ] ] } },
{ "type": "Feature", "properties": { "osm_id": "way/354764921", "levels": null, "height": null, "name": null, "type": "yes" }, "geometry": { "type": "Polygon", "coordinates": [ [ [ 80.2105843, 13.1293135 ], [ 80.2106425, 13.1293196 ], [ 80.210659, 13.1291699 ], [ 80.2106008, 13.1291638 ], [ 80.2105843, 13.1293135 ] ] ] } },
{ "type": "Feature", "properties": { "osm_id": "way/354764924", "levels": null, "height": null, "name": null, "type": "yes" }, "geometry": { "type": "Polygon", "coordinates": [ [ [ 80.205531, 13.1290299 ], [ 80.2055349, 13.1291108 ], [ 80.2057141, 13.1291026 ], [ 80.2057102, 13.1290217 ], [ 80.205531, 13.1290299 ] ] ] } },
{ "type": "Feature", "properties": { "osm_id": "way/354764938", "levels": null, "height": null, "name": null, "type": "yes" }, "geometry": { "type": "Polygon", "coordinates": [ [ [ 80.2070432, 13.1298973 ], [ 80.2070513, 13.1299548 ], [ 80.2071469, 13.1299421 ], [ 80.2071389, 13.1298846 ], [ 80.2070432, 13.1298973 ] ] ] } },
{ "type": "Feature", "properties": { "osm_id": "way/354764940", "levels": null, "height": null, "name": null, "type": "yes" }, "geometry": { "type": "Polygon", "coordinates": [ [ [ 80.2064977, 13.1293712 ], [ 80.2065101, 13.1294503 ], [ 80.2066177, 13.1294343 ], [ 80.2066052, 13.1293551 ], [ 80.2064977, 13.1293712 ] ] ] } },
{ "type": "Feature", "properties": { "osm_id": "way/354764944", "levels": null, "height": null, "name": null, "type": "yes" }, "geometry": { "type": "Polygon", "coordinates": [ [ [ 80.206782, 13.129831 ], [ 80.2067935, 13.1298951 ], [ 80.2069194, 13.1298737 ], [ 80.206908, 13.1298097 ], [ 80.206782, 13.129831 ] ] ] } },
{ "type": "Feature", "properties": { "osm_id": "way/354764946", "levels": null, "height": null, "name": null, "type": "yes" }, "geometry": { "type": "Polygon", "coordinates": [ [ [ 80.2094025, 13.1295147 ], [ 80.2095098, 13.1295128 ], [ 80.2095081, 13.1294201 ], [ 80.2094008, 13.1294219 ], [ 80.2094025, 13.1295147 ] ] ] } },
{ "type": "Feature", "properties": { "osm_id": "way/354764952", "levels": null, "height": null, "name": null, "type": "yes" }, "geometry": { "type": "Polygon", "coordinates": [ [ [ 80.2079337, 13.1286508 ], [ 80.2079337, 13.1287305 ], [ 80.2080208, 13.1287305 ], [ 80.2080208, 13.1286508 ], [ 80.2079337, 13.1286508 ] ] ] } },
{ "type": "Feature", "properties": { "osm_id": "way/354764954", "levels": null, "height": null, "name": null, "type": "yes" }, "geometry": { "type": "Polygon", "coordinates": [ [ [ 80.2103892, 13.1296695 ], [ 80.2104508, 13.1296688 ], [ 80.2104653, 13.129602 ], [ 80.2104077, 13.1295712 ], [ 80.2103892, 13.1296695 ] ] ] } },
{ "type": "Feature", "properties": { "osm_id": "way/354764962", "levels": null, "height": null, "name": null, "type": "yes" }, "geometry": { "type": "Polygon", "coordinates": [ [ [ 80.2058374, 13.1290341 ], [ 80.2058432, 13.1291483 ], [ 80.2060306, 13.1291393 ], [ 80.2060248, 13.1290251 ], [ 80.2058374, 13.1290341 ] ] ] } },
{ "type": "Feature", "properties": { "osm_id": "way/354764968", "levels": null, "height": null, "name": null, "type": "yes" }, "geometry": { "type": "Polygon", "coordinates": [ [ [ 80.2090316, 13.1286019 ], [ 80.2091184, 13.1286166 ], [ 80.2091464, 13.1284594 ], [ 80.2090596, 13.1284447 ], [ 80.2090316, 13.1286019 ] ] ] } },
{ "type": "Feature", "properties": { "osm_id": "way/354764971", "levels": null, "height": null, "name": null, "type": "yes" }, "geometry": { "type": "Polygon", "coordinates": [ [ [ 80.2126684, 13.130045 ], [ 80.2127111, 13.1300497 ], [ 80.2127276, 13.1299064 ], [ 80.2126849, 13.1299017 ], [ 80.2126684, 13.130045 ] ] ] } },
{ "type": "Feature", "properties": { "osm_id": "way/354764976", "levels": null, "height": null, "name": null, "type": "yes" }, "geometry": { "type": "Polygon", "coordinates": [ [ [ 80.2060919, 13.1292753 ], [ 80.206104, 13.1293452 ], [ 80.2062318, 13.1293243 ], [ 80.2062197, 13.1292544 ], [ 80.2060919, 13.1292753 ] ] ] } },
{ "type": "Feature", "properties": { "osm_id": "way/354764977", "levels": null, "height": null, "name": null, "type": "yes" }, "geometry": { "type": "Polygon", "coordinates": [ [ [ 80.2126738, 13.1298433 ], [ 80.212718, 13.1298701 ], [ 80.2128044, 13.1297352 ], [ 80.2127603, 13.1297084 ], [ 80.2126738, 13.1298433 ] ] ] } },
{ "type": "Feature", "properties": { "osm_id": "way/354764983", "levels": null, "height": null, "name": null, "type": "yes" }, "geometry": { "type": "Polygon", "coordinates": [ [ [ 80.206555, 13.1298838 ], [ 80.2065682, 13.129941 ], [ 80.2066685, 13.1299192 ], [ 80.2066553, 13.1298619 ], [ 80.206555, 13.1298838 ] ] ] } },
{ "type": "Feature", "properties": { "osm_id": "way/354764988", "levels": null, "height": null, "name": null, "type": "yes" }, "geometry": { "type": "Polygon", "coordinates": [ [ [ 80.2077267, 13.1300162 ], [ 80.2077364, 13.13008 ], [ 80.2079277, 13.1300524 ], [ 80.207918, 13.1299886 ], [ 80.2077267, 13.1300162 ] ] ] } },
{ "type": "Feature", "properties": { "osm_id": "way/354764994", "levels": null, "height": null, "name": null, "type": "yes" }, "geometry": { "type": "Polygon", "coordinates": [ [ [ 80.2108904, 13.1296314 ], [ 80.2109861, 13.1296246 ], [ 80.2109777, 13.129512 ], [ 80.210882, 13.1295187 ], [ 80.2108904, 13.1296314 ] ] ] } },
{ "type": "Feature", "properties": { "osm_id": "way/354765002", "levels": null, "height": null, "name": null, "type": "yes" }, "geometry": { "type": "Polygon", "coordinates": [ [ [ 80.2084026, 13.1297319 ], [ 80.208477, 13.1297221 ], [ 80.2084649, 13.129634 ], [ 80.2083905, 13.1296437 ], [ 80.2084026, 13.1297319 ] ] ] } },
{ "type": "Feature", "properties": { "osm_id": "way/354765011", "levels": null, "height": null, "name": null, "type": "yes" }, "geometry": { "type": "Polygon", "coordinates": [ [ [ 80.2101138, 13.1296108 ], [ 80.2102079, 13.12962 ], [ 80.2102231, 13.1294736 ], [ 80.2101289, 13.1294643 ], [ 80.2101138, 13.1296108 ] ] ] } },
{ "type": "Feature", "properties": { "osm_id": "way/354765022", "levels": null, "height": null, "name": null, "type": "yes" }, "geometry": { "type": "Polygon", "coordinates": [ [ [ 80.2078835, 13.1294947 ], [ 80.2078912, 13.1295463 ], [ 80.2080093, 13.1295296 ], [ 80.2080016, 13.129478 ], [ 80.2078835, 13.1294947 ] ] ] } },
{ "type": "Feature", "properties": { "osm_id": "way/354765033", "levels": null, "height": null, "name": null, "type": "yes" }, "geometry": { "type": "Polygon", "coordinates": [ [ [ 80.2053621, 13.1288838 ], [ 80.2054227, 13.1288717 ], [ 80.205395, 13.1287394 ], [ 80.2053344, 13.1287514 ], [ 80.2053621, 13.1288838 ] ] ] } },
{ "type": "Feature", "properties": { "osm_id": "way/354765050", "levels": null, "height": null, "name": null, "type": "yes" }, "geometry": { "type": "Polygon", "coordinates": [ [ [ 80.2068989, 13.1295635 ], [ 80.2069113, 13.1296282 ], [ 80.2069997, 13.1296121 ], [ 80.2069873, 13.1295475 ], [ 80.2068989, 13.1295635 ] ] ] } },
{ "type": "Feature", "properties": { "osm_id": "way/354765052", "levels": null, "height": null, "name": null, "type": "yes" }, "geometry": { "type": "Polygon", "coordinates": [ [ [ 80.2091148, 13.1299687 ], [ 80.2092082, 13.1299538 ], [ 80.2092016, 13.1298012 ], [ 80.2091009, 13.1298297 ], [ 80.2091148, 13.1299687 ] ] ] } },
{ "type": "Feature", "properties": { "osm_id": "way/354765055", "levels": null, "height": null, "name": null, "type": "yes" }, "geometry": { "type": "Polygon", "coordinates": [ [ [ 80.2071538, 13.1295983 ], [ 80.2071709, 13.129672 ], [ 80.2073155, 13.1296402 ], [ 80.2072984, 13.1295665 ], [ 80.2071538, 13.1295983 ] ] ] } },
{ "type": "Feature", "properties": { "osm_id": "way/354765068", "levels": null, "height": null, "name": null, "type": "yes" }, "geometry": { "type": "Polygon", "coordinates": [ [ [ 80.2050803, 13.128709 ], [ 80.2051442, 13.1286989 ], [ 80.2051192, 13.1285479 ], [ 80.2050553, 13.128558 ], [ 80.2050803, 13.128709 ] ] ] } },
{ "type": "Feature", "properties": { "osm_id": "way/354765074", "levels": null, "height": null, "name": null, "type": "yes" }, "geometry": { "type": "Polygon", "coordinates": [ [ [ 80.2066125, 13.1286087 ], [ 80.2066221, 13.1286853 ], [ 80.2067518, 13.1286699 ], [ 80.2067421, 13.1285932 ], [ 80.2066125, 13.1286087 ] ] ] } },
{ "type": "Feature", "properties": { "osm_id": "way/354765078", "levels": null, "height": null, "name": null, "type": "yes" }, "geometry": { "type": "Polygon", "coordinates": [ [ [ 80.2093993, 13.1295987 ], [ 80.209515, 13.1295978 ], [ 80.2095144, 13.1295177 ], [ 80.2093987, 13.1295186 ], [ 80.2093993, 13.1295987 ] ] ] } },
{ "type": "Feature", "properties": { "osm_id": "way/354765083", "levels": null, "height": null, "name": null, "type": "yes" }, "geometry": { "type": "Polygon", "coordinates": [ [ [ 80.2083984, 13.1292148 ], [ 80.2084209, 13.1293135 ], [ 80.2085469, 13.1292862 ], [ 80.2085244, 13.1291876 ], [ 80.2083984, 13.1292148 ] ] ] } },
{ "type": "Feature", "properties": { "osm_id": "way/354765090", "levels": null, "height": null, "name": null, "type": "yes" }, "geometry": { "type": "Polygon", "coordinates": [ [ [ 80.2068155, 13.1288844 ], [ 80.2068266, 13.1289643 ], [ 80.206944, 13.1289489 ], [ 80.206933, 13.128869 ], [ 80.2068155, 13.1288844 ] ] ] } },
{ "type": "Feature", "properties": { "osm_id": "way/354765092", "levels": null, "height": null, "name": null, "type": "yes" }, "geometry": { "type": "Polygon", "coordinates": [ [ [ 80.209422, 13.1298215 ], [ 80.2095325, 13.1298128 ], [ 80.2095204, 13.1296656 ], [ 80.2094099, 13.1296743 ], [ 80.209422, 13.1298215 ] ] ] } },
{ "type": "Feature", "properties": { "osm_id": "way/354765106", "levels": null, "height": null, "name": null, "type": "yes" }, "geometry": { "type": "Polygon", "coordinates": [ [ [ 80.2059868, 13.1286862 ], [ 80.2060545, 13.1286816 ], [ 80.2060461, 13.1285653 ], [ 80.2059784, 13.1285699 ], [ 80.2059868, 13.1286862 ] ] ] } },
{ "type": "Feature", "properties": { "osm_id": "way/354765115", "levels": null, "height": null, "name": null, "type": "yes" }, "geometry": { "type": "Polygon", "coordinates": [ [ [ 80.2067571, 13.1297155 ], [ 80.2067683, 13.1297733 ], [ 80.2068323, 13.1297615 ], [ 80.206821, 13.1297037 ], [ 80.2067571, 13.1297155 ] ] ] } },
{ "type": "Feature", "properties": { "osm_id": "way/354765119", "levels": null, "height": null, "name": null, "type": "yes" }, "geometry": { "type": "Polygon", "coordinates": [ [ [ 80.210391, 13.1292654 ], [ 80.2103746, 13.1293314 ], [ 80.210459, 13.1293513 ], [ 80.2104754, 13.1292853 ], [ 80.210391, 13.1292654 ] ] ] } },
{ "type": "Feature", "properties": { "osm_id": "way/354765123", "levels": null, "height": null, "name": null, "type": "yes" }, "geometry": { "type": "Polygon", "coordinates": [ [ [ 80.2079323, 13.1299391 ], [ 80.2079406, 13.1299922 ], [ 80.2080878, 13.1299704 ], [ 80.2080794, 13.1299173 ], [ 80.2079323, 13.1299391 ] ] ] } },
{ "type": "Feature", "properties": { "osm_id": "way/354765129", "levels": null, "height": null, "name": null, "type": "yes" }, "geometry": { "type": "Polygon", "coordinates": [ [ [ 80.207788, 13.1289662 ], [ 80.2079253, 13.128945 ], [ 80.2079141, 13.1288764 ], [ 80.2077769, 13.1288976 ], [ 80.207788, 13.1289662 ] ] ] } },
{ "type": "Feature", "properties": { "osm_id": "way/354765138", "levels": null, "height": null, "name": null, "type": "yes" }, "geometry": { "type": "Polygon", "coordinates": [ [ [ 80.2128315, 13.1299217 ], [ 80.212873, 13.1299459 ], [ 80.2129238, 13.129863 ], [ 80.2128823, 13.1298389 ], [ 80.2128315, 13.1299217 ] ] ] } },
{ "type": "Feature", "properties": { "osm_id": "way/354765142", "levels": null, "height": null, "name": null, "type": "yes" }, "geometry": { "type": "Polygon", "coordinates": [ [ [ 80.204967, 13.1289973 ], [ 80.2050375, 13.1289804 ], [ 80.2050142, 13.1288877 ], [ 80.2049436, 13.1289046 ], [ 80.204967, 13.1289973 ] ] ] } },
{ "type": "Feature", "properties": { "osm_id": "way/354765143", "levels": null, "height": null, "name": null, "type": "yes" }, "geometry": { "type": "Polygon", "coordinates": [ [ [ 80.2055169, 13.128496 ], [ 80.2055126, 13.1285773 ], [ 80.2056404, 13.1285837 ], [ 80.2056447, 13.1285023 ], [ 80.2055169, 13.128496 ] ] ] } },
{ "type": "Feature", "properties": { "osm_id": "way/354765145", "levels": null, "height": null, "name": null, "type": "yes" }, "geometry": { "type": "Polygon", "coordinates": [ [ [ 80.2112322, 13.129204 ], [ 80.2113279, 13.1292069 ], [ 80.2113365, 13.1292071 ], [ 80.2113391, 13.12912 ], [ 80.2113306, 13.1291198 ], [ 80.2112349, 13.1291169 ], [ 80.2112345, 13.1291298 ], [ 80.2112322, 13.129204 ] ] ] } },
{ "type": "Feature", "properties": { "osm_id": "way/354765147", "levels": null, "height": null, "name": null, "type": "yes" }, "geometry": { "type": "Polygon", "coordinates": [ [ [ 80.208328, 13.1293206 ], [ 80.2083835, 13.1293102 ], [ 80.208369, 13.129237 ], [ 80.2083135, 13.1292474 ], [ 80.208328, 13.1293206 ] ] ] } },
{ "type": "Feature", "properties": { "osm_id": "way/354765148", "levels": null, "height": null, "name": null, "type": "yes" }, "geometry": { "type": "Polygon", "coordinates": [ [ [ 80.2059039, 13.128655 ], [ 80.2059643, 13.1286502 ], [ 80.205955, 13.1285397 ], [ 80.2058946, 13.1285445 ], [ 80.2059039, 13.128655 ] ] ] } },
{ "type": "Feature", "properties": { "osm_id": "way/354765161", "levels": null, "height": null, "name": null, "type": "yes" }, "geometry": { "type": "Polygon", "coordinates": [ [ [ 80.2075309, 13.1288375 ], [ 80.2075299, 13.1288958 ], [ 80.2076494, 13.1288976 ], [ 80.2076503, 13.1288393 ], [ 80.2075309, 13.1288375 ] ] ] } },
{ "type": "Feature", "properties": { "osm_id": "way/354765162", "levels": null, "height": null, "name": null, "type": "yes" }, "geometry": { "type": "Polygon", "coordinates": [ [ [ 80.2079541, 13.1297952 ], [ 80.2080685, 13.1297759 ], [ 80.2080498, 13.1296705 ], [ 80.2079354, 13.1296898 ], [ 80.2079541, 13.1297952 ] ] ] } },
{ "type": "Feature", "properties": { "osm_id": "way/354765164", "levels": null, "height": null, "name": null, "type": "yes" }, "geometry": { "type": "Polygon", "coordinates": [ [ [ 80.2063363, 13.1299799 ], [ 80.2063467, 13.1300405 ], [ 80.2064898, 13.1300174 ], [ 80.2064795, 13.1299567 ], [ 80.2063363, 13.1299799 ] ] ] } },
{ "type": "Feature", "properties": { "osm_id": "way/354765166", "levels": null, "height": null, "name": null, "type": "yes" }, "geometry": { "type": "Polygon", "coordinates": [ [ [ 80.2069632, 13.129991 ], [ 80.2069719, 13.1300385 ], [ 80.2071494, 13.1300077 ], [ 80.2071406, 13.1299602 ], [ 80.2069632, 13.129991 ] ] ] } },
{ "type": "Feature", "properties": { "osm_id": "way/354765168", "levels": null, "height": null, "name": null, "type": "yes" }, "geometry": { "type": "Polygon", "coordinates": [ [ [ 80.2102053, 13.1293803 ], [ 80.2102846, 13.1294019 ], [ 80.2103096, 13.1293145 ], [ 80.2102304, 13.1292929 ], [ 80.2102053, 13.1293803 ] ] ] } },
{ "type": "Feature", "properties": { "osm_id": "way/354765170", "levels": null, "height": null, "name": null, "type": "yes" }, "geometry": { "type": "Polygon", "coordinates": [ [ [ 80.2072763, 13.1289498 ], [ 80.2072855, 13.1290342 ], [ 80.2074693, 13.1290151 ], [ 80.2074601, 13.1289307 ], [ 80.2072763, 13.1289498 ] ] ] } },
{ "type": "Feature", "properties": { "osm_id": "way/354765179", "levels": null, "height": null, "name": null, "type": "yes" }, "geometry": { "type": "Polygon", "coordinates": [ [ [ 80.21029, 13.1288236 ], [ 80.2102769, 13.1288778 ], [ 80.2103771, 13.128901 ], [ 80.2103903, 13.1288467 ], [ 80.21029, 13.1288236 ] ] ] } },
{ "type": "Feature", "properties": { "osm_id": "way/354765180", "levels": null, "height": null, "name": null, "type": "yes" }, "geometry": { "type": "Polygon", "coordinates": [ [ [ 80.2091543, 13.1284611 ], [ 80.209142, 13.1285527 ], [ 80.2092381, 13.1285649 ], [ 80.2092504, 13.1284734 ], [ 80.2091543, 13.1284611 ] ] ] } },
{ "type": "Feature", "properties": { "osm_id": "way/354765182", "levels": null, "height": null, "name": null, "type": "yes" }, "geometry": { "type": "Polygon", "coordinates": [ [ [ 80.2055332, 13.1289936 ], [ 80.20564, 13.1289895 ], [ 80.2056371, 13.1289171 ], [ 80.2055303, 13.1289212 ], [ 80.2055332, 13.1289936 ] ] ] } },
{ "type": "Feature", "properties": { "osm_id": "way/354765196", "levels": null, "height": null, "name": null, "type": "yes" }, "geometry": { "type": "Polygon", "coordinates": [ [ [ 80.2096784, 13.12909 ], [ 80.2097472, 13.1291015 ], [ 80.2097611, 13.1290225 ], [ 80.2096923, 13.129011 ], [ 80.2096784, 13.12909 ] ] ] } },
{ "type": "Feature", "properties": { "osm_id": "way/354765208", "levels": null, "height": null, "name": null, "type": "yes" }, "geometry": { "type": "Polygon", "coordinates": [ [ [ 80.2076817, 13.128521 ], [ 80.2077438, 13.1285205 ], [ 80.2077431, 13.1284453 ], [ 80.207681, 13.1284459 ], [ 80.2076817, 13.128521 ] ] ] } },
{ "type": "Feature", "properties": { "osm_id": "way/354765210", "levels": null, "height": null, "name": null, "type": "yes" }, "geometry": { "type": "Polygon", "coordinates": [ [ [ 80.2102913, 13.1297168 ], [ 80.2103809, 13.1297095 ], [ 80.2103737, 13.1296253 ], [ 80.2102841, 13.1296326 ], [ 80.2102913, 13.1297168 ] ] ] } },
{ "type": "Feature", "properties": { "osm_id": "way/354765219", "levels": null, "height": null, "name": null, "type": "yes" }, "geometry": { "type": "Polygon", "coordinates": [ [ [ 80.2054368, 13.1290553 ], [ 80.2055164, 13.129047 ], [ 80.2055015, 13.1289125 ], [ 80.2054219, 13.1289209 ], [ 80.2054368, 13.1290553 ] ] ] } },
{ "type": "Feature", "properties": { "osm_id": "way/354765222", "levels": null, "height": null, "name": null, "type": "yes" }, "geometry": { "type": "Polygon", "coordinates": [ [ [ 80.2079336, 13.1298079 ], [ 80.2079535, 13.1299243 ], [ 80.2080822, 13.1299034 ], [ 80.2080623, 13.129787 ], [ 80.2079336, 13.1298079 ] ] ] } },
{ "type": "Feature", "properties": { "osm_id": "way/354765224", "levels": null, "height": null, "name": null, "type": "yes" }, "geometry": { "type": "Polygon", "coordinates": [ [ [ 80.2103204, 13.128679 ], [ 80.2103074, 13.1287349 ], [ 80.2104439, 13.1287651 ], [ 80.210457, 13.1287092 ], [ 80.2103204, 13.128679 ] ] ] } },
{ "type": "Feature", "properties": { "osm_id": "way/354765228", "levels": null, "height": null, "name": null, "type": "yes" }, "geometry": { "type": "Polygon", "coordinates": [ [ [ 80.2079616, 13.1299971 ], [ 80.2079675, 13.1300538 ], [ 80.2080981, 13.1300409 ], [ 80.2080922, 13.1299842 ], [ 80.2079616, 13.1299971 ] ] ] } },
{ "type": "Feature", "properties": { "osm_id": "way/354765230", "levels": null, "height": null, "name": null, "type": "yes" }, "geometry": { "type": "Polygon", "coordinates": [ [ [ 80.2085549, 13.1287627 ], [ 80.2086491, 13.1287642 ], [ 80.2086511, 13.1286485 ], [ 80.2085569, 13.128647 ], [ 80.2085549, 13.1287627 ] ] ] } },
{ "type": "Feature", "properties": { "osm_id": "way/354765235", "levels": null, "height": null, "name": null, "type": "yes" }, "geometry": { "type": "Polygon", "coordinates": [ [ [ 80.2088462, 13.1294454 ], [ 80.2089363, 13.1294364 ], [ 80.2089181, 13.1292618 ], [ 80.2088281, 13.1292707 ], [ 80.2088462, 13.1294454 ] ] ] } },
{ "type": "Feature", "properties": { "osm_id": "way/354765239", "levels": null, "height": null, "name": null, "type": "yes" }, "geometry": { "type": "Polygon", "coordinates": [ [ [ 80.2072965, 13.1291741 ], [ 80.2074831, 13.1291541 ], [ 80.2074743, 13.1290754 ], [ 80.2072877, 13.1290954 ], [ 80.2072965, 13.1291741 ] ] ] } },
{ "type": "Feature", "properties": { "osm_id": "way/354765244", "levels": null, "height": null, "name": null, "type": "yes" }, "geometry": { "type": "Polygon", "coordinates": [ [ [ 80.2054864, 13.1287577 ], [ 80.2054881, 13.1288213 ], [ 80.2056391, 13.1288174 ], [ 80.2056374, 13.1287538 ], [ 80.2054864, 13.1287577 ] ] ] } },
{ "type": "Feature", "properties": { "osm_id": "way/354765247", "levels": null, "height": null, "name": null, "type": "yes" }, "geometry": { "type": "Polygon", "coordinates": [ [ [ 80.2063529, 13.1298861 ], [ 80.2063575, 13.1299583 ], [ 80.2064848, 13.1299506 ], [ 80.2064802, 13.1298784 ], [ 80.2063529, 13.1298861 ] ] ] } },
{ "type": "Feature", "properties": { "osm_id": "way/354765265", "levels": null, "height": null, "name": null, "type": "yes" }, "geometry": { "type": "Polygon", "coordinates": [ [ [ 80.2066595, 13.1288632 ], [ 80.2067638, 13.1288508 ], [ 80.2067525, 13.1287608 ], [ 80.2067243, 13.1287641 ], [ 80.2067204, 13.1287334 ], [ 80.2066799, 13.1287382 ], [ 80.2066831, 13.1287639 ], [ 80.2066475, 13.1287682 ], [ 80.2066595, 13.1288632 ] ] ] } },
{ "type": "Feature", "properties": { "osm_id": "way/354786586", "levels": null, "height": null, "name": null, "type": "yes" }, "geometry": { "type": "Polygon", "coordinates": [ [ [ 80.2073712, 13.123642 ], [ 80.2074705, 13.1236397 ], [ 80.2074685, 13.1235581 ], [ 80.2073692, 13.1235604 ], [ 80.2073712, 13.123642 ] ] ] } },
{ "type": "Feature", "properties": { "osm_id": "way/354786587", "levels": null, "height": null, "name": null, "type": "yes" }, "geometry": { "type": "Polygon", "coordinates": [ [ [ 80.2086086, 13.1245607 ], [ 80.2086689, 13.1245614 ], [ 80.2086702, 13.1244515 ], [ 80.2086099, 13.1244508 ], [ 80.2086086, 13.1245607 ] ] ] } },
{ "type": "Feature", "properties": { "osm_id": "way/354786589", "levels": null, "height": null, "name": null, "type": "yes" }, "geometry": { "type": "Polygon", "coordinates": [ [ [ 80.2081847, 13.1242875 ], [ 80.2082639, 13.1242901 ], [ 80.2082667, 13.1242083 ], [ 80.2081875, 13.1242058 ], [ 80.2081847, 13.1242875 ] ] ] } },
{ "type": "Feature", "properties": { "osm_id": "way/354786590", "levels": null, "height": null, "name": null, "type": "yes" }, "geometry": { "type": "Polygon", "coordinates": [ [ [ 80.2079238, 13.1247769 ], [ 80.2079904, 13.1248056 ], [ 80.2080188, 13.1247433 ], [ 80.2079522, 13.1247146 ], [ 80.2079238, 13.1247769 ] ] ] } },
{ "type": "Feature", "properties": { "osm_id": "way/354786591", "levels": null, "height": null, "name": null, "type": "yes" }, "geometry": { "type": "Polygon", "coordinates": [ [ [ 80.2113698, 13.1251853 ], [ 80.2114466, 13.1251833 ], [ 80.2114438, 13.1250847 ], [ 80.211367, 13.1250867 ], [ 80.2113698, 13.1251853 ] ] ] } },
{ "type": "Feature", "properties": { "osm_id": "way/354786592", "levels": null, "height": null, "name": null, "type": "yes" }, "geometry": { "type": "Polygon", "coordinates": [ [ [ 80.2079361, 13.1247131 ], [ 80.207962, 13.1246467 ], [ 80.2079013, 13.1246242 ], [ 80.2078754, 13.1246907 ], [ 80.2079361, 13.1247131 ] ] ] } },
{ "type": "Feature", "properties": { "osm_id": "way/354786593", "levels": null, "height": null, "name": null, "type": "yes" }, "geometry": { "type": "Polygon", "coordinates": [ [ [ 80.2083967, 13.1237255 ], [ 80.2084771, 13.1237287 ], [ 80.2084813, 13.1236296 ], [ 80.2084009, 13.1236264 ], [ 80.2083967, 13.1237255 ] ] ] } },
{ "type": "Feature", "properties": { "osm_id": "way/354786594", "levels": null, "height": null, "name": null, "type": "yes" }, "geometry": { "type": "Polygon", "coordinates": [ [ [ 80.2110584, 13.1256113 ], [ 80.2111122, 13.1256124 ], [ 80.2111143, 13.1255152 ], [ 80.2110605, 13.1255141 ], [ 80.2110584, 13.1256113 ] ] ] } },
{ "type": "Feature", "properties": { "osm_id": "way/354786595", "levels": null, "height": null, "name": null, "type": "yes" }, "geometry": { "type": "Polygon", "coordinates": [ [ [ 80.2077512, 13.1235418 ], [ 80.2078952, 13.1235593 ], [ 80.2079064, 13.123472 ], [ 80.2077624, 13.1234544 ], [ 80.2077512, 13.1235418 ] ] ] } },
{ "type": "Feature", "properties": { "osm_id": "way/354786600", "levels": null, "height": null, "name": null, "type": "yes" }, "geometry": { "type": "Polygon", "coordinates": [ [ [ 80.2065079, 13.1217789 ], [ 80.2065956, 13.1217762 ], [ 80.2065923, 13.1216753 ], [ 80.2065046, 13.121678 ], [ 80.2065079, 13.1217789 ] ] ] } },
{ "type": "Feature", "properties": { "osm_id": "way/354786602", "levels": null, "height": null, "name": null, "type": "yes" }, "geometry": { "type": "Polygon", "coordinates": [ [ [ 80.2082997, 13.1237282 ], [ 80.208382, 13.123735 ], [ 80.2083918, 13.1236233 ], [ 80.2083095, 13.1236164 ], [ 80.2082997, 13.1237282 ] ] ] } },
{ "type": "Feature", "properties": { "osm_id": "way/354786604", "levels": null, "height": null, "name": null, "type": "yes" }, "geometry": { "type": "Polygon", "coordinates": [ [ [ 80.2074316, 13.1249579 ], [ 80.2075157, 13.1249643 ], [ 80.2075222, 13.124883 ], [ 80.2074381, 13.1248766 ], [ 80.2074316, 13.1249579 ] ] ] } },
{ "type": "Feature", "properties": { "osm_id": "way/354786606", "levels": null, "height": null, "name": null, "type": "yes" }, "geometry": { "type": "Polygon", "coordinates": [ [ [ 80.2106604, 13.1263783 ], [ 80.210749, 13.1263783 ], [ 80.210749, 13.1263174 ], [ 80.2106604, 13.1263174 ], [ 80.2106604, 13.1263783 ] ] ] } },
{ "type": "Feature", "properties": { "osm_id": "way/354786607", "levels": null, "height": null, "name": null, "type": "yes" }, "geometry": { "type": "Polygon", "coordinates": [ [ [ 80.2084388, 13.1243128 ], [ 80.2084391, 13.1243758 ], [ 80.2085579, 13.1243752 ], [ 80.2085575, 13.1243121 ], [ 80.2084388, 13.1243128 ] ] ] } },
{ "type": "Feature", "properties": { "osm_id": "way/354786609", "levels": null, "height": null, "name": null, "type": "yes" }, "geometry": { "type": "Polygon", "coordinates": [ [ [ 80.2082606, 13.1243186 ], [ 80.2082508, 13.1243914 ], [ 80.2083511, 13.1244042 ], [ 80.2083609, 13.1243314 ], [ 80.2082606, 13.1243186 ] ] ] } },
{ "type": "Feature", "properties": { "osm_id": "way/354786610", "levels": null, "height": null, "name": null, "type": "yes" }, "geometry": { "type": "Polygon", "coordinates": [ [ [ 80.2075303, 13.1254699 ], [ 80.2076065, 13.1254725 ], [ 80.2076105, 13.1253613 ], [ 80.2075342, 13.1253588 ], [ 80.2075303, 13.1254699 ] ] ] } },
{ "type": "Feature", "properties": { "osm_id": "way/354786612", "levels": null, "height": null, "name": null, "type": "yes" }, "geometry": { "type": "Polygon", "coordinates": [ [ [ 80.2107838, 13.1242699 ], [ 80.210927, 13.1242763 ], [ 80.2109294, 13.1242267 ], [ 80.2107862, 13.1242204 ], [ 80.2107838, 13.1242699 ] ] ] } },
{ "type": "Feature", "properties": { "osm_id": "way/354786614", "levels": null, "height": null, "name": null, "type": "yes" }, "geometry": { "type": "Polygon", "coordinates": [ [ [ 80.2101967, 13.1254064 ], [ 80.2102522, 13.125408 ], [ 80.2102554, 13.1253008 ], [ 80.2101999, 13.1252992 ], [ 80.2101967, 13.1254064 ] ] ] } },
{ "type": "Feature", "properties": { "osm_id": "way/354786616", "levels": null, "height": null, "name": null, "type": "yes" }, "geometry": { "type": "Polygon", "coordinates": [ [ [ 80.2095859, 13.123525 ], [ 80.209758, 13.1235277 ], [ 80.2097591, 13.1234634 ], [ 80.209587, 13.1234607 ], [ 80.2095859, 13.123525 ] ] ] } },
{ "type": "Feature", "properties": { "osm_id": "way/354786617", "levels": null, "height": null, "name": null, "type": "yes" }, "geometry": { "type": "Polygon", "coordinates": [ [ [ 80.2108641, 13.1242159 ], [ 80.2109454, 13.1242199 ], [ 80.2109491, 13.1241481 ], [ 80.2108678, 13.1241441 ], [ 80.2108641, 13.1242159 ] ] ] } },
{ "type": "Feature", "properties": { "osm_id": "way/354786618", "levels": null, "height": null, "name": null, "type": "yes" }, "geometry": { "type": "Polygon", "coordinates": [ [ [ 80.2076126, 13.1235951 ], [ 80.2076654, 13.1235965 ], [ 80.2076687, 13.1234803 ], [ 80.2076159, 13.1234788 ], [ 80.2076126, 13.1235951 ] ] ] } },
{ "type": "Feature", "properties": { "osm_id": "way/354786619", "levels": null, "height": null, "name": null, "type": "yes" }, "geometry": { "type": "Polygon", "coordinates": [ [ [ 80.2091822, 13.1269111 ], [ 80.2091664, 13.1269534 ], [ 80.2092489, 13.1269826 ], [ 80.2092647, 13.1269404 ], [ 80.2091822, 13.1269111 ] ] ] } },
{ "type": "Feature", "properties": { "osm_id": "way/354786621", "levels": null, "height": null, "name": null, "type": "yes" }, "geometry": { "type": "Polygon", "coordinates": [ [ [ 80.2110294, 13.124074 ], [ 80.2111326, 13.1240874 ], [ 80.2111428, 13.1240125 ], [ 80.2110396, 13.1239991 ], [ 80.2110294, 13.124074 ] ] ] } },
{ "type": "Feature", "properties": { "osm_id": "way/354786622", "levels": null, "height": null, "name": null, "type": "yes" }, "geometry": { "type": "Polygon", "coordinates": [ [ [ 80.2098665, 13.1265118 ], [ 80.2099012, 13.1265195 ], [ 80.2099133, 13.1264677 ], [ 80.2098786, 13.12646 ], [ 80.2098665, 13.1265118 ] ] ] } },
{ "type": "Feature", "properties": { "osm_id": "way/354786624", "levels": null, "height": null, "name": null, "type": "yes" }, "geometry": { "type": "Polygon", "coordinates": [ [ [ 80.2080404, 13.1255423 ], [ 80.2081173, 13.1255524 ], [ 80.2081325, 13.1254432 ], [ 80.2080556, 13.125433 ], [ 80.2080404, 13.1255423 ] ] ] } },
{ "type": "Feature", "properties": { "osm_id": "way/354786626", "levels": null, "height": null, "name": null, "type": "yes" }, "geometry": { "type": "Polygon", "coordinates": [ [ [ 80.2107691, 13.1245323 ], [ 80.2109103, 13.1245285 ], [ 80.2109081, 13.1244533 ], [ 80.2107669, 13.1244572 ], [ 80.2107691, 13.1245323 ] ] ] } },
{ "type": "Feature", "properties": { "osm_id": "way/354786627", "levels": null, "height": null, "name": null, "type": "yes" }, "geometry": { "type": "Polygon", "coordinates": [ [ [ 80.2089839, 13.1251068 ], [ 80.208985, 13.1250166 ], [ 80.2088949, 13.1250156 ], [ 80.2088938, 13.1251058 ], [ 80.2089839, 13.1251068 ] ] ] } },
{ "type": "Feature", "properties": { "osm_id": "way/354786628", "levels": null, "height": null, "name": null, "type": "yes" }, "geometry": { "type": "Polygon", "coordinates": [ [ [ 80.2115999, 13.124779 ], [ 80.2116025, 13.1248693 ], [ 80.2117019, 13.1248666 ], [ 80.2116992, 13.1247763 ], [ 80.2115999, 13.124779 ] ] ] } },
{ "type": "Feature", "properties": { "osm_id": "way/354786629", "levels": null, "height": null, "name": null, "type": "yes" }, "geometry": { "type": "Polygon", "coordinates": [ [ [ 80.2109934, 13.1256085 ], [ 80.2110512, 13.1256104 ], [ 80.2110545, 13.1255134 ], [ 80.2109967, 13.1255115 ], [ 80.2109934, 13.1256085 ] ] ] } },
{ "type": "Feature", "properties": { "osm_id": "way/354786632", "levels": null, "height": null, "name": null, "type": "yes" }, "geometry": { "type": "Polygon", "coordinates": [ [ [ 80.2076109, 13.1232367 ], [ 80.2076096, 13.1231729 ], [ 80.2075921, 13.1231733 ], [ 80.2075917, 13.1231539 ], [ 80.2075627, 13.1231544 ], [ 80.2075632, 13.1231792 ], [ 80.2075477, 13.1231795 ], [ 80.2075488, 13.1232379 ], [ 80.2076109, 13.1232367 ] ] ] } },
{ "type": "Feature", "properties": { "osm_id": "way/354786633", "levels": null, "height": null, "name": null, "type": "yes" }, "geometry": { "type": "Polygon", "coordinates": [ [ [ 80.2108561, 13.1242122 ], [ 80.2108608, 13.1241482 ], [ 80.2108071, 13.1241445 ], [ 80.2108024, 13.1242085 ], [ 80.2108561, 13.1242122 ] ] ] } },
{ "type": "Feature", "properties": { "osm_id": "way/354786635", "levels": null, "height": null, "name": null, "type": "yes" }, "geometry": { "type": "Polygon", "coordinates": [ [ [ 80.2096764, 13.1268922 ], [ 80.2097725, 13.126907 ], [ 80.2097804, 13.1268582 ], [ 80.2096843, 13.1268434 ], [ 80.2096764, 13.1268922 ] ] ] } },
{ "type": "Feature", "properties": { "osm_id": "way/354786637", "levels": null, "height": null, "name": null, "type": "yes" }, "geometry": { "type": "Polygon", "coordinates": [ [ [ 80.2115941, 13.1252039 ], [ 80.2116809, 13.1252025 ], [ 80.2116786, 13.1250594 ], [ 80.2115918, 13.1250608 ], [ 80.2115941, 13.1252039 ] ] ] } },
{ "type": "Feature", "properties": { "osm_id": "way/354786638", "levels": null, "height": null, "name": null, "type": "yes" }, "geometry": { "type": "Polygon", "coordinates": [ [ [ 80.2084368, 13.1243019 ], [ 80.2085344, 13.1243083 ], [ 80.2085399, 13.1242291 ], [ 80.2084423, 13.1242227 ], [ 80.2084368, 13.1243019 ] ] ] } },
{ "type": "Feature", "properties": { "osm_id": "way/354786639", "levels": null, "height": null, "name": null, "type": "yes" }, "geometry": { "type": "Polygon", "coordinates": [ [ [ 80.2081507, 13.1246466 ], [ 80.2082069, 13.1246627 ], [ 80.2082352, 13.1245682 ], [ 80.2081791, 13.1245522 ], [ 80.2081507, 13.1246466 ] ] ] } },
{ "type": "Feature", "properties": { "osm_id": "way/354786640", "levels": null, "height": null, "name": null, "type": "yes" }, "geometry": { "type": "Polygon", "coordinates": [ [ [ 80.2114533, 13.1251826 ], [ 80.2115203, 13.1251799 ], [ 80.2115161, 13.1250809 ], [ 80.2114491, 13.1250836 ], [ 80.2114533, 13.1251826 ] ] ] } },
{ "type": "Feature", "properties": { "osm_id": "way/354786641", "levels": null, "height": null, "name": null, "type": "yes" }, "geometry": { "type": "Polygon", "coordinates": [ [ [ 80.2111258, 13.1256531 ], [ 80.2111788, 13.1256517 ], [ 80.2111751, 13.1255158 ], [ 80.211122, 13.1255172 ], [ 80.2111258, 13.1256531 ] ] ] } },
{ "type": "Feature", "properties": { "osm_id": "way/354786642", "levels": null, "height": null, "name": null, "type": "yes" }, "geometry": { "type": "Polygon", "coordinates": [ [ [ 80.2115248, 13.1251856 ], [ 80.2115817, 13.1251854 ], [ 80.2115812, 13.1250854 ], [ 80.2115243, 13.1250857 ], [ 80.2115248, 13.1251856 ] ] ] } },
{ "type": "Feature", "properties": { "osm_id": "way/354786643", "levels": null, "height": null, "name": null, "type": "yes" }, "geometry": { "type": "Polygon", "coordinates": [ [ [ 80.2104905, 13.1251459 ], [ 80.2105745, 13.1251459 ], [ 80.2105745, 13.1250641 ], [ 80.2104905, 13.1250641 ], [ 80.2104905, 13.1251459 ] ] ] } },
{ "type": "Feature", "properties": { "osm_id": "way/354786645", "levels": null, "height": null, "name": null, "type": "yes" }, "geometry": { "type": "Polygon", "coordinates": [ [ [ 80.207825, 13.1234454 ], [ 80.2079278, 13.1234499 ], [ 80.2079324, 13.123349 ], [ 80.2078297, 13.1233446 ], [ 80.207825, 13.1234454 ] ] ] } },
{ "type": "Feature", "properties": { "osm_id": "way/354786647", "levels": null, "height": null, "name": null, "type": "yes" }, "geometry": { "type": "Polygon", "coordinates": [ [ [ 80.206562, 13.1218894 ], [ 80.2066618, 13.1218844 ], [ 80.2066565, 13.1217854 ], [ 80.2065567, 13.1217905 ], [ 80.206562, 13.1218894 ] ] ] } },
{ "type": "Feature", "properties": { "osm_id": "way/354786648", "levels": null, "height": null, "name": null, "type": "yes" }, "geometry": { "type": "Polygon", "coordinates": [ [ [ 80.2078514, 13.1247422 ], [ 80.2078777, 13.1246761 ], [ 80.2078383, 13.1246612 ], [ 80.2078119, 13.1247273 ], [ 80.2078514, 13.1247422 ] ] ] } },
{ "type": "Feature", "properties": { "osm_id": "way/354786649", "levels": null, "height": null, "name": null, "type": "yes" }, "geometry": { "type": "Polygon", "coordinates": [ [ [ 80.2111507, 13.1240091 ], [ 80.2111752, 13.1239455 ], [ 80.2110833, 13.1239119 ], [ 80.2110588, 13.1239755 ], [ 80.2111507, 13.1240091 ] ] ] } },
{ "type": "Feature", "properties": { "osm_id": "way/354812255", "levels": null, "height": null, "name": null, "type": "yes" }, "geometry": { "type": "Polygon", "coordinates": [ [ [ 80.2063516, 13.1267863 ], [ 80.206407, 13.126792 ], [ 80.2064228, 13.1266439 ], [ 80.2063675, 13.1266382 ], [ 80.2063516, 13.1267863 ] ] ] } },
{ "type": "Feature", "properties": { "osm_id": "way/354812270", "levels": null, "height": null, "name": null, "type": "yes" }, "geometry": { "type": "Polygon", "coordinates": [ [ [ 80.2062686, 13.1267827 ], [ 80.2063375, 13.1267919 ], [ 80.2063599, 13.1266329 ], [ 80.206291, 13.1266237 ], [ 80.2062686, 13.1267827 ] ] ] } },
{ "type": "Feature", "properties": { "osm_id": "way/354812294", "levels": null, "height": null, "name": null, "type": "yes" }, "geometry": { "type": "Polygon", "coordinates": [ [ [ 80.2063068, 13.1266092 ], [ 80.2064219, 13.1266256 ], [ 80.2064452, 13.1264712 ], [ 80.2063301, 13.1264547 ], [ 80.2063068, 13.1266092 ] ] ] } },
{ "type": "Feature", "properties": { "osm_id": "way/354846553", "levels": null, "height": null, "name": null, "type": "yes" }, "geometry": { "type": "Polygon", "coordinates": [ [ [ 80.2060776, 13.1243674 ], [ 80.2062201, 13.1243637 ], [ 80.2062112, 13.1240361 ], [ 80.2060687, 13.1240398 ], [ 80.2060776, 13.1243674 ] ] ] } },
{ "type": "Feature", "properties": { "osm_id": "way/354846571", "levels": null, "height": null, "name": null, "type": "yes" }, "geometry": { "type": "Polygon", "coordinates": [ [ [ 80.2057367, 13.1204259 ], [ 80.2058667, 13.1204249 ], [ 80.2058659, 13.1203335 ], [ 80.205736, 13.1203345 ], [ 80.2057367, 13.1204259 ] ] ] } },
{ "type": "Feature", "properties": { "osm_id": "way/354846590", "levels": null, "height": null, "name": null, "type": "yes" }, "geometry": { "type": "Polygon", "coordinates": [ [ [ 80.2055331, 13.1232503 ], [ 80.2056506, 13.123247 ], [ 80.2056463, 13.1231045 ], [ 80.2055289, 13.1231078 ], [ 80.2055331, 13.1232503 ] ] ] } },
{ "type": "Feature", "properties": { "osm_id": "way/354846602", "levels": null, "height": null, "name": null, "type": "yes" }, "geometry": { "type": "Polygon", "coordinates": [ [ [ 80.205636, 13.1230538 ], [ 80.205689, 13.1230524 ], [ 80.205691, 13.1229333 ], [ 80.2056368, 13.1229395 ], [ 80.205636, 13.1230538 ] ] ] } },
{ "type": "Feature", "properties": { "osm_id": "way/354846644", "levels": null, "height": null, "name": null, "type": "yes" }, "geometry": { "type": "Polygon", "coordinates": [ [ [ 80.2056437, 13.1226787 ], [ 80.2057428, 13.1226761 ], [ 80.2057391, 13.1225398 ], [ 80.20564, 13.1225424 ], [ 80.2056437, 13.1226787 ] ] ] } },
{ "type": "Feature", "properties": { "osm_id": "way/354846649", "levels": null, "height": null, "name": null, "type": "yes" }, "geometry": { "type": "Polygon", "coordinates": [ [ [ 80.2054293, 13.1275165 ], [ 80.2054293, 13.127452 ], [ 80.2053117, 13.127452 ], [ 80.2053117, 13.1275165 ], [ 80.2054293, 13.1275165 ] ] ] } },
{ "type": "Feature", "properties": { "osm_id": "way/354846655", "levels": null, "height": null, "name": null, "type": "yes" }, "geometry": { "type": "Polygon", "coordinates": [ [ [ 80.2058441, 13.1239958 ], [ 80.2059854, 13.1239925 ], [ 80.2059812, 13.1238213 ], [ 80.2058399, 13.1238246 ], [ 80.2058441, 13.1239958 ] ] ] } },
{ "type": "Feature", "properties": { "osm_id": "way/354980068", "levels": null, "height": null, "name": null, "type": "yes" }, "geometry": { "type": "Polygon", "coordinates": [ [ [ 80.2049134, 13.1287117 ], [ 80.2049247, 13.1288212 ], [ 80.2050264, 13.1288112 ], [ 80.2050151, 13.1287017 ], [ 80.2049134, 13.1287117 ] ] ] } },
{ "type": "Feature", "properties": { "osm_id": "way/354980070", "levels": null, "height": null, "name": null, "type": "yes" }, "geometry": { "type": "Polygon", "coordinates": [ [ [ 80.2091419, 13.1289445 ], [ 80.2091318, 13.1290341 ], [ 80.2092503, 13.1290468 ], [ 80.2092604, 13.1289572 ], [ 80.2091419, 13.1289445 ] ] ] } },
{ "type": "Feature", "properties": { "osm_id": "way/354980071", "levels": null, "height": null, "name": null, "type": "yes" }, "geometry": { "type": "Polygon", "coordinates": [ [ [ 80.2096482, 13.1285974 ], [ 80.209753, 13.1286112 ], [ 80.2097679, 13.128504 ], [ 80.2096631, 13.1284901 ], [ 80.2096482, 13.1285974 ] ] ] } },
{ "type": "Feature", "properties": { "osm_id": "way/354980074", "levels": null, "height": null, "name": null, "type": "yes" }, "geometry": { "type": "Polygon", "coordinates": [ [ [ 80.2062681, 13.1294492 ], [ 80.2062782, 13.1295193 ], [ 80.2064704, 13.1294929 ], [ 80.2064603, 13.1294228 ], [ 80.2062681, 13.1294492 ] ] ] } },
{ "type": "Feature", "properties": { "osm_id": "way/354980078", "levels": null, "height": null, "name": null, "type": "yes" }, "geometry": { "type": "Polygon", "coordinates": [ [ [ 80.2083304, 13.1294637 ], [ 80.2084095, 13.1294488 ], [ 80.2083899, 13.1293498 ], [ 80.2083108, 13.1293646 ], [ 80.2083304, 13.1294637 ] ] ] } },
{ "type": "Feature", "properties": { "osm_id": "way/354980083", "levels": null, "height": null, "name": null, "type": "yes" }, "geometry": { "type": "Polygon", "coordinates": [ [ [ 80.2101259, 13.1287009 ], [ 80.2101125, 13.1287818 ], [ 80.2102338, 13.1288009 ], [ 80.2102472, 13.12872 ], [ 80.2101259, 13.1287009 ] ] ] } },
{ "type": "Feature", "properties": { "osm_id": "way/354980085", "levels": null, "height": null, "name": null, "type": "yes" }, "geometry": { "type": "Polygon", "coordinates": [ [ [ 80.2076761, 13.1295576 ], [ 80.2076822, 13.1296023 ], [ 80.2077865, 13.1295888 ], [ 80.2077804, 13.1295441 ], [ 80.2076761, 13.1295576 ] ] ] } },
{ "type": "Feature", "properties": { "osm_id": "way/354980088", "levels": null, "height": null, "name": null, "type": "yes" }, "geometry": { "type": "Polygon", "coordinates": [ [ [ 80.2084218, 13.1290956 ], [ 80.2084421, 13.1291882 ], [ 80.2085513, 13.1291654 ], [ 80.208531, 13.1290728 ], [ 80.2084218, 13.1290956 ] ] ] } },
{ "type": "Feature", "properties": { "osm_id": "way/354980091", "levels": null, "height": null, "name": null, "type": "yes" }, "geometry": { "type": "Polygon", "coordinates": [ [ [ 80.2073243, 13.1293689 ], [ 80.2073308, 13.1294178 ], [ 80.2075346, 13.1293921 ], [ 80.2075281, 13.1293432 ], [ 80.2073243, 13.1293689 ] ] ] } },
{ "type": "Feature", "properties": { "osm_id": "way/354980095", "levels": null, "height": null, "name": null, "type": "yes" }, "geometry": { "type": "Polygon", "coordinates": [ [ [ 80.2073701, 13.1292268 ], [ 80.2075166, 13.1292094 ], [ 80.2075101, 13.129158 ], [ 80.2073637, 13.1291753 ], [ 80.2073701, 13.1292268 ] ] ] } },
{ "type": "Feature", "properties": { "osm_id": "way/354980099", "levels": null, "height": null, "name": null, "type": "yes" }, "geometry": { "type": "Polygon", "coordinates": [ [ [ 80.2076797, 13.1295488 ], [ 80.2077739, 13.1295366 ], [ 80.207769, 13.1295005 ], [ 80.2076747, 13.1295127 ], [ 80.2076797, 13.1295488 ] ] ] } },
{ "type": "Feature", "properties": { "osm_id": "way/354980103", "levels": null, "height": null, "name": null, "type": "yes" }, "geometry": { "type": "Polygon", "coordinates": [ [ [ 80.2095214, 13.1293179 ], [ 80.2095185, 13.1293596 ], [ 80.2096799, 13.1293705 ], [ 80.2096829, 13.1293288 ], [ 80.2095214, 13.1293179 ] ] ] } },
{ "type": "Feature", "properties": { "osm_id": "way/354980973", "levels": null, "height": null, "name": null, "type": "yes" }, "geometry": { "type": "Polygon", "coordinates": [ [ [ 80.206174, 13.1232719 ], [ 80.2061745, 13.1233396 ], [ 80.2063061, 13.1233387 ], [ 80.2063056, 13.123271 ], [ 80.206174, 13.1232719 ] ] ] } },
{ "type": "Feature", "properties": { "osm_id": "way/354980980", "levels": null, "height": null, "name": null, "type": "yes" }, "geometry": { "type": "Polygon", "coordinates": [ [ [ 80.2073055, 13.1228046 ], [ 80.2073785, 13.1228067 ], [ 80.207382, 13.1226892 ], [ 80.2073091, 13.1226871 ], [ 80.2073055, 13.1228046 ] ] ] } },
{ "type": "Feature", "properties": { "osm_id": "way/354980983", "levels": null, "height": null, "name": null, "type": "yes" }, "geometry": { "type": "Polygon", "coordinates": [ [ [ 80.2057698, 13.1231852 ], [ 80.2058823, 13.1231857 ], [ 80.205883, 13.123045 ], [ 80.2057705, 13.1230445 ], [ 80.2057698, 13.1231852 ] ] ] } },
{ "type": "Feature", "properties": { "osm_id": "way/354980992", "levels": null, "height": null, "name": null, "type": "yes" }, "geometry": { "type": "Polygon", "coordinates": [ [ [ 80.2063407, 13.1232194 ], [ 80.2063418, 13.123283 ], [ 80.2064859, 13.1232807 ], [ 80.2064849, 13.1232172 ], [ 80.2063407, 13.1232194 ] ] ] } },
{ "type": "Feature", "properties": { "osm_id": "way/354981002", "levels": null, "height": null, "name": null, "type": "yes" }, "geometry": { "type": "Polygon", "coordinates": [ [ [ 80.2063491, 13.1233789 ], [ 80.2065045, 13.123378 ], [ 80.206504, 13.123296 ], [ 80.2063486, 13.1232969 ], [ 80.2063491, 13.1233789 ] ] ] } },
{ "type": "Feature", "properties": { "osm_id": "way/354981006", "levels": null, "height": null, "name": null, "type": "yes" }, "geometry": { "type": "Polygon", "coordinates": [ [ [ 80.2055042, 13.1202201 ], [ 80.2056006, 13.1202223 ], [ 80.2056032, 13.1201131 ], [ 80.2055068, 13.1201109 ], [ 80.2055042, 13.1202201 ] ] ] } },
{ "type": "Feature", "properties": { "osm_id": "way/354981008", "levels": null, "height": null, "name": null, "type": "yes" }, "geometry": { "type": "Polygon", "coordinates": [ [ [ 80.2053774, 13.1180567 ], [ 80.2054434, 13.1180534 ], [ 80.2054364, 13.1179172 ], [ 80.2053704, 13.1179204 ], [ 80.2053774, 13.1180567 ] ] ] } },
{ "type": "Feature", "properties": { "osm_id": "way/354981019", "levels": null, "height": null, "name": null, "type": "yes" }, "geometry": { "type": "Polygon", "coordinates": [ [ [ 80.2070307, 13.1194247 ], [ 80.2071552, 13.1194276 ], [ 80.2071618, 13.1191591 ], [ 80.2070373, 13.1191562 ], [ 80.2070307, 13.1194247 ] ] ] } },
{ "type": "Feature", "properties": { "osm_id": "way/354981023", "levels": null, "height": null, "name": null, "type": "yes" }, "geometry": { "type": "Polygon", "coordinates": [ [ [ 80.2054526, 13.1180554 ], [ 80.2055134, 13.1180527 ], [ 80.2055081, 13.117939 ], [ 80.2054473, 13.1179417 ], [ 80.2054526, 13.1180554 ] ] ] } },
{ "type": "Feature", "properties": { "osm_id": "way/354981028", "levels": null, "height": null, "name": null, "type": "yes" }, "geometry": { "type": "Polygon", "coordinates": [ [ [ 80.2058007, 13.1192826 ], [ 80.2057984, 13.1193307 ], [ 80.2059412, 13.1193371 ], [ 80.2059434, 13.119289 ], [ 80.2058007, 13.1192826 ] ] ] } },
{ "type": "Feature", "properties": { "osm_id": "way/354981033", "levels": null, "height": null, "name": null, "type": "yes" }, "geometry": { "type": "Polygon", "coordinates": [ [ [ 80.205293, 13.1189681 ], [ 80.2054344, 13.1189714 ], [ 80.2054376, 13.1188384 ], [ 80.2052963, 13.1188351 ], [ 80.205293, 13.1189681 ] ] ] } },
{ "type": "Feature", "properties": { "osm_id": "way/354981041", "levels": null, "height": null, "name": null, "type": "yes" }, "geometry": { "type": "Polygon", "coordinates": [ [ [ 80.2058815, 13.1204321 ], [ 80.2059952, 13.120433 ], [ 80.2059965, 13.1202782 ], [ 80.2058828, 13.1202773 ], [ 80.2058815, 13.1204321 ] ] ] } },
{ "type": "Feature", "properties": { "osm_id": "way/354981052", "levels": null, "height": null, "name": null, "type": "yes" }, "geometry": { "type": "Polygon", "coordinates": [ [ [ 80.2058072, 13.1193353 ], [ 80.2058023, 13.1194044 ], [ 80.2059516, 13.1194144 ], [ 80.2059565, 13.1193453 ], [ 80.2058072, 13.1193353 ] ] ] } },
{ "type": "Feature", "properties": { "osm_id": "way/354981054", "levels": null, "height": null, "name": null, "type": "yes" }, "geometry": { "type": "Polygon", "coordinates": [ [ [ 80.2060069, 13.1204231 ], [ 80.2060922, 13.1204289 ], [ 80.2061008, 13.1203094 ], [ 80.2060154, 13.1203036 ], [ 80.2060069, 13.1204231 ] ] ] } },
{ "type": "Feature", "properties": { "osm_id": "way/354981063", "levels": null, "height": null, "name": null, "type": "yes" }, "geometry": { "type": "Polygon", "coordinates": [ [ [ 80.2058436, 13.1192763 ], [ 80.206076, 13.1192926 ], [ 80.2060825, 13.1192045 ], [ 80.2058501, 13.1191881 ], [ 80.2058436, 13.1192763 ] ] ] } },
{ "type": "Feature", "properties": { "osm_id": "way/355005694", "levels": null, "height": null, "name": null, "type": "yes" }, "geometry": { "type": "Polygon", "coordinates": [ [ [ 80.2111301, 13.1294966 ], [ 80.211137, 13.1296151 ], [ 80.2112519, 13.1296088 ], [ 80.211245, 13.1294902 ], [ 80.2111301, 13.1294966 ] ] ] } },
{ "type": "Feature", "properties": { "osm_id": "way/355005871", "levels": null, "height": null, "name": null, "type": "yes" }, "geometry": { "type": "Polygon", "coordinates": [ [ [ 80.2050231, 13.1293176 ], [ 80.2050297, 13.1293649 ], [ 80.2051315, 13.1293514 ], [ 80.2051249, 13.1293041 ], [ 80.2050231, 13.1293176 ] ] ] } },
{ "type": "Feature", "properties": { "osm_id": "way/355005967", "levels": null, "height": null, "name": null, "type": "yes" }, "geometry": { "type": "Polygon", "coordinates": [ [ [ 80.2111456, 13.1292312 ], [ 80.2111489, 13.1292931 ], [ 80.2112741, 13.1292867 ], [ 80.2112708, 13.1292249 ], [ 80.2111456, 13.1292312 ] ] ] } },
{ "type": "Feature", "properties": { "osm_id": "way/355006129", "levels": null, "height": null, "name": null, "type": "yes" }, "geometry": { "type": "Polygon", "coordinates": [ [ [ 80.2055724, 13.1295621 ], [ 80.2055765, 13.1296632 ], [ 80.2057905, 13.129655 ], [ 80.2057864, 13.129554 ], [ 80.2055724, 13.1295621 ] ] ] } },
{ "type": "Feature", "properties": { "osm_id": "way/355006169", "levels": null, "height": null, "name": null, "type": "yes" }, "geometry": { "type": "Polygon", "coordinates": [ [ [ 80.2102191, 13.128993 ], [ 80.2101946, 13.1290796 ], [ 80.210303, 13.1291087 ], [ 80.2103275, 13.1290222 ], [ 80.2102191, 13.128993 ] ] ] } },
{ "type": "Feature", "properties": { "osm_id": "way/355006192", "levels": null, "height": null, "name": null, "type": "yes" }, "geometry": { "type": "Polygon", "coordinates": [ [ [ 80.2111899, 13.1294802 ], [ 80.2113198, 13.1294784 ], [ 80.2113178, 13.1293446 ], [ 80.2111879, 13.1293464 ], [ 80.2111899, 13.1294802 ] ] ] } },
{ "type": "Feature", "properties": { "osm_id": "way/355006265", "levels": null, "height": null, "name": null, "type": "yes" }, "geometry": { "type": "Polygon", "coordinates": [ [ [ 80.2055643, 13.1294533 ], [ 80.205562, 13.1295457 ], [ 80.205673, 13.1295483 ], [ 80.2056753, 13.1294559 ], [ 80.2055643, 13.1294533 ] ] ] } },
{ "type": "Feature", "properties": { "osm_id": "way/355006269", "levels": null, "height": null, "name": null, "type": "yes" }, "geometry": { "type": "Polygon", "coordinates": [ [ [ 80.2056963, 13.1295439 ], [ 80.2057679, 13.1295386 ], [ 80.2057604, 13.1294431 ], [ 80.2056889, 13.1294484 ], [ 80.2056963, 13.1295439 ] ] ] } },
{ "type": "Feature", "properties": { "osm_id": "way/355006315", "levels": null, "height": null, "name": null, "type": "yes" }, "geometry": { "type": "Polygon", "coordinates": [ [ [ 80.21044, 13.1291946 ], [ 80.2105417, 13.1292191 ], [ 80.2105647, 13.1291284 ], [ 80.2104629, 13.1291039 ], [ 80.21044, 13.1291946 ] ] ] } },
{ "type": "Feature", "properties": { "osm_id": "way/355006393", "levels": null, "height": null, "name": null, "type": "yes" }, "geometry": { "type": "Polygon", "coordinates": [ [ [ 80.2056415, 13.1294294 ], [ 80.2057616, 13.1294313 ], [ 80.205763, 13.1293414 ], [ 80.2056859, 13.1293402 ], [ 80.2056855, 13.1293669 ], [ 80.2056425, 13.1293662 ], [ 80.2056415, 13.1294294 ] ] ] } },
{ "type": "Feature", "properties": { "osm_id": "way/355006401", "levels": null, "height": null, "name": null, "type": "yes" }, "geometry": { "type": "Polygon", "coordinates": [ [ [ 80.2072921, 13.1288959 ], [ 80.2073949, 13.1288959 ], [ 80.2073949, 13.1287384 ], [ 80.2072715, 13.1287384 ], [ 80.2072715, 13.128803 ], [ 80.2072921, 13.128803 ], [ 80.2072921, 13.1288959 ] ] ] } },
{ "type": "Feature", "properties": { "osm_id": "way/355061629", "levels": null, "height": null, "name": null, "type": "yes" }, "geometry": { "type": "Polygon", "coordinates": [ [ [ 80.2150546, 13.1296406 ], [ 80.2150539, 13.1297013 ], [ 80.2152371, 13.1297031 ], [ 80.2152377, 13.1296424 ], [ 80.2150546, 13.1296406 ] ] ] } },
{ "type": "Feature", "properties": { "osm_id": "way/355061636", "levels": null, "height": null, "name": null, "type": "yes" }, "geometry": { "type": "Polygon", "coordinates": [ [ [ 80.2162398, 13.1290401 ], [ 80.216338, 13.1290385 ], [ 80.2163352, 13.128872 ], [ 80.216237, 13.1288736 ], [ 80.2162398, 13.1290401 ] ] ] } },
{ "type": "Feature", "properties": { "osm_id": "way/355061651", "levels": null, "height": null, "name": null, "type": "yes" }, "geometry": { "type": "Polygon", "coordinates": [ [ [ 80.2166526, 13.1290607 ], [ 80.2167309, 13.1290613 ], [ 80.2167318, 13.1289585 ], [ 80.2166535, 13.1289578 ], [ 80.2166526, 13.1290607 ] ] ] } },
{ "type": "Feature", "properties": { "osm_id": "way/355061658", "levels": null, "height": null, "name": null, "type": "yes" }, "geometry": { "type": "Polygon", "coordinates": [ [ [ 80.2176292, 13.1300041 ], [ 80.2177656, 13.1300014 ], [ 80.2177644, 13.1299439 ], [ 80.2176279, 13.1299466 ], [ 80.2176292, 13.1300041 ] ] ] } },
{ "type": "Feature", "properties": { "osm_id": "way/355061659", "levels": null, "height": null, "name": null, "type": "yes" }, "geometry": { "type": "Polygon", "coordinates": [ [ [ 80.2156825, 13.1301 ], [ 80.2157488, 13.1300973 ], [ 80.2157416, 13.1299304 ], [ 80.2156753, 13.1299331 ], [ 80.2156825, 13.1301 ] ] ] } },
{ "type": "Feature", "properties": { "osm_id": "way/355061671", "levels": null, "height": null, "name": null, "type": "yes" }, "geometry": { "type": "Polygon", "coordinates": [ [ [ 80.2146685, 13.1284221 ], [ 80.2146682, 13.1284691 ], [ 80.214766, 13.1284698 ], [ 80.2147663, 13.1284227 ], [ 80.2146685, 13.1284221 ] ] ] } },
{ "type": "Feature", "properties": { "osm_id": "way/355061674", "levels": null, "height": null, "name": null, "type": "yes" }, "geometry": { "type": "Polygon", "coordinates": [ [ [ 80.2175183, 13.1294025 ], [ 80.2175207, 13.1294607 ], [ 80.2176396, 13.1294562 ], [ 80.2176373, 13.129398 ], [ 80.2175183, 13.1294025 ] ] ] } },
{ "type": "Feature", "properties": { "osm_id": "way/355061681", "levels": null, "height": null, "name": null, "type": "yes" }, "geometry": { "type": "Polygon", "coordinates": [ [ [ 80.2179538, 13.1288659 ], [ 80.2180146, 13.1288636 ], [ 80.2180081, 13.128698 ], [ 80.2179472, 13.1287003 ], [ 80.2179538, 13.1288659 ] ] ] } },
{ "type": "Feature", "properties": { "osm_id": "way/355061684", "levels": null, "height": null, "name": null, "type": "yes" }, "geometry": { "type": "Polygon", "coordinates": [ [ [ 80.2176525, 13.1295454 ], [ 80.2176557, 13.1296062 ], [ 80.2177872, 13.1295998 ], [ 80.2177841, 13.1295389 ], [ 80.2176525, 13.1295454 ] ] ] } },
{ "type": "Feature", "properties": { "osm_id": "way/355061711", "levels": null, "height": null, "name": null, "type": "yes" }, "geometry": { "type": "Polygon", "coordinates": [ [ [ 80.2165479, 13.1298145 ], [ 80.2165458, 13.1298888 ], [ 80.2166436, 13.1298914 ], [ 80.2166457, 13.1298171 ], [ 80.2165479, 13.1298145 ] ] ] } },
{ "type": "Feature", "properties": { "osm_id": "way/355061720", "levels": null, "height": null, "name": null, "type": "yes" }, "geometry": { "type": "Polygon", "coordinates": [ [ [ 80.2170186, 13.1297423 ], [ 80.2170162, 13.129787 ], [ 80.2171688, 13.1297947 ], [ 80.2171712, 13.12975 ], [ 80.2170186, 13.1297423 ] ] ] } },
{ "type": "Feature", "properties": { "osm_id": "way/355061722", "levels": null, "height": null, "name": null, "type": "yes" }, "geometry": { "type": "Polygon", "coordinates": [ [ [ 80.2168574, 13.12975 ], [ 80.2168536, 13.1298538 ], [ 80.2169835, 13.1298583 ], [ 80.2169873, 13.1297545 ], [ 80.2168574, 13.12975 ] ] ] } },
{ "type": "Feature", "properties": { "osm_id": "way/355061726", "levels": null, "height": null, "name": null, "type": "yes" }, "geometry": { "type": "Polygon", "coordinates": [ [ [ 80.2157624, 13.1293397 ], [ 80.215763, 13.129435 ], [ 80.2159626, 13.1294337 ], [ 80.215962, 13.1293384 ], [ 80.2157624, 13.1293397 ] ] ] } },
{ "type": "Feature", "properties": { "osm_id": "way/355061730", "levels": null, "height": null, "name": null, "type": "yes" }, "geometry": { "type": "Polygon", "coordinates": [ [ [ 80.2157676, 13.1290182 ], [ 80.2158379, 13.1289803 ], [ 80.2157594, 13.128842 ], [ 80.2156891, 13.1288798 ], [ 80.2157676, 13.1290182 ] ] ] } },
{ "type": "Feature", "properties": { "osm_id": "way/355061740", "levels": null, "height": null, "name": null, "type": "yes" }, "geometry": { "type": "Polygon", "coordinates": [ [ [ 80.2164354, 13.1286156 ], [ 80.2164401, 13.1287152 ], [ 80.2165822, 13.1287089 ], [ 80.2165775, 13.1286092 ], [ 80.2164354, 13.1286156 ] ] ] } },
{ "type": "Feature", "properties": { "osm_id": "way/355061743", "levels": null, "height": null, "name": null, "type": "yes" }, "geometry": { "type": "Polygon", "coordinates": [ [ [ 80.2166361, 13.1285398 ], [ 80.2166373, 13.1286126 ], [ 80.2167588, 13.1286108 ], [ 80.2167576, 13.128538 ], [ 80.2166361, 13.1285398 ] ] ] } },
{ "type": "Feature", "properties": { "osm_id": "way/355061746", "levels": null, "height": null, "name": null, "type": "yes" }, "geometry": { "type": "Polygon", "coordinates": [ [ [ 80.214216, 13.1285458 ], [ 80.2143402, 13.1285497 ], [ 80.214343, 13.1284635 ], [ 80.2142188, 13.1284597 ], [ 80.214216, 13.1285458 ] ] ] } },
{ "type": "Feature", "properties": { "osm_id": "way/355061752", "levels": null, "height": null, "name": null, "type": "yes" }, "geometry": { "type": "Polygon", "coordinates": [ [ [ 80.2148422, 13.1295728 ], [ 80.2149299, 13.1296703 ], [ 80.2150343, 13.1295813 ], [ 80.2149467, 13.1294838 ], [ 80.2148422, 13.1295728 ] ] ] } },
{ "type": "Feature", "properties": { "osm_id": "way/355061759", "levels": null, "height": null, "name": null, "type": "yes" }, "geometry": { "type": "Polygon", "coordinates": [ [ [ 80.2170734, 13.1296734 ], [ 80.2171626, 13.1296779 ], [ 80.217166, 13.1296144 ], [ 80.2170768, 13.1296099 ], [ 80.2170734, 13.1296734 ] ] ] } },
{ "type": "Feature", "properties": { "osm_id": "way/355061764", "levels": null, "height": null, "name": null, "type": "yes" }, "geometry": { "type": "Polygon", "coordinates": [ [ [ 80.2163803, 13.1284247 ], [ 80.2165026, 13.1284228 ], [ 80.2165005, 13.1282994 ], [ 80.2163829, 13.1283631 ], [ 80.2163803, 13.1284247 ] ] ] } },
{ "type": "Feature", "properties": { "osm_id": "way/355061772", "levels": null, "height": null, "name": null, "type": "yes" }, "geometry": { "type": "Polygon", "coordinates": [ [ [ 80.2157702, 13.1301051 ], [ 80.2158619, 13.1301012 ], [ 80.2158544, 13.1299355 ], [ 80.2157627, 13.1299395 ], [ 80.2157702, 13.1301051 ] ] ] } },
{ "type": "Feature", "properties": { "osm_id": "way/355061776", "levels": null, "height": null, "name": null, "type": "yes" }, "geometry": { "type": "Polygon", "coordinates": [ [ [ 80.2162885, 13.1293419 ], [ 80.216381, 13.1293414 ], [ 80.2163801, 13.1291639 ], [ 80.2162875, 13.1291644 ], [ 80.2162885, 13.1293419 ] ] ] } },
{ "type": "Feature", "properties": { "osm_id": "way/355061778", "levels": null, "height": null, "name": null, "type": "yes" }, "geometry": { "type": "Polygon", "coordinates": [ [ [ 80.2166774, 13.1298203 ], [ 80.2166749, 13.1298909 ], [ 80.2168077, 13.1298954 ], [ 80.2168103, 13.1298248 ], [ 80.2166774, 13.1298203 ] ] ] } },
{ "type": "Feature", "properties": { "osm_id": "way/355061784", "levels": null, "height": null, "name": null, "type": "yes" }, "geometry": { "type": "Polygon", "coordinates": [ [ [ 80.2160641, 13.129492 ], [ 80.2162761, 13.1294904 ], [ 80.2162747, 13.1293059 ], [ 80.2160627, 13.1293075 ], [ 80.2160641, 13.129492 ] ] ] } },
{ "type": "Feature", "properties": { "osm_id": "way/355061786", "levels": null, "height": null, "name": null, "type": "yes" }, "geometry": { "type": "Polygon", "coordinates": [ [ [ 80.2163609, 13.1298132 ], [ 80.216359, 13.1298925 ], [ 80.216476, 13.1298951 ], [ 80.2164779, 13.1298158 ], [ 80.2163609, 13.1298132 ] ] ] } },
{ "type": "Feature", "properties": { "osm_id": "way/355061790", "levels": null, "height": null, "name": null, "type": "yes" }, "geometry": { "type": "Polygon", "coordinates": [ [ [ 80.2170023, 13.1298 ], [ 80.2169996, 13.1299012 ], [ 80.2171762, 13.1299058 ], [ 80.2171789, 13.1298046 ], [ 80.2170023, 13.1298 ] ] ] } },
{ "type": "Feature", "properties": { "osm_id": "way/355061793", "levels": null, "height": null, "name": null, "type": "yes" }, "geometry": { "type": "Polygon", "coordinates": [ [ [ 80.2152745, 13.1295479 ], [ 80.2152923, 13.1296101 ], [ 80.215383, 13.1295855 ], [ 80.2153652, 13.1295234 ], [ 80.2152745, 13.1295479 ] ] ] } },
{ "type": "Feature", "properties": { "osm_id": "way/355061802", "levels": null, "height": null, "name": null, "type": "yes" }, "geometry": { "type": "Polygon", "coordinates": [ [ [ 80.215529, 13.1290648 ], [ 80.2155664, 13.1291237 ], [ 80.2156571, 13.1290691 ], [ 80.2156197, 13.1290102 ], [ 80.215529, 13.1290648 ] ] ] } },
{ "type": "Feature", "properties": { "osm_id": "way/355061810", "levels": null, "height": null, "name": null, "type": "yes" }, "geometry": { "type": "Polygon", "coordinates": [ [ [ 80.2146187, 13.1286905 ], [ 80.2145907, 13.1287847 ], [ 80.2147327, 13.1288247 ], [ 80.2147607, 13.1287306 ], [ 80.2146187, 13.1286905 ] ] ] } },
{ "type": "Feature", "properties": { "osm_id": "way/355061812", "levels": null, "height": null, "name": null, "type": "yes" }, "geometry": { "type": "Polygon", "coordinates": [ [ [ 80.2179833, 13.1298216 ], [ 80.2179808, 13.1298976 ], [ 80.2180859, 13.1299008 ], [ 80.2180884, 13.1298248 ], [ 80.2179833, 13.1298216 ] ] ] } },
{ "type": "Feature", "properties": { "osm_id": "way/355061821", "levels": null, "height": null, "name": null, "type": "yes" }, "geometry": { "type": "Polygon", "coordinates": [ [ [ 80.2150431, 13.1286039 ], [ 80.215153, 13.1286084 ], [ 80.2151614, 13.1284118 ], [ 80.2150515, 13.1284073 ], [ 80.2150431, 13.1286039 ] ] ] } },
{ "type": "Feature", "properties": { "osm_id": "way/355061834", "levels": null, "height": null, "name": null, "type": "yes" }, "geometry": { "type": "Polygon", "coordinates": [ [ [ 80.2160319, 13.1300569 ], [ 80.2161218, 13.1300525 ], [ 80.2161162, 13.1299451 ], [ 80.2160263, 13.1299495 ], [ 80.2160319, 13.1300569 ] ] ] } },
{ "type": "Feature", "properties": { "osm_id": "way/355061835", "levels": null, "height": null, "name": null, "type": "yes" }, "geometry": { "type": "Polygon", "coordinates": [ [ [ 80.2166856, 13.12946 ], [ 80.216682, 13.1295229 ], [ 80.2167771, 13.129528 ], [ 80.2167807, 13.1294651 ], [ 80.2166856, 13.12946 ] ] ] } },
{ "type": "Feature", "properties": { "osm_id": "way/355061838", "levels": null, "height": null, "name": null, "type": "yes" }, "geometry": { "type": "Polygon", "coordinates": [ [ [ 80.2166721, 13.1297373 ], [ 80.2166725, 13.1298061 ], [ 80.2168053, 13.1298055 ], [ 80.216805, 13.1297367 ], [ 80.2166721, 13.1297373 ] ] ] } },
{ "type": "Feature", "properties": { "osm_id": "way/355061839", "levels": null, "height": null, "name": null, "type": "yes" }, "geometry": { "type": "Polygon", "coordinates": [ [ [ 80.2172206, 13.1299545 ], [ 80.2172175, 13.1300237 ], [ 80.2173081, 13.1300276 ], [ 80.2173112, 13.1299583 ], [ 80.2172206, 13.1299545 ] ] ] } },
{ "type": "Feature", "properties": { "osm_id": "way/355061859", "levels": null, "height": null, "name": null, "type": "yes" }, "geometry": { "type": "Polygon", "coordinates": [ [ [ 80.2170023, 13.1299156 ], [ 80.2169973, 13.1300236 ], [ 80.2171637, 13.1300309 ], [ 80.2171687, 13.1299229 ], [ 80.2170023, 13.1299156 ] ] ] } },
{ "type": "Feature", "properties": { "osm_id": "way/355061860", "levels": null, "height": null, "name": null, "type": "yes" }, "geometry": { "type": "Polygon", "coordinates": [ [ [ 80.2168715, 13.1298829 ], [ 80.2168666, 13.1299995 ], [ 80.2169815, 13.130004 ], [ 80.2169864, 13.1298874 ], [ 80.2168715, 13.1298829 ] ] ] } },
{ "type": "Feature", "properties": { "osm_id": "way/355061867", "levels": null, "height": null, "name": null, "type": "yes" }, "geometry": { "type": "Polygon", "coordinates": [ [ [ 80.2177337, 13.1292615 ], [ 80.2178018, 13.129262 ], [ 80.2178027, 13.1291355 ], [ 80.2177346, 13.129135 ], [ 80.2177337, 13.1292615 ] ] ] } },
{ "type": "Feature", "properties": { "osm_id": "way/355061873", "levels": null, "height": null, "name": null, "type": "yes" }, "geometry": { "type": "Polygon", "coordinates": [ [ [ 80.2165599, 13.1297255 ], [ 80.216669, 13.1297251 ], [ 80.2166683, 13.1295732 ], [ 80.2165593, 13.1295736 ], [ 80.2165599, 13.1297255 ] ] ] } },
{ "type": "Feature", "properties": { "osm_id": "way/355061876", "levels": null, "height": null, "name": null, "type": "yes" }, "geometry": { "type": "Polygon", "coordinates": [ [ [ 80.2156789, 13.1298815 ], [ 80.2157456, 13.1298795 ], [ 80.215739, 13.1296697 ], [ 80.2156723, 13.1296717 ], [ 80.2156789, 13.1298815 ] ] ] } },
{ "type": "Feature", "properties": { "osm_id": "way/355061878", "levels": null, "height": null, "name": null, "type": "yes" }, "geometry": { "type": "Polygon", "coordinates": [ [ [ 80.2168584, 13.1296389 ], [ 80.2168554, 13.1297337 ], [ 80.2170068, 13.1297382 ], [ 80.2170098, 13.1296435 ], [ 80.2168584, 13.1296389 ] ] ] } },
{ "type": "Feature", "properties": { "osm_id": "way/355061882", "levels": null, "height": null, "name": null, "type": "yes" }, "geometry": { "type": "Polygon", "coordinates": [ [ [ 80.2161288, 13.1289899 ], [ 80.2161791, 13.1289805 ], [ 80.2161511, 13.1288385 ], [ 80.2161008, 13.1288479 ], [ 80.2161288, 13.1289899 ] ] ] } },
{ "type": "Feature", "properties": { "osm_id": "way/355061885", "levels": null, "height": null, "name": null, "type": "yes" }, "geometry": { "type": "Polygon", "coordinates": [ [ [ 80.2118494, 13.1296759 ], [ 80.2119184, 13.1296584 ], [ 80.2118983, 13.1295833 ], [ 80.2118293, 13.1296008 ], [ 80.2118494, 13.1296759 ] ] ] } },
{ "type": "Feature", "properties": { "osm_id": "way/355061894", "levels": null, "height": null, "name": null, "type": "yes" }, "geometry": { "type": "Polygon", "coordinates": [ [ [ 80.2152949, 13.1297657 ], [ 80.2152954, 13.1298191 ], [ 80.215499, 13.1298172 ], [ 80.2154984, 13.1297638 ], [ 80.2152949, 13.1297657 ] ] ] } },
{ "type": "Feature", "properties": { "osm_id": "way/355061904", "levels": null, "height": null, "name": null, "type": "yes" }, "geometry": { "type": "Polygon", "coordinates": [ [ [ 80.2149476, 13.1302316 ], [ 80.2150277, 13.1302242 ], [ 80.2150044, 13.1299848 ], [ 80.2149242, 13.1299922 ], [ 80.2149476, 13.1302316 ] ] ] } },
{ "type": "Feature", "properties": { "osm_id": "way/355061918", "levels": null, "height": null, "name": null, "type": "yes" }, "geometry": { "type": "Polygon", "coordinates": [ [ [ 80.2117546, 13.1295274 ], [ 80.2117687, 13.1295926 ], [ 80.2118718, 13.1295714 ], [ 80.2118576, 13.1295062 ], [ 80.2117546, 13.1295274 ] ] ] } },
{ "type": "Feature", "properties": { "osm_id": "way/355061920", "levels": null, "height": null, "name": null, "type": "yes" }, "geometry": { "type": "Polygon", "coordinates": [ [ [ 80.2176481, 13.1298032 ], [ 80.2177763, 13.1298062 ], [ 80.2177793, 13.1296816 ], [ 80.2176511, 13.1296786 ], [ 80.2176481, 13.1298032 ] ] ] } },
{ "type": "Feature", "properties": { "osm_id": "way/355061928", "levels": null, "height": null, "name": null, "type": "yes" }, "geometry": { "type": "Polygon", "coordinates": [ [ [ 80.2144174, 13.1283674 ], [ 80.2144068, 13.1284267 ], [ 80.2145172, 13.1284453 ], [ 80.2145278, 13.1283861 ], [ 80.2144174, 13.1283674 ] ] ] } },
{ "type": "Feature", "properties": { "osm_id": "way/355061934", "levels": null, "height": null, "name": null, "type": "yes" }, "geometry": { "type": "Polygon", "coordinates": [ [ [ 80.217521, 13.129483 ], [ 80.2175242, 13.1295463 ], [ 80.2176312, 13.1295411 ], [ 80.217628, 13.1294778 ], [ 80.217521, 13.129483 ] ] ] } },
{ "type": "Feature", "properties": { "osm_id": "way/355061947", "levels": null, "height": null, "name": null, "type": "yes" }, "geometry": { "type": "Polygon", "coordinates": [ [ [ 80.2143509, 13.1295387 ], [ 80.2143111, 13.1295877 ], [ 80.2144521, 13.1296961 ], [ 80.2144918, 13.1296471 ], [ 80.2143509, 13.1295387 ] ] ] } },
{ "type": "Feature", "properties": { "osm_id": "way/355061950", "levels": null, "height": null, "name": null, "type": "yes" }, "geometry": { "type": "Polygon", "coordinates": [ [ [ 80.2142305, 13.1286095 ], [ 80.214213, 13.1286753 ], [ 80.2143147, 13.1287011 ], [ 80.2143323, 13.1286353 ], [ 80.2142305, 13.1286095 ] ] ] } },
{ "type": "Feature", "properties": { "osm_id": "way/355061961", "levels": null, "height": null, "name": null, "type": "yes" }, "geometry": { "type": "Polygon", "coordinates": [ [ [ 80.2173422, 13.1295676 ], [ 80.2173422, 13.1296326 ], [ 80.217442, 13.1296326 ], [ 80.217442, 13.1295676 ], [ 80.2173422, 13.1295676 ] ] ] } },
{ "type": "Feature", "properties": { "osm_id": "way/355061994", "levels": null, "height": null, "name": null, "type": "yes" }, "geometry": { "type": "Polygon", "coordinates": [ [ [ 80.2170322, 13.1294655 ], [ 80.2170283, 13.1295825 ], [ 80.2172003, 13.1295879 ], [ 80.2172042, 13.129471 ], [ 80.2170322, 13.1294655 ] ] ] } },
{ "type": "Feature", "properties": { "osm_id": "way/355061999", "levels": null, "height": null, "name": null, "type": "yes" }, "geometry": { "type": "Polygon", "coordinates": [ [ [ 80.217117, 13.1289027 ], [ 80.2171192, 13.1289855 ], [ 80.2172248, 13.1289827 ], [ 80.2172226, 13.1289 ], [ 80.217117, 13.1289027 ] ] ] } },
{ "type": "Feature", "properties": { "osm_id": "way/355062000", "levels": null, "height": null, "name": null, "type": "yes" }, "geometry": { "type": "Polygon", "coordinates": [ [ [ 80.2175289, 13.1297378 ], [ 80.217632, 13.1297346 ], [ 80.2176286, 13.12963 ], [ 80.2175255, 13.1296332 ], [ 80.2175289, 13.1297378 ] ] ] } },
{ "type": "Feature", "properties": { "osm_id": "way/355062002", "levels": null, "height": null, "name": null, "type": "yes" }, "geometry": { "type": "Polygon", "coordinates": [ [ [ 80.2150289, 13.130136 ], [ 80.2151042, 13.1301295 ], [ 80.2150912, 13.1299857 ], [ 80.2150158, 13.1299922 ], [ 80.2150289, 13.130136 ] ] ] } },
{ "type": "Feature", "properties": { "osm_id": "way/355062003", "levels": null, "height": null, "name": null, "type": "yes" }, "geometry": { "type": "Polygon", "coordinates": [ [ [ 80.2145425, 13.1300936 ], [ 80.2146621, 13.130099 ], [ 80.2146667, 13.1300042 ], [ 80.2145471, 13.1299988 ], [ 80.2145425, 13.1300936 ] ] ] } },
{ "type": "Feature", "properties": { "osm_id": "way/355062011", "levels": null, "height": null, "name": null, "type": "yes" }, "geometry": { "type": "Polygon", "coordinates": [ [ [ 80.2170509, 13.1296883 ], [ 80.2170502, 13.129734 ], [ 80.2171817, 13.129736 ], [ 80.2171824, 13.1296902 ], [ 80.2170509, 13.1296883 ] ] ] } },
{ "type": "Feature", "properties": { "osm_id": "way/355062013", "levels": null, "height": null, "name": null, "type": "yes" }, "geometry": { "type": "Polygon", "coordinates": [ [ [ 80.2168745, 13.1292853 ], [ 80.2168734, 13.1293282 ], [ 80.2170192, 13.1293318 ], [ 80.2170203, 13.129289 ], [ 80.2168745, 13.1292853 ] ] ] } },
{ "type": "Feature", "properties": { "osm_id": "way/355062027", "levels": null, "height": null, "name": null, "type": "yes" }, "geometry": { "type": "Polygon", "coordinates": [ [ [ 80.2165767, 13.1292952 ], [ 80.2165737, 13.1293582 ], [ 80.2166756, 13.1293628 ], [ 80.2166786, 13.1292997 ], [ 80.2165767, 13.1292952 ] ] ] } },
{ "type": "Feature", "properties": { "osm_id": "way/355062044", "levels": null, "height": null, "name": null, "type": "yes" }, "geometry": { "type": "Polygon", "coordinates": [ [ [ 80.2147634, 13.1296605 ], [ 80.2147473, 13.1297228 ], [ 80.215057, 13.1297986 ], [ 80.2150731, 13.1297364 ], [ 80.2147634, 13.1296605 ] ] ] } },
{ "type": "Feature", "properties": { "osm_id": "way/355062050", "levels": null, "height": null, "name": null, "type": "yes" }, "geometry": { "type": "Polygon", "coordinates": [ [ [ 80.2164426, 13.1284362 ], [ 80.2164414, 13.1285175 ], [ 80.2165722, 13.1285193 ], [ 80.2165734, 13.128438 ], [ 80.2164426, 13.1284362 ] ] ] } },
{ "type": "Feature", "properties": { "osm_id": "way/355062053", "levels": null, "height": null, "name": null, "type": "yes" }, "geometry": { "type": "Polygon", "coordinates": [ [ [ 80.2158378, 13.1289493 ], [ 80.215942, 13.1288956 ], [ 80.2158747, 13.1287718 ], [ 80.2157706, 13.1288255 ], [ 80.2158378, 13.1289493 ] ] ] } },
{ "type": "Feature", "properties": { "osm_id": "way/355062056", "levels": null, "height": null, "name": null, "type": "yes" }, "geometry": { "type": "Polygon", "coordinates": [ [ [ 80.216825, 13.1286289 ], [ 80.2168275, 13.128719 ], [ 80.2170032, 13.1287145 ], [ 80.2170007, 13.1286243 ], [ 80.216825, 13.1286289 ] ] ] } },
{ "type": "Feature", "properties": { "osm_id": "way/355062059", "levels": null, "height": null, "name": null, "type": "yes" }, "geometry": { "type": "Polygon", "coordinates": [ [ [ 80.216372, 13.1290522 ], [ 80.2164569, 13.1290509 ], [ 80.2164551, 13.1289435 ], [ 80.2163703, 13.1289449 ], [ 80.216372, 13.1290522 ] ] ] } },
{ "type": "Feature", "properties": { "osm_id": "way/355062078", "levels": null, "height": null, "name": null, "type": "yes" }, "geometry": { "type": "Polygon", "coordinates": [ [ [ 80.2168163, 13.1290506 ], [ 80.216906, 13.1290497 ], [ 80.2169051, 13.1289631 ], [ 80.2168153, 13.128964 ], [ 80.2168163, 13.1290506 ] ] ] } },
{ "type": "Feature", "properties": { "osm_id": "way/355062087", "levels": null, "height": null, "name": null, "type": "yes" }, "geometry": { "type": "Polygon", "coordinates": [ [ [ 80.2160559, 13.1290054 ], [ 80.2161204, 13.1289936 ], [ 80.2160924, 13.128848 ], [ 80.2160279, 13.1288597 ], [ 80.2160559, 13.1290054 ] ] ] } },
{ "type": "Feature", "properties": { "osm_id": "way/355062104", "levels": null, "height": null, "name": null, "type": "yes" }, "geometry": { "type": "Polygon", "coordinates": [ [ [ 80.2161987, 13.1296781 ], [ 80.2162424, 13.1296793 ], [ 80.216242, 13.1296924 ], [ 80.2162866, 13.1296937 ], [ 80.2162907, 13.1295505 ], [ 80.2162025, 13.129548 ], [ 80.2161987, 13.1296781 ] ] ] } },
{ "type": "Feature", "properties": { "osm_id": "way/355062111", "levels": null, "height": null, "name": null, "type": "yes" }, "geometry": { "type": "Polygon", "coordinates": [ [ [ 80.217534, 13.1288584 ], [ 80.2175347, 13.1289504 ], [ 80.217624, 13.1289497 ], [ 80.2176233, 13.1288578 ], [ 80.217534, 13.1288584 ] ] ] } },
{ "type": "Feature", "properties": { "osm_id": "way/355062116", "levels": null, "height": null, "name": null, "type": "yes" }, "geometry": { "type": "Polygon", "coordinates": [ [ [ 80.2147601, 13.1300582 ], [ 80.2148552, 13.1300617 ], [ 80.2148578, 13.1299946 ], [ 80.2147627, 13.1299911 ], [ 80.2147601, 13.1300582 ] ] ] } },
{ "type": "Feature", "properties": { "osm_id": "way/355062117", "levels": null, "height": null, "name": null, "type": "yes" }, "geometry": { "type": "Polygon", "coordinates": [ [ [ 80.214867, 13.1285002 ], [ 80.214864, 13.1285526 ], [ 80.2150374, 13.128562 ], [ 80.2150404, 13.1285096 ], [ 80.214867, 13.1285002 ] ] ] } },
{ "type": "Feature", "properties": { "osm_id": "way/355062123", "levels": null, "height": null, "name": null, "type": "yes" }, "geometry": { "type": "Polygon", "coordinates": [ [ [ 80.2152493, 13.129476 ], [ 80.2152863, 13.1295361 ], [ 80.2153985, 13.1294988 ], [ 80.2153895, 13.1293941 ], [ 80.2152493, 13.129476 ] ] ] } },
{ "type": "Feature", "properties": { "osm_id": "way/355062125", "levels": null, "height": null, "name": null, "type": "yes" }, "geometry": { "type": "Polygon", "coordinates": [ [ [ 80.2145849, 13.129334 ], [ 80.2146858, 13.1293476 ], [ 80.2147096, 13.1291803 ], [ 80.2146087, 13.1291667 ], [ 80.2145849, 13.129334 ] ] ] } },
{ "type": "Feature", "properties": { "osm_id": "way/355062135", "levels": null, "height": null, "name": null, "type": "yes" }, "geometry": { "type": "Polygon", "coordinates": [ [ [ 80.2114995, 13.1293826 ], [ 80.2115007, 13.1294384 ], [ 80.2115952, 13.1294365 ], [ 80.211594, 13.1293807 ], [ 80.2114995, 13.1293826 ] ] ] } },
{ "type": "Feature", "properties": { "osm_id": "way/355062161", "levels": null, "height": null, "name": null, "type": "yes" }, "geometry": { "type": "Polygon", "coordinates": [ [ [ 80.2142877, 13.1295793 ], [ 80.2142253, 13.1296511 ], [ 80.2143521, 13.1297556 ], [ 80.2144145, 13.1296838 ], [ 80.2142877, 13.1295793 ] ] ] } },
{ "type": "Feature", "properties": { "osm_id": "way/355062174", "levels": null, "height": null, "name": null, "type": "yes" }, "geometry": { "type": "Polygon", "coordinates": [ [ [ 80.2165525, 13.1297399 ], [ 80.21655, 13.1298032 ], [ 80.2166531, 13.1298071 ], [ 80.2166556, 13.1297437 ], [ 80.2165525, 13.1297399 ] ] ] } },
{ "type": "Feature", "properties": { "osm_id": "way/355062225", "levels": null, "height": null, "name": null, "type": "yes" }, "geometry": { "type": "Polygon", "coordinates": [ [ [ 80.2166614, 13.1288445 ], [ 80.2166607, 13.1288971 ], [ 80.2168046, 13.1288989 ], [ 80.2168053, 13.1288463 ], [ 80.2166614, 13.1288445 ] ] ] } },
{ "type": "Feature", "properties": { "osm_id": "way/355062235", "levels": null, "height": null, "name": null, "type": "yes" }, "geometry": { "type": "Polygon", "coordinates": [ [ [ 80.2165322, 13.1299871 ], [ 80.2165311, 13.1300502 ], [ 80.2166348, 13.130052 ], [ 80.216636, 13.1299889 ], [ 80.2165322, 13.1299871 ] ] ] } },
{ "type": "Feature", "properties": { "osm_id": "way/355062241", "levels": null, "height": null, "name": null, "type": "yes" }, "geometry": { "type": "Polygon", "coordinates": [ [ [ 80.2174327, 13.1289626 ], [ 80.2175253, 13.1289599 ], [ 80.2175218, 13.1288498 ], [ 80.2174293, 13.1288525 ], [ 80.2174327, 13.1289626 ] ] ] } },
{ "type": "Feature", "properties": { "osm_id": "way/355062242", "levels": null, "height": null, "name": null, "type": "yes" }, "geometry": { "type": "Polygon", "coordinates": [ [ [ 80.2175256, 13.1295647 ], [ 80.2175305, 13.1296288 ], [ 80.2176375, 13.1296211 ], [ 80.2176327, 13.129557 ], [ 80.2175256, 13.1295647 ] ] ] } },
{ "type": "Feature", "properties": { "osm_id": "way/355062244", "levels": null, "height": null, "name": null, "type": "yes" }, "geometry": { "type": "Polygon", "coordinates": [ [ [ 80.2060767, 13.1297178 ], [ 80.2060845, 13.1297756 ], [ 80.206235, 13.1297565 ], [ 80.2062272, 13.1296987 ], [ 80.2060767, 13.1297178 ] ] ] } },
{ "type": "Feature", "properties": { "osm_id": "way/355062254", "levels": null, "height": null, "name": null, "type": "yes" }, "geometry": { "type": "Polygon", "coordinates": [ [ [ 80.2168783, 13.1293427 ], [ 80.2168759, 13.1294311 ], [ 80.2170189, 13.1294347 ], [ 80.2170213, 13.1293463 ], [ 80.2168783, 13.1293427 ] ] ] } },
{ "type": "Feature", "properties": { "osm_id": "way/355062256", "levels": null, "height": null, "name": null, "type": "yes" }, "geometry": { "type": "Polygon", "coordinates": [ [ [ 80.2164476, 13.1285282 ], [ 80.2164464, 13.1285983 ], [ 80.2165642, 13.1286001 ], [ 80.2165653, 13.1285301 ], [ 80.2164476, 13.1285282 ] ] ] } },
{ "type": "Feature", "properties": { "osm_id": "way/355062258", "levels": null, "height": null, "name": null, "type": "yes" }, "geometry": { "type": "Polygon", "coordinates": [ [ [ 80.2166389, 13.1284197 ], [ 80.2166401, 13.1285153 ], [ 80.2167934, 13.1285135 ], [ 80.2167922, 13.1284179 ], [ 80.2166389, 13.1284197 ] ] ] } },
{ "type": "Feature", "properties": { "osm_id": "way/355062261", "levels": null, "height": null, "name": null, "type": "yes" }, "geometry": { "type": "Polygon", "coordinates": [ [ [ 80.2166463, 13.1286773 ], [ 80.2166476, 13.1287347 ], [ 80.2168168, 13.1287311 ], [ 80.2168155, 13.1286737 ], [ 80.2166463, 13.1286773 ] ] ] } },
{ "type": "Feature", "properties": { "osm_id": "way/355062262", "levels": null, "height": null, "name": null, "type": "yes" }, "geometry": { "type": "Polygon", "coordinates": [ [ [ 80.2176532, 13.1293916 ], [ 80.2176548, 13.1294559 ], [ 80.2177903, 13.1294527 ], [ 80.2177887, 13.1293884 ], [ 80.2176532, 13.1293916 ] ] ] } },
{ "type": "Feature", "properties": { "osm_id": "way/355062264", "levels": null, "height": null, "name": null, "type": "yes" }, "geometry": { "type": "Polygon", "coordinates": [ [ [ 80.2173524, 13.1291295 ], [ 80.2173579, 13.1292381 ], [ 80.217471, 13.1292327 ], [ 80.2174655, 13.1291241 ], [ 80.2173524, 13.1291295 ] ] ] } },
{ "type": "Feature", "properties": { "osm_id": "way/355062267", "levels": null, "height": null, "name": null, "type": "yes" }, "geometry": { "type": "Polygon", "coordinates": [ [ [ 80.2166775, 13.1295588 ], [ 80.2166769, 13.1296612 ], [ 80.2167873, 13.1296618 ], [ 80.2167879, 13.1295595 ], [ 80.2166775, 13.1295588 ] ] ] } },
{ "type": "Feature", "properties": { "osm_id": "way/355062273", "levels": null, "height": null, "name": null, "type": "yes" }, "geometry": { "type": "Polygon", "coordinates": [ [ [ 80.2163486, 13.1284852 ], [ 80.2163942, 13.1284565 ], [ 80.216346, 13.1283838 ], [ 80.2163004, 13.1284125 ], [ 80.2163486, 13.1284852 ] ] ] } },
{ "type": "Feature", "properties": { "osm_id": "way/355062277", "levels": null, "height": null, "name": null, "type": "yes" }, "geometry": { "type": "Polygon", "coordinates": [ [ [ 80.2162938, 13.1298331 ], [ 80.2163273, 13.1298316 ], [ 80.2163256, 13.1297975 ], [ 80.2164468, 13.129792 ], [ 80.2164435, 13.1297235 ], [ 80.216373, 13.1297268 ], [ 80.2163724, 13.1297158 ], [ 80.2162883, 13.1297197 ], [ 80.2162938, 13.1298331 ] ] ] } },
{ "type": "Feature", "properties": { "osm_id": "way/363737237", "levels": null, "height": null, "name": null, "type": "yes" }, "geometry": { "type": "Polygon", "coordinates": [ [ [ 80.2092891, 13.129324 ], [ 80.2092864, 13.1293839 ], [ 80.2093779, 13.1293878 ], [ 80.2093806, 13.1293279 ], [ 80.2092891, 13.129324 ] ] ] } },
{ "type": "Feature", "properties": { "osm_id": "way/363737244", "levels": null, "height": null, "name": null, "type": "yes" }, "geometry": { "type": "Polygon", "coordinates": [ [ [ 80.2080693, 13.1285043 ], [ 80.2080557, 13.1285835 ], [ 80.2081939, 13.1286059 ], [ 80.2082075, 13.1285267 ], [ 80.2080693, 13.1285043 ] ] ] } },
{ "type": "Feature", "properties": { "osm_id": "way/363737246", "levels": null, "height": null, "name": null, "type": "yes" }, "geometry": { "type": "Polygon", "coordinates": [ [ [ 80.2104818, 13.12952 ], [ 80.2104952, 13.1294472 ], [ 80.2104322, 13.1294362 ], [ 80.2104188, 13.129509 ], [ 80.2104818, 13.12952 ] ] ] } },
{ "type": "Feature", "properties": { "osm_id": "way/363737249", "levels": null, "height": null, "name": null, "type": "yes" }, "geometry": { "type": "Polygon", "coordinates": [ [ [ 80.2173593, 13.129467 ], [ 80.2173574, 13.1295531 ], [ 80.2174456, 13.129555 ], [ 80.2174475, 13.1294689 ], [ 80.2173593, 13.129467 ] ] ] } },
{ "type": "Feature", "properties": { "osm_id": "way/363737251", "levels": null, "height": null, "name": null, "type": "yes" }, "geometry": { "type": "Polygon", "coordinates": [ [ [ 80.2085423, 13.1300972 ], [ 80.2086793, 13.1300748 ], [ 80.2086612, 13.1299695 ], [ 80.2085241, 13.1299919 ], [ 80.2085423, 13.1300972 ] ] ] } },
{ "type": "Feature", "properties": { "osm_id": "way/363737253", "levels": null, "height": null, "name": null, "type": "yes" }, "geometry": { "type": "Polygon", "coordinates": [ [ [ 80.2178545, 13.1292599 ], [ 80.2178554, 13.1293296 ], [ 80.2180077, 13.1293277 ], [ 80.2180068, 13.129258 ], [ 80.2178545, 13.1292599 ] ] ] } },
{ "type": "Feature", "properties": { "osm_id": "way/363737255", "levels": null, "height": null, "name": null, "type": "yes" }, "geometry": { "type": "Polygon", "coordinates": [ [ [ 80.2067951, 13.1289889 ], [ 80.2067986, 13.1290625 ], [ 80.206881, 13.1290588 ], [ 80.2068775, 13.1289851 ], [ 80.2067951, 13.1289889 ] ] ] } },
{ "type": "Feature", "properties": { "osm_id": "way/363737259", "levels": null, "height": null, "name": null, "type": "yes" }, "geometry": { "type": "Polygon", "coordinates": [ [ [ 80.2099989, 13.1288472 ], [ 80.2100094, 13.1287707 ], [ 80.2099519, 13.1287632 ], [ 80.2099414, 13.1288397 ], [ 80.2099989, 13.1288472 ] ] ] } },
{ "type": "Feature", "properties": { "osm_id": "way/363737260", "levels": null, "height": null, "name": null, "type": "yes" }, "geometry": { "type": "Polygon", "coordinates": [ [ [ 80.2091029, 13.129352 ], [ 80.2091796, 13.1293492 ], [ 80.2091755, 13.1292439 ], [ 80.2090989, 13.1292467 ], [ 80.2091029, 13.129352 ] ] ] } },
{ "type": "Feature", "properties": { "osm_id": "way/363737264", "levels": null, "height": null, "name": null, "type": "yes" }, "geometry": { "type": "Polygon", "coordinates": [ [ [ 80.2136532, 13.1295993 ], [ 80.2136402, 13.1296691 ], [ 80.2137572, 13.1296896 ], [ 80.2137701, 13.1296199 ], [ 80.2136532, 13.1295993 ] ] ] } },
{ "type": "Feature", "properties": { "osm_id": "way/363737266", "levels": null, "height": null, "name": null, "type": "yes" }, "geometry": { "type": "Polygon", "coordinates": [ [ [ 80.2100332, 13.1300379 ], [ 80.2100284, 13.1299614 ], [ 80.2099762, 13.1299645 ], [ 80.209981, 13.130041 ], [ 80.2100332, 13.1300379 ] ] ] } },
{ "type": "Feature", "properties": { "osm_id": "way/363737269", "levels": null, "height": null, "name": null, "type": "yes" }, "geometry": { "type": "Polygon", "coordinates": [ [ [ 80.2168726, 13.1292358 ], [ 80.2168726, 13.1292796 ], [ 80.2170269, 13.1292796 ], [ 80.2170269, 13.1292358 ], [ 80.2168726, 13.1292358 ] ] ] } },
{ "type": "Feature", "properties": { "osm_id": "way/363737278", "levels": null, "height": null, "name": null, "type": "yes" }, "geometry": { "type": "Polygon", "coordinates": [ [ [ 80.2086637, 13.1294163 ], [ 80.2087627, 13.1294018 ], [ 80.2087419, 13.1292673 ], [ 80.2086429, 13.1292819 ], [ 80.2086637, 13.1294163 ] ] ] } },
{ "type": "Feature", "properties": { "osm_id": "way/363737285", "levels": null, "height": null, "name": null, "type": "yes" }, "geometry": { "type": "Polygon", "coordinates": [ [ [ 80.2090433, 13.1298164 ], [ 80.2090366, 13.1297109 ], [ 80.2089539, 13.1297159 ], [ 80.2089607, 13.1298215 ], [ 80.2090433, 13.1298164 ] ] ] } },
{ "type": "Feature", "properties": { "osm_id": "way/363737295", "levels": null, "height": null, "name": null, "type": "yes" }, "geometry": { "type": "Polygon", "coordinates": [ [ [ 80.2083837, 13.129081 ], [ 80.2084853, 13.1290691 ], [ 80.2084786, 13.1290143 ], [ 80.2083769, 13.1290262 ], [ 80.2083837, 13.129081 ] ] ] } },
{ "type": "Feature", "properties": { "osm_id": "way/363737303", "levels": null, "height": null, "name": null, "type": "yes" }, "geometry": { "type": "Polygon", "coordinates": [ [ [ 80.2090013, 13.1293471 ], [ 80.2090003, 13.1292463 ], [ 80.2089303, 13.1292469 ], [ 80.2089312, 13.1293477 ], [ 80.2090013, 13.1293471 ] ] ] } },
{ "type": "Feature", "properties": { "osm_id": "way/363737305", "levels": null, "height": null, "name": null, "type": "yes" }, "geometry": { "type": "Polygon", "coordinates": [ [ [ 80.2080169, 13.1292578 ], [ 80.2080257, 13.1293186 ], [ 80.2081416, 13.1293027 ], [ 80.2081329, 13.1292419 ], [ 80.2080169, 13.1292578 ] ] ] } },
{ "type": "Feature", "properties": { "osm_id": "way/363737312", "levels": null, "height": null, "name": null, "type": "yes" }, "geometry": { "type": "Polygon", "coordinates": [ [ [ 80.2114764, 13.1292168 ], [ 80.211472, 13.1292683 ], [ 80.2115696, 13.1292762 ], [ 80.211574, 13.1292247 ], [ 80.2114764, 13.1292168 ] ] ] } },
{ "type": "Feature", "properties": { "osm_id": "way/363737316", "levels": null, "height": null, "name": null, "type": "yes" }, "geometry": { "type": "Polygon", "coordinates": [ [ [ 80.2139034, 13.1293922 ], [ 80.2138796, 13.129454 ], [ 80.2139668, 13.129486 ], [ 80.2139907, 13.1294241 ], [ 80.2139034, 13.1293922 ] ] ] } },
{ "type": "Feature", "properties": { "osm_id": "way/363737319", "levels": null, "height": null, "name": null, "type": "yes" }, "geometry": { "type": "Polygon", "coordinates": [ [ [ 80.2088968, 13.1295859 ], [ 80.2088853, 13.1294988 ], [ 80.2088301, 13.1295058 ], [ 80.2088416, 13.1295929 ], [ 80.2088968, 13.1295859 ] ] ] } },
{ "type": "Feature", "properties": { "osm_id": "way/363737324", "levels": null, "height": null, "name": null, "type": "yes" }, "geometry": { "type": "Polygon", "coordinates": [ [ [ 80.2068543, 13.1294733 ], [ 80.2070481, 13.1294377 ], [ 80.2070313, 13.1293512 ], [ 80.2068375, 13.1293868 ], [ 80.2068543, 13.1294733 ] ] ] } },
{ "type": "Feature", "properties": { "osm_id": "way/363737326", "levels": null, "height": null, "name": null, "type": "yes" }, "geometry": { "type": "Polygon", "coordinates": [ [ [ 80.2103927, 13.1290376 ], [ 80.2103832, 13.1290828 ], [ 80.2104627, 13.1290986 ], [ 80.2104722, 13.1290534 ], [ 80.2103927, 13.1290376 ] ] ] } },
{ "type": "Feature", "properties": { "osm_id": "way/363737329", "levels": null, "height": null, "name": null, "type": "yes" }, "geometry": { "type": "Polygon", "coordinates": [ [ [ 80.2160741, 13.1290133 ], [ 80.2160714, 13.1290821 ], [ 80.2162219, 13.1290877 ], [ 80.2162246, 13.1290189 ], [ 80.2160741, 13.1290133 ] ] ] } },
{ "type": "Feature", "properties": { "osm_id": "way/363737342", "levels": null, "height": null, "name": null, "type": "yes" }, "geometry": { "type": "Polygon", "coordinates": [ [ [ 80.206299, 13.1296028 ], [ 80.206463, 13.1295784 ], [ 80.2064512, 13.129503 ], [ 80.2062872, 13.1295274 ], [ 80.206299, 13.1296028 ] ] ] } },
{ "type": "Feature", "properties": { "osm_id": "way/363737349", "levels": null, "height": null, "name": null, "type": "yes" }, "geometry": { "type": "Polygon", "coordinates": [ [ [ 80.2071104, 13.1292688 ], [ 80.2072893, 13.1292437 ], [ 80.207278, 13.129167 ], [ 80.2070991, 13.1291921 ], [ 80.2071104, 13.1292688 ] ] ] } },
{ "type": "Feature", "properties": { "osm_id": "way/363737351", "levels": null, "height": null, "name": null, "type": "yes" }, "geometry": { "type": "Polygon", "coordinates": [ [ [ 80.2146807, 13.128689 ], [ 80.2146989, 13.128591 ], [ 80.2145414, 13.1285633 ], [ 80.2145232, 13.1286613 ], [ 80.2146807, 13.128689 ] ] ] } },
{ "type": "Feature", "properties": { "osm_id": "way/363737357", "levels": null, "height": null, "name": null, "type": "yes" }, "geometry": { "type": "Polygon", "coordinates": [ [ [ 80.2092871, 13.1295041 ], [ 80.2093887, 13.1295015 ], [ 80.2093868, 13.1294291 ], [ 80.2092851, 13.1294317 ], [ 80.2092871, 13.1295041 ] ] ] } },
{ "type": "Feature", "properties": { "osm_id": "way/363737362", "levels": null, "height": null, "name": null, "type": "yes" }, "geometry": { "type": "Polygon", "coordinates": [ [ [ 80.2081777, 13.1286257 ], [ 80.2081689, 13.1286929 ], [ 80.2082543, 13.1287035 ], [ 80.2082631, 13.1286363 ], [ 80.2081777, 13.1286257 ] ] ] } },
{ "type": "Feature", "properties": { "osm_id": "way/363737366", "levels": null, "height": null, "name": null, "type": "yes" }, "geometry": { "type": "Polygon", "coordinates": [ [ [ 80.2074163, 13.129714 ], [ 80.207423, 13.129753 ], [ 80.2075612, 13.1297305 ], [ 80.2075545, 13.1296916 ], [ 80.2074163, 13.129714 ] ] ] } },
{ "type": "Feature", "properties": { "osm_id": "way/363737367", "levels": null, "height": null, "name": null, "type": "yes" }, "geometry": { "type": "Polygon", "coordinates": [ [ [ 80.2163905, 13.129191 ], [ 80.216394, 13.1292928 ], [ 80.216508, 13.1292891 ], [ 80.2165045, 13.1291873 ], [ 80.2163905, 13.129191 ] ] ] } },
{ "type": "Feature", "properties": { "osm_id": "way/363737373", "levels": null, "height": null, "name": null, "type": "yes" }, "geometry": { "type": "Polygon", "coordinates": [ [ [ 80.2151304, 13.1297434 ], [ 80.2151297, 13.1298097 ], [ 80.2152197, 13.1298106 ], [ 80.2152205, 13.1297443 ], [ 80.2151304, 13.1297434 ] ] ] } },
{ "type": "Feature", "properties": { "osm_id": "way/363737374", "levels": null, "height": null, "name": null, "type": "yes" }, "geometry": { "type": "Polygon", "coordinates": [ [ [ 80.2119438, 13.1295176 ], [ 80.2119304, 13.1294373 ], [ 80.2118706, 13.1294468 ], [ 80.211884, 13.1295271 ], [ 80.2119438, 13.1295176 ] ] ] } },
{ "type": "Feature", "properties": { "osm_id": "way/363737375", "levels": null, "height": null, "name": null, "type": "yes" }, "geometry": { "type": "Polygon", "coordinates": [ [ [ 80.2092749, 13.1295114 ], [ 80.2092746, 13.129559 ], [ 80.2093823, 13.1295597 ], [ 80.2093827, 13.129512 ], [ 80.2092749, 13.1295114 ] ] ] } },
{ "type": "Feature", "properties": { "osm_id": "way/363737378", "levels": null, "height": null, "name": null, "type": "yes" }, "geometry": { "type": "Polygon", "coordinates": [ [ [ 80.2162684, 13.1300477 ], [ 80.2162656, 13.1299479 ], [ 80.216195, 13.1299498 ], [ 80.2161978, 13.1300496 ], [ 80.2162684, 13.1300477 ] ] ] } },
{ "type": "Feature", "properties": { "osm_id": "way/363737382", "levels": null, "height": null, "name": null, "type": "yes" }, "geometry": { "type": "Polygon", "coordinates": [ [ [ 80.215828, 13.129274 ], [ 80.2159535, 13.1292758 ], [ 80.2159543, 13.1292228 ], [ 80.2158288, 13.1292209 ], [ 80.215828, 13.129274 ] ] ] } },
{ "type": "Feature", "properties": { "osm_id": "way/363737383", "levels": null, "height": null, "name": null, "type": "yes" }, "geometry": { "type": "Polygon", "coordinates": [ [ [ 80.2058378, 13.1294544 ], [ 80.2058584, 13.1295633 ], [ 80.2060278, 13.129533 ], [ 80.2060072, 13.129424 ], [ 80.2058378, 13.1294544 ] ] ] } },
{ "type": "Feature", "properties": { "osm_id": "way/363737385", "levels": null, "height": null, "name": null, "type": "yes" }, "geometry": { "type": "Polygon", "coordinates": [ [ [ 80.2155779, 13.1297116 ], [ 80.2156612, 13.1297088 ], [ 80.2156597, 13.1296658 ], [ 80.2155764, 13.1296686 ], [ 80.2155779, 13.1297116 ] ] ] } },
{ "type": "Feature", "properties": { "osm_id": "way/363737386", "levels": null, "height": null, "name": null, "type": "yes" }, "geometry": { "type": "Polygon", "coordinates": [ [ [ 80.209199, 13.1295813 ], [ 80.2092004, 13.1294665 ], [ 80.2091246, 13.1294656 ], [ 80.2091232, 13.1295805 ], [ 80.209199, 13.1295813 ] ] ] } },
{ "type": "Feature", "properties": { "osm_id": "way/363737392", "levels": null, "height": null, "name": null, "type": "yes" }, "geometry": { "type": "Polygon", "coordinates": [ [ [ 80.2097598, 13.1299596 ], [ 80.2097684, 13.1300419 ], [ 80.2099412, 13.1300247 ], [ 80.2099326, 13.1299424 ], [ 80.2097598, 13.1299596 ] ] ] } },
{ "type": "Feature", "properties": { "osm_id": "way/363737393", "levels": null, "height": null, "name": null, "type": "yes" }, "geometry": { "type": "Polygon", "coordinates": [ [ [ 80.2068743, 13.1292684 ], [ 80.2069979, 13.1292563 ], [ 80.2069919, 13.1291987 ], [ 80.2068683, 13.1292108 ], [ 80.2068743, 13.1292684 ] ] ] } },
{ "type": "Feature", "properties": { "osm_id": "way/363737400", "levels": null, "height": null, "name": null, "type": "yes" }, "geometry": { "type": "Polygon", "coordinates": [ [ [ 80.2156478, 13.1294233 ], [ 80.2156411, 13.1293328 ], [ 80.2155701, 13.1293377 ], [ 80.2155768, 13.1294283 ], [ 80.2156478, 13.1294233 ] ] ] } },
{ "type": "Feature", "properties": { "osm_id": "way/363737402", "levels": null, "height": null, "name": null, "type": "yes" }, "geometry": { "type": "Polygon", "coordinates": [ [ [ 80.2168246, 13.1287858 ], [ 80.2168234, 13.1288341 ], [ 80.2169835, 13.1288379 ], [ 80.2169846, 13.1287895 ], [ 80.2168246, 13.1287858 ] ] ] } },
{ "type": "Feature", "properties": { "osm_id": "way/363737403", "levels": null, "height": null, "name": null, "type": "yes" }, "geometry": { "type": "Polygon", "coordinates": [ [ [ 80.2140809, 13.1287264 ], [ 80.2140659, 13.1287919 ], [ 80.2141608, 13.1288124 ], [ 80.2141757, 13.1287469 ], [ 80.2140809, 13.1287264 ] ] ] } },
{ "type": "Feature", "properties": { "osm_id": "way/363737408", "levels": null, "height": null, "name": null, "type": "yes" }, "geometry": { "type": "Polygon", "coordinates": [ [ [ 80.2179217, 13.1297346 ], [ 80.2179205, 13.129795 ], [ 80.2179821, 13.1297962 ], [ 80.2179833, 13.1297358 ], [ 80.2179217, 13.1297346 ] ] ] } },
{ "type": "Feature", "properties": { "osm_id": "way/363737410", "levels": null, "height": null, "name": null, "type": "yes" }, "geometry": { "type": "Polygon", "coordinates": [ [ [ 80.2065146, 13.1297479 ], [ 80.2066689, 13.1297208 ], [ 80.2066595, 13.1296703 ], [ 80.2065052, 13.1296974 ], [ 80.2065146, 13.1297479 ] ] ] } },
{ "type": "Feature", "properties": { "osm_id": "way/363737414", "levels": null, "height": null, "name": null, "type": "yes" }, "geometry": { "type": "Polygon", "coordinates": [ [ [ 80.2152415, 13.129916 ], [ 80.2152435, 13.1298423 ], [ 80.2152012, 13.1298412 ], [ 80.2151993, 13.129915 ], [ 80.2152415, 13.129916 ] ] ] } },
{ "type": "Feature", "properties": { "osm_id": "way/363737419", "levels": null, "height": null, "name": null, "type": "yes" }, "geometry": { "type": "Polygon", "coordinates": [ [ [ 80.2149165, 13.1283941 ], [ 80.214911, 13.1284812 ], [ 80.2150355, 13.1284887 ], [ 80.215041, 13.1284016 ], [ 80.2149165, 13.1283941 ] ] ] } },
{ "type": "Feature", "properties": { "osm_id": "way/363737420", "levels": null, "height": null, "name": null, "type": "yes" }, "geometry": { "type": "Polygon", "coordinates": [ [ [ 80.2119094, 13.1293943 ], [ 80.2119629, 13.1293851 ], [ 80.2119513, 13.1293212 ], [ 80.2118978, 13.1293305 ], [ 80.2119094, 13.1293943 ] ] ] } },
{ "type": "Feature", "properties": { "osm_id": "way/363737421", "levels": null, "height": null, "name": null, "type": "yes" }, "geometry": { "type": "Polygon", "coordinates": [ [ [ 80.2093281, 13.1288418 ], [ 80.2093428, 13.1287192 ], [ 80.2092525, 13.1287019 ], [ 80.2092251, 13.128828 ], [ 80.2093281, 13.1288418 ] ] ] } },
{ "type": "Feature", "properties": { "osm_id": "way/363737424", "levels": null, "height": null, "name": null, "type": "yes" }, "geometry": { "type": "Polygon", "coordinates": [ [ [ 80.2155587, 13.129175 ], [ 80.2155658, 13.1292287 ], [ 80.215677, 13.1292147 ], [ 80.2156699, 13.129161 ], [ 80.2155587, 13.129175 ] ] ] } },
{ "type": "Feature", "properties": { "osm_id": "way/363737435", "levels": null, "height": null, "name": null, "type": "yes" }, "geometry": { "type": "Polygon", "coordinates": [ [ [ 80.2150372, 13.1286172 ], [ 80.215036, 13.1287091 ], [ 80.2151826, 13.1287109 ], [ 80.2151838, 13.128619 ], [ 80.2150372, 13.1286172 ] ] ] } },
{ "type": "Feature", "properties": { "osm_id": "way/363737436", "levels": null, "height": null, "name": null, "type": "yes" }, "geometry": { "type": "Polygon", "coordinates": [ [ [ 80.2154508, 13.1286852 ], [ 80.2154172, 13.1285367 ], [ 80.2153198, 13.1285575 ], [ 80.2153533, 13.128706 ], [ 80.2154508, 13.1286852 ] ] ] } },
{ "type": "Feature", "properties": { "osm_id": "way/363737443", "levels": null, "height": null, "name": null, "type": "yes" }, "geometry": { "type": "Polygon", "coordinates": [ [ [ 80.2160888, 13.1288304 ], [ 80.2161865, 13.1288117 ], [ 80.2161763, 13.1287612 ], [ 80.2160786, 13.1287798 ], [ 80.2160888, 13.1288304 ] ] ] } },
{ "type": "Feature", "properties": { "osm_id": "way/363737453", "levels": null, "height": null, "name": null, "type": "yes" }, "geometry": { "type": "Polygon", "coordinates": [ [ [ 80.2178384, 13.1284328 ], [ 80.2178372, 13.1284893 ], [ 80.2179112, 13.1284907 ], [ 80.2179123, 13.1284342 ], [ 80.2178384, 13.1284328 ] ] ] } },
{ "type": "Feature", "properties": { "osm_id": "way/363737456", "levels": null, "height": null, "name": null, "type": "yes" }, "geometry": { "type": "Polygon", "coordinates": [ [ [ 80.2068124, 13.1290738 ], [ 80.2068186, 13.1291367 ], [ 80.206878, 13.1291311 ], [ 80.2068718, 13.1290682 ], [ 80.2068124, 13.1290738 ] ] ] } },
{ "type": "Feature", "properties": { "osm_id": "way/363737457", "levels": null, "height": null, "name": null, "type": "yes" }, "geometry": { "type": "Polygon", "coordinates": [ [ [ 80.2121499, 13.1299766 ], [ 80.2122113, 13.1299748 ], [ 80.2122092, 13.1299082 ], [ 80.2121478, 13.12991 ], [ 80.2121499, 13.1299766 ] ] ] } },
{ "type": "Feature", "properties": { "osm_id": "way/363737460", "levels": null, "height": null, "name": null, "type": "yes" }, "geometry": { "type": "Polygon", "coordinates": [ [ [ 80.2076764, 13.129622 ], [ 80.2076886, 13.1296863 ], [ 80.2077816, 13.1296695 ], [ 80.2077693, 13.1296053 ], [ 80.2076764, 13.129622 ] ] ] } },
{ "type": "Feature", "properties": { "osm_id": "way/363737467", "levels": null, "height": null, "name": null, "type": "yes" }, "geometry": { "type": "Polygon", "coordinates": [ [ [ 80.2102469, 13.1299428 ], [ 80.210294, 13.1299384 ], [ 80.2102835, 13.1298302 ], [ 80.2102363, 13.1298345 ], [ 80.2102469, 13.1299428 ] ] ] } },
{ "type": "Feature", "properties": { "osm_id": "way/363737472", "levels": null, "height": null, "name": null, "type": "yes" }, "geometry": { "type": "Polygon", "coordinates": [ [ [ 80.2154437, 13.1296855 ], [ 80.2154485, 13.1296174 ], [ 80.2154036, 13.1296144 ], [ 80.2153988, 13.1296825 ], [ 80.2154437, 13.1296855 ] ] ] } },
{ "type": "Feature", "properties": { "osm_id": "way/363737475", "levels": null, "height": null, "name": null, "type": "yes" }, "geometry": { "type": "Polygon", "coordinates": [ [ [ 80.2111348, 13.1290937 ], [ 80.2112383, 13.1291086 ], [ 80.211248, 13.1290445 ], [ 80.2111445, 13.1290295 ], [ 80.2111348, 13.1290937 ] ] ] } },
{ "type": "Feature", "properties": { "osm_id": "way/363737479", "levels": null, "height": null, "name": null, "type": "yes" }, "geometry": { "type": "Polygon", "coordinates": [ [ [ 80.2171888, 13.1292517 ], [ 80.2171974, 13.1291453 ], [ 80.2171244, 13.1291397 ], [ 80.2171158, 13.129246 ], [ 80.2171888, 13.1292517 ] ] ] } },
{ "type": "Feature", "properties": { "osm_id": "way/363737483", "levels": null, "height": null, "name": null, "type": "yes" }, "geometry": { "type": "Polygon", "coordinates": [ [ [ 80.2074407, 13.1297576 ], [ 80.2074512, 13.1298163 ], [ 80.2075366, 13.1298018 ], [ 80.2075261, 13.129743 ], [ 80.2074407, 13.1297576 ] ] ] } },
{ "type": "Feature", "properties": { "osm_id": "way/363737486", "levels": null, "height": null, "name": null, "type": "yes" }, "geometry": { "type": "Polygon", "coordinates": [ [ [ 80.2158577, 13.1298199 ], [ 80.2158586, 13.1298734 ], [ 80.2159698, 13.1298715 ], [ 80.2159688, 13.129818 ], [ 80.2158577, 13.1298199 ] ] ] } },
{ "type": "Feature", "properties": { "osm_id": "way/363737487", "levels": null, "height": null, "name": null, "type": "yes" }, "geometry": { "type": "Polygon", "coordinates": [ [ [ 80.2087005, 13.1295266 ], [ 80.2087076, 13.1296095 ], [ 80.2087717, 13.1296044 ], [ 80.2087647, 13.1295215 ], [ 80.2087005, 13.1295266 ] ] ] } },
{ "type": "Feature", "properties": { "osm_id": "way/363737488", "levels": null, "height": null, "name": null, "type": "yes" }, "geometry": { "type": "Polygon", "coordinates": [ [ [ 80.2112952, 13.129896 ], [ 80.2112952, 13.1299595 ], [ 80.2113718, 13.1299595 ], [ 80.2113718, 13.129896 ], [ 80.2112952, 13.129896 ] ] ] } },
{ "type": "Feature", "properties": { "osm_id": "way/363737499", "levels": null, "height": null, "name": null, "type": "yes" }, "geometry": { "type": "Polygon", "coordinates": [ [ [ 80.2079686, 13.1296426 ], [ 80.2079562, 13.1295483 ], [ 80.2078806, 13.1295578 ], [ 80.207893, 13.1296521 ], [ 80.2079686, 13.1296426 ] ] ] } },
{ "type": "Feature", "properties": { "osm_id": "way/363737505", "levels": null, "height": null, "name": null, "type": "yes" }, "geometry": { "type": "Polygon", "coordinates": [ [ [ 80.2112271, 13.1299408 ], [ 80.211229, 13.1298475 ], [ 80.2111851, 13.1298466 ], [ 80.2111832, 13.12994 ], [ 80.2112271, 13.1299408 ] ] ] } },
{ "type": "Feature", "properties": { "osm_id": "way/363737509", "levels": null, "height": null, "name": null, "type": "yes" }, "geometry": { "type": "Polygon", "coordinates": [ [ [ 80.2158356, 13.1296986 ], [ 80.2158336, 13.1297536 ], [ 80.215937, 13.1297574 ], [ 80.2159391, 13.1297023 ], [ 80.2158356, 13.1296986 ] ] ] } },
{ "type": "Feature", "properties": { "osm_id": "way/363737513", "levels": null, "height": null, "name": null, "type": "yes" }, "geometry": { "type": "Polygon", "coordinates": [ [ [ 80.213803, 13.1291155 ], [ 80.2137867, 13.129179 ], [ 80.2138863, 13.1292032 ], [ 80.2139026, 13.1291398 ], [ 80.213803, 13.1291155 ] ] ] } },
{ "type": "Feature", "properties": { "osm_id": "way/363737515", "levels": null, "height": null, "name": null, "type": "yes" }, "geometry": { "type": "Polygon", "coordinates": [ [ [ 80.2102739, 13.1297188 ], [ 80.2102739, 13.1296152 ], [ 80.2102164, 13.1296152 ], [ 80.2102164, 13.1297188 ], [ 80.2102739, 13.1297188 ] ] ] } },
{ "type": "Feature", "properties": { "osm_id": "way/363737519", "levels": null, "height": null, "name": null, "type": "yes" }, "geometry": { "type": "Polygon", "coordinates": [ [ [ 80.2155418, 13.1292015 ], [ 80.2154728, 13.1291054 ], [ 80.2154024, 13.1291533 ], [ 80.2154714, 13.1292494 ], [ 80.2155418, 13.1292015 ] ] ] } },
{ "type": "Feature", "properties": { "osm_id": "way/363737521", "levels": null, "height": null, "name": null, "type": "yes" }, "geometry": { "type": "Polygon", "coordinates": [ [ [ 80.2158337, 13.1296052 ], [ 80.2158331, 13.1296886 ], [ 80.2159634, 13.1296895 ], [ 80.215964, 13.1296062 ], [ 80.2158337, 13.1296052 ] ] ] } },
{ "type": "Feature", "properties": { "osm_id": "way/363737523", "levels": null, "height": null, "name": null, "type": "yes" }, "geometry": { "type": "Polygon", "coordinates": [ [ [ 80.2113843, 13.1299082 ], [ 80.2114379, 13.129897 ], [ 80.211428, 13.129852 ], [ 80.2113744, 13.1298632 ], [ 80.2113843, 13.1299082 ] ] ] } },
{ "type": "Feature", "properties": { "osm_id": "way/363737527", "levels": null, "height": null, "name": null, "type": "yes" }, "geometry": { "type": "Polygon", "coordinates": [ [ [ 80.2065505, 13.1299584 ], [ 80.2065601, 13.129999 ], [ 80.2066722, 13.1299738 ], [ 80.2066626, 13.1299332 ], [ 80.2065505, 13.1299584 ] ] ] } },
{ "type": "Feature", "properties": { "osm_id": "way/363737529", "levels": null, "height": null, "name": null, "type": "yes" }, "geometry": { "type": "Polygon", "coordinates": [ [ [ 80.217862, 13.1292461 ], [ 80.2179884, 13.1292484 ], [ 80.2179907, 13.1291333 ], [ 80.2178643, 13.1291309 ], [ 80.217862, 13.1292461 ] ] ] } },
{ "type": "Feature", "properties": { "osm_id": "way/363737536", "levels": null, "height": null, "name": null, "type": "yes" }, "geometry": { "type": "Polygon", "coordinates": [ [ [ 80.2141997, 13.1286928 ], [ 80.2141883, 13.1287612 ], [ 80.2143119, 13.1287808 ], [ 80.2143233, 13.1287124 ], [ 80.2141997, 13.1286928 ] ] ] } },
{ "type": "Feature", "properties": { "osm_id": "way/363737542", "levels": null, "height": null, "name": null, "type": "yes" }, "geometry": { "type": "Polygon", "coordinates": [ [ [ 80.2173421, 13.1297564 ], [ 80.2173405, 13.1298329 ], [ 80.2174787, 13.1298355 ], [ 80.2174803, 13.129759 ], [ 80.2173421, 13.1297564 ] ] ] } },
{ "type": "Feature", "properties": { "osm_id": "way/363737551", "levels": null, "height": null, "name": null, "type": "yes" }, "geometry": { "type": "Polygon", "coordinates": [ [ [ 80.2120503, 13.1294563 ], [ 80.2121134, 13.129451 ], [ 80.212109, 13.1294022 ], [ 80.212046, 13.1294075 ], [ 80.2120503, 13.1294563 ] ] ] } },
{ "type": "Feature", "properties": { "osm_id": "way/363737553", "levels": null, "height": null, "name": null, "type": "yes" }, "geometry": { "type": "Polygon", "coordinates": [ [ [ 80.2136688, 13.129527 ], [ 80.2136551, 13.1295863 ], [ 80.2137653, 13.1296106 ], [ 80.213779, 13.1295513 ], [ 80.2136688, 13.129527 ] ] ] } },
{ "type": "Feature", "properties": { "osm_id": "way/363737566", "levels": null, "height": null, "name": null, "type": "yes" }, "geometry": { "type": "Polygon", "coordinates": [ [ [ 80.2168246, 13.1294325 ], [ 80.2168256, 13.1293373 ], [ 80.2167499, 13.1293366 ], [ 80.216749, 13.1294318 ], [ 80.2168246, 13.1294325 ] ] ] } },
{ "type": "Feature", "properties": { "osm_id": "way/363737574", "levels": null, "height": null, "name": null, "type": "yes" }, "geometry": { "type": "Polygon", "coordinates": [ [ [ 80.2178623, 13.1296562 ], [ 80.2178611, 13.129718 ], [ 80.2179524, 13.1297197 ], [ 80.2179536, 13.1296579 ], [ 80.2178623, 13.1296562 ] ] ] } },
{ "type": "Feature", "properties": { "osm_id": "way/363737575", "levels": null, "height": null, "name": null, "type": "yes" }, "geometry": { "type": "Polygon", "coordinates": [ [ [ 80.2093223, 13.1293147 ], [ 80.209386, 13.1293167 ], [ 80.2093882, 13.1292522 ], [ 80.2093245, 13.1292502 ], [ 80.2093223, 13.1293147 ] ] ] } },
{ "type": "Feature", "properties": { "osm_id": "way/363737582", "levels": null, "height": null, "name": null, "type": "yes" }, "geometry": { "type": "Polygon", "coordinates": [ [ [ 80.2156315, 13.1298768 ], [ 80.2156402, 13.1297854 ], [ 80.215559, 13.1297781 ], [ 80.2155503, 13.1298695 ], [ 80.2156315, 13.1298768 ] ] ] } },
{ "type": "Feature", "properties": { "osm_id": "way/363737586", "levels": null, "height": null, "name": null, "type": "yes" }, "geometry": { "type": "Polygon", "coordinates": [ [ [ 80.2111277, 13.1291152 ], [ 80.211115, 13.1291891 ], [ 80.2112078, 13.1292043 ], [ 80.2112205, 13.1291303 ], [ 80.2111277, 13.1291152 ] ] ] } },
{ "type": "Feature", "properties": { "osm_id": "way/363737587", "levels": null, "height": null, "name": null, "type": "yes" }, "geometry": { "type": "Polygon", "coordinates": [ [ [ 80.2065328, 13.1296816 ], [ 80.2066526, 13.129663 ], [ 80.2066436, 13.1296087 ], [ 80.2065239, 13.1296274 ], [ 80.2065328, 13.1296816 ] ] ] } },
{ "type": "Feature", "properties": { "osm_id": "way/363737588", "levels": null, "height": null, "name": null, "type": "yes" }, "geometry": { "type": "Polygon", "coordinates": [ [ [ 80.2169397, 13.1291723 ], [ 80.2169378, 13.1291238 ], [ 80.2168708, 13.1291263 ], [ 80.2168728, 13.1291748 ], [ 80.2169397, 13.1291723 ] ] ] } },
{ "type": "Feature", "properties": { "osm_id": "way/363737590", "levels": null, "height": null, "name": null, "type": "yes" }, "geometry": { "type": "Polygon", "coordinates": [ [ [ 80.2166591, 13.1299768 ], [ 80.216799, 13.1299768 ], [ 80.216799, 13.1299003 ], [ 80.2166591, 13.1299003 ], [ 80.2166591, 13.1299768 ] ] ] } },
{ "type": "Feature", "properties": { "osm_id": "way/363737595", "levels": null, "height": null, "name": null, "type": "yes" }, "geometry": { "type": "Polygon", "coordinates": [ [ [ 80.2111093, 13.1299455 ], [ 80.2111725, 13.1299445 ], [ 80.2111713, 13.1298689 ], [ 80.2111081, 13.1298698 ], [ 80.2111093, 13.1299455 ] ] ] } },
{ "type": "Feature", "properties": { "osm_id": "way/363737602", "levels": null, "height": null, "name": null, "type": "yes" }, "geometry": { "type": "Polygon", "coordinates": [ [ [ 80.2065802, 13.1298053 ], [ 80.2066396, 13.1297941 ], [ 80.2066301, 13.1297459 ], [ 80.2065706, 13.1297571 ], [ 80.2065802, 13.1298053 ] ] ] } },
{ "type": "Feature", "properties": { "osm_id": "way/363737605", "levels": null, "height": null, "name": null, "type": "yes" }, "geometry": { "type": "Polygon", "coordinates": [ [ [ 80.2166962, 13.1293112 ], [ 80.2168208, 13.1293159 ], [ 80.2168238, 13.1292384 ], [ 80.2166993, 13.1292337 ], [ 80.2166962, 13.1293112 ] ] ] } },
{ "type": "Feature", "properties": { "osm_id": "way/363737612", "levels": null, "height": null, "name": null, "type": "yes" }, "geometry": { "type": "Polygon", "coordinates": [ [ [ 80.2080227, 13.1292158 ], [ 80.2081386, 13.1291971 ], [ 80.208124, 13.1291108 ], [ 80.208008, 13.1291295 ], [ 80.2080227, 13.1292158 ] ] ] } },
{ "type": "Feature", "properties": { "osm_id": "way/363737615", "levels": null, "height": null, "name": null, "type": "yes" }, "geometry": { "type": "Polygon", "coordinates": [ [ [ 80.2154646, 13.1288738 ], [ 80.2154253, 13.1287254 ], [ 80.2153072, 13.1287551 ], [ 80.2153465, 13.1289035 ], [ 80.2154646, 13.1288738 ] ] ] } },
{ "type": "Feature", "properties": { "osm_id": "way/363737617", "levels": null, "height": null, "name": null, "type": "yes" }, "geometry": { "type": "Polygon", "coordinates": [ [ [ 80.2170623, 13.1293151 ], [ 80.2170642, 13.1293668 ], [ 80.2171984, 13.1293621 ], [ 80.2171965, 13.1293104 ], [ 80.2170623, 13.1293151 ] ] ] } },
{ "type": "Feature", "properties": { "osm_id": "way/363737620", "levels": null, "height": null, "name": null, "type": "yes" }, "geometry": { "type": "Polygon", "coordinates": [ [ [ 80.2178585, 13.1295797 ], [ 80.2178573, 13.1296416 ], [ 80.2179419, 13.1296432 ], [ 80.2179431, 13.1295813 ], [ 80.2178585, 13.1295797 ] ] ] } },
{ "type": "Feature", "properties": { "osm_id": "way/363737624", "levels": null, "height": null, "name": null, "type": "yes" }, "geometry": { "type": "Polygon", "coordinates": [ [ [ 80.211862, 13.129422 ], [ 80.2118586, 13.1293659 ], [ 80.2118089, 13.1293688 ], [ 80.2118123, 13.1294249 ], [ 80.211862, 13.129422 ] ] ] } },
{ "type": "Feature", "properties": { "osm_id": "way/363737628", "levels": null, "height": null, "name": null, "type": "yes" }, "geometry": { "type": "Polygon", "coordinates": [ [ [ 80.2062932, 13.1296499 ], [ 80.2063017, 13.1297091 ], [ 80.20648, 13.1296849 ], [ 80.2064715, 13.1296256 ], [ 80.2062932, 13.1296499 ] ] ] } },
{ "type": "Feature", "properties": { "osm_id": "way/363737630", "levels": null, "height": null, "name": null, "type": "yes" }, "geometry": { "type": "Polygon", "coordinates": [ [ [ 80.2158347, 13.1292096 ], [ 80.215942, 13.1292133 ], [ 80.2159437, 13.1291661 ], [ 80.2158364, 13.1291623 ], [ 80.2158347, 13.1292096 ] ] ] } },
{ "type": "Feature", "properties": { "osm_id": "way/363737633", "levels": null, "height": null, "name": null, "type": "yes" }, "geometry": { "type": "Polygon", "coordinates": [ [ [ 80.2123328, 13.1297835 ], [ 80.2123328, 13.1298302 ], [ 80.2123922, 13.1298302 ], [ 80.2123922, 13.1297835 ], [ 80.2123328, 13.1297835 ] ] ] } },
{ "type": "Feature", "properties": { "osm_id": "way/363737638", "levels": null, "height": null, "name": null, "type": "yes" }, "geometry": { "type": "Polygon", "coordinates": [ [ [ 80.2110939, 13.1298643 ], [ 80.2111715, 13.1298596 ], [ 80.2111678, 13.1298003 ], [ 80.2110902, 13.129805 ], [ 80.2110939, 13.1298643 ] ] ] } },
{ "type": "Feature", "properties": { "osm_id": "way/363737644", "levels": null, "height": null, "name": null, "type": "yes" }, "geometry": { "type": "Polygon", "coordinates": [ [ [ 80.2145094, 13.1295905 ], [ 80.2145516, 13.1295486 ], [ 80.2145085, 13.1295075 ], [ 80.2144663, 13.1295494 ], [ 80.2145094, 13.1295905 ] ] ] } },
{ "type": "Feature", "properties": { "osm_id": "way/363737656", "levels": null, "height": null, "name": null, "type": "yes" }, "geometry": { "type": "Polygon", "coordinates": [ [ [ 80.2172788, 13.1292104 ], [ 80.2172813, 13.1292932 ], [ 80.2173483, 13.1292913 ], [ 80.2173459, 13.1292085 ], [ 80.2172788, 13.1292104 ] ] ] } },
{ "type": "Feature", "properties": { "osm_id": "way/363737658", "levels": null, "height": null, "name": null, "type": "yes" }, "geometry": { "type": "Polygon", "coordinates": [ [ [ 80.2053364, 13.1299744 ], [ 80.2054272, 13.1299572 ], [ 80.2054075, 13.1298583 ], [ 80.2053167, 13.1298755 ], [ 80.2053364, 13.1299744 ] ] ] } },
{ "type": "Feature", "properties": { "osm_id": "way/363737664", "levels": null, "height": null, "name": null, "type": "yes" }, "geometry": { "type": "Polygon", "coordinates": [ [ [ 80.206908, 13.129716 ], [ 80.2069225, 13.1297757 ], [ 80.2069949, 13.1297591 ], [ 80.2069805, 13.1296994 ], [ 80.206908, 13.129716 ] ] ] } },
{ "type": "Feature", "properties": { "osm_id": "way/363737665", "levels": null, "height": null, "name": null, "type": "yes" }, "geometry": { "type": "Polygon", "coordinates": [ [ [ 80.2146301, 13.1294131 ], [ 80.2146247, 13.1294604 ], [ 80.2147248, 13.1294712 ], [ 80.2147302, 13.1294239 ], [ 80.2146301, 13.1294131 ] ] ] } },
{ "type": "Feature", "properties": { "osm_id": "way/363737670", "levels": null, "height": null, "name": null, "type": "yes" }, "geometry": { "type": "Polygon", "coordinates": [ [ [ 80.2123156, 13.1298778 ], [ 80.2124526, 13.1298797 ], [ 80.2124532, 13.1298396 ], [ 80.2123162, 13.1298378 ], [ 80.2123156, 13.1298778 ] ] ] } },
{ "type": "Feature", "properties": { "osm_id": "way/363737672", "levels": null, "height": null, "name": null, "type": "yes" }, "geometry": { "type": "Polygon", "coordinates": [ [ [ 80.2117929, 13.1293659 ], [ 80.2117881, 13.1292821 ], [ 80.2117476, 13.1292843 ], [ 80.2117523, 13.1293681 ], [ 80.2117929, 13.1293659 ] ] ] } },
{ "type": "Feature", "properties": { "osm_id": "way/363737674", "levels": null, "height": null, "name": null, "type": "yes" }, "geometry": { "type": "Polygon", "coordinates": [ [ [ 80.2124927, 13.1298776 ], [ 80.2124927, 13.1299264 ], [ 80.2126025, 13.1299264 ], [ 80.2126025, 13.1298776 ], [ 80.2124927, 13.1298776 ] ] ] } },
{ "type": "Feature", "properties": { "osm_id": "way/363737677", "levels": null, "height": null, "name": null, "type": "yes" }, "geometry": { "type": "Polygon", "coordinates": [ [ [ 80.2060005, 13.130043 ], [ 80.2060913, 13.1300258 ], [ 80.2060812, 13.1299753 ], [ 80.2059904, 13.1299925 ], [ 80.2060005, 13.130043 ] ] ] } },
{ "type": "Feature", "properties": { "osm_id": "way/363737679", "levels": null, "height": null, "name": null, "type": "yes" }, "geometry": { "type": "Polygon", "coordinates": [ [ [ 80.2155143, 13.1284628 ], [ 80.2155823, 13.1284563 ], [ 80.2155779, 13.1284132 ], [ 80.2155099, 13.1284197 ], [ 80.2155143, 13.1284628 ] ] ] } },
{ "type": "Feature", "properties": { "osm_id": "way/363737682", "levels": null, "height": null, "name": null, "type": "yes" }, "geometry": { "type": "Polygon", "coordinates": [ [ [ 80.2114321, 13.1296314 ], [ 80.2115088, 13.1296145 ], [ 80.211483, 13.1295034 ], [ 80.2114062, 13.1295204 ], [ 80.2114321, 13.1296314 ] ] ] } },
{ "type": "Feature", "properties": { "osm_id": "way/363737686", "levels": null, "height": null, "name": null, "type": "yes" }, "geometry": { "type": "Polygon", "coordinates": [ [ [ 80.217047, 13.1292974 ], [ 80.2171649, 13.1293002 ], [ 80.217166, 13.1292545 ], [ 80.2170481, 13.1292517 ], [ 80.217047, 13.1292974 ] ] ] } },
{ "type": "Feature", "properties": { "osm_id": "way/363737697", "levels": null, "height": null, "name": null, "type": "yes" }, "geometry": { "type": "Polygon", "coordinates": [ [ [ 80.2116274, 13.1299291 ], [ 80.2116264, 13.1299741 ], [ 80.2116874, 13.1299754 ], [ 80.2116884, 13.1299304 ], [ 80.2116274, 13.1299291 ] ] ] } },
{ "type": "Feature", "properties": { "osm_id": "way/363737703", "levels": null, "height": null, "name": null, "type": "yes" }, "geometry": { "type": "Polygon", "coordinates": [ [ [ 80.216296, 13.1300048 ], [ 80.2163669, 13.1300057 ], [ 80.2163677, 13.1299423 ], [ 80.2162968, 13.1299413 ], [ 80.216296, 13.1300048 ] ] ] } },
{ "type": "Feature", "properties": { "osm_id": "way/363737705", "levels": null, "height": null, "name": null, "type": "yes" }, "geometry": { "type": "Polygon", "coordinates": [ [ [ 80.2117366, 13.1293369 ], [ 80.2117339, 13.1292801 ], [ 80.211698, 13.1292818 ], [ 80.2117007, 13.1293385 ], [ 80.2117366, 13.1293369 ] ] ] } },
{ "type": "Feature", "properties": { "osm_id": "way/363737710", "levels": null, "height": null, "name": null, "type": "yes" }, "geometry": { "type": "Polygon", "coordinates": [ [ [ 80.2113526, 13.1298531 ], [ 80.2114207, 13.1298447 ], [ 80.2114158, 13.129807 ], [ 80.2113477, 13.1298154 ], [ 80.2113526, 13.1298531 ] ] ] } },
{ "type": "Feature", "properties": { "osm_id": "way/363737714", "levels": null, "height": null, "name": null, "type": "yes" }, "geometry": { "type": "Polygon", "coordinates": [ [ [ 80.2170709, 13.1287606 ], [ 80.2170718, 13.12889 ], [ 80.2172136, 13.1288891 ], [ 80.2172127, 13.1287597 ], [ 80.2170709, 13.1287606 ] ] ] } },
{ "type": "Feature", "properties": { "osm_id": "way/363737724", "levels": null, "height": null, "name": null, "type": "yes" }, "geometry": { "type": "Polygon", "coordinates": [ [ [ 80.2173206, 13.1298395 ], [ 80.2173194, 13.1299037 ], [ 80.217446, 13.1299061 ], [ 80.2174473, 13.1298418 ], [ 80.2173206, 13.1298395 ] ] ] } },
{ "type": "Feature", "properties": { "osm_id": "way/363737730", "levels": null, "height": null, "name": null, "type": "yes" }, "geometry": { "type": "Polygon", "coordinates": [ [ [ 80.2119738, 13.1295447 ], [ 80.2120341, 13.1295388 ], [ 80.2120297, 13.1294965 ], [ 80.2119694, 13.1295024 ], [ 80.2119738, 13.1295447 ] ] ] } },
{ "type": "Feature", "properties": { "osm_id": "way/363737734", "levels": null, "height": null, "name": null, "type": "yes" }, "geometry": { "type": "Polygon", "coordinates": [ [ [ 80.2100688, 13.1290889 ], [ 80.2100574, 13.1291367 ], [ 80.210136, 13.1291544 ], [ 80.2101474, 13.1291066 ], [ 80.2100688, 13.1290889 ] ] ] } },
{ "type": "Feature", "properties": { "osm_id": "way/363737736", "levels": null, "height": null, "name": null, "type": "yes" }, "geometry": { "type": "Polygon", "coordinates": [ [ [ 80.206563, 13.129865 ], [ 80.2066789, 13.1298436 ], [ 80.2066695, 13.1297955 ], [ 80.2065536, 13.129817 ], [ 80.206563, 13.129865 ] ] ] } },
{ "type": "Feature", "properties": { "osm_id": "way/363737739", "levels": null, "height": null, "name": null, "type": "yes" }, "geometry": { "type": "Polygon", "coordinates": [ [ [ 80.2158203, 13.1292833 ], [ 80.2158189, 13.1293287 ], [ 80.2159473, 13.1293324 ], [ 80.2159487, 13.129287 ], [ 80.2158203, 13.1292833 ] ] ] } },
{ "type": "Feature", "properties": { "osm_id": "way/363737745", "levels": null, "height": null, "name": null, "type": "yes" }, "geometry": { "type": "Polygon", "coordinates": [ [ [ 80.211024, 13.1298979 ], [ 80.2110249, 13.1297887 ], [ 80.2109808, 13.1297883 ], [ 80.2109799, 13.1298975 ], [ 80.211024, 13.1298979 ] ] ] } },
{ "type": "Feature", "properties": { "osm_id": "way/363737758", "levels": null, "height": null, "name": null, "type": "yes" }, "geometry": { "type": "Polygon", "coordinates": [ [ [ 80.2071484, 13.1295182 ], [ 80.2071579, 13.1295741 ], [ 80.2073043, 13.1295503 ], [ 80.2072947, 13.1294944 ], [ 80.2071484, 13.1295182 ] ] ] } },
{ "type": "Feature", "properties": { "osm_id": "way/363737760", "levels": null, "height": null, "name": null, "type": "yes" }, "geometry": { "type": "Polygon", "coordinates": [ [ [ 80.2115245, 13.1293719 ], [ 80.2116065, 13.1293712 ], [ 80.2116061, 13.129323 ], [ 80.2115241, 13.1293236 ], [ 80.2115245, 13.1293719 ] ] ] } },
{ "type": "Feature", "properties": { "osm_id": "way/363737761", "levels": null, "height": null, "name": null, "type": "yes" }, "geometry": { "type": "Polygon", "coordinates": [ [ [ 80.2107789, 13.1295042 ], [ 80.2108872, 13.1295032 ], [ 80.2108865, 13.1294274 ], [ 80.2107782, 13.1294283 ], [ 80.2107789, 13.1295042 ] ] ] } },
{ "type": "Feature", "properties": { "osm_id": "way/363737766", "levels": null, "height": null, "name": null, "type": "yes" }, "geometry": { "type": "Polygon", "coordinates": [ [ [ 80.2073892, 13.1296493 ], [ 80.2074004, 13.129705 ], [ 80.2074967, 13.1296865 ], [ 80.2074854, 13.1296309 ], [ 80.2073892, 13.1296493 ] ] ] } },
{ "type": "Feature", "properties": { "osm_id": "way/363737770", "levels": null, "height": null, "name": null, "type": "yes" }, "geometry": { "type": "Polygon", "coordinates": [ [ [ 80.2113835, 13.1292177 ], [ 80.2113788, 13.1292528 ], [ 80.2114303, 13.1292594 ], [ 80.211435, 13.1292243 ], [ 80.2113835, 13.1292177 ] ] ] } },
{ "type": "Feature", "properties": { "osm_id": "way/363737786", "levels": null, "height": null, "name": null, "type": "yes" }, "geometry": { "type": "Polygon", "coordinates": [ [ [ 80.2092729, 13.1295681 ], [ 80.2092729, 13.1296169 ], [ 80.2093549, 13.1296169 ], [ 80.2093549, 13.1295681 ], [ 80.2092729, 13.1295681 ] ] ] } },
{ "type": "Feature", "properties": { "osm_id": "way/363737787", "levels": null, "height": null, "name": null, "type": "yes" }, "geometry": { "type": "Polygon", "coordinates": [ [ [ 80.206136, 13.1298952 ], [ 80.2061522, 13.1299757 ], [ 80.2062904, 13.1299493 ], [ 80.2062742, 13.1298688 ], [ 80.206136, 13.1298952 ] ] ] } },
{ "type": "Feature", "properties": { "osm_id": "way/363737795", "levels": null, "height": null, "name": null, "type": "yes" }, "geometry": { "type": "Polygon", "coordinates": [ [ [ 80.2158309, 13.1298721 ], [ 80.2158289, 13.1297844 ], [ 80.2157523, 13.129786 ], [ 80.2157542, 13.1298737 ], [ 80.2158309, 13.1298721 ] ] ] } },
{ "type": "Feature", "properties": { "osm_id": "way/363737801", "levels": null, "height": null, "name": null, "type": "yes" }, "geometry": { "type": "Polygon", "coordinates": [ [ [ 80.2175002, 13.1297587 ], [ 80.2174992, 13.129816 ], [ 80.2176199, 13.129818 ], [ 80.2176208, 13.1297607 ], [ 80.2175002, 13.1297587 ] ] ] } },
{ "type": "Feature", "properties": { "osm_id": "way/363737806", "levels": null, "height": null, "name": null, "type": "yes" }, "geometry": { "type": "Polygon", "coordinates": [ [ [ 80.2122976, 13.1299192 ], [ 80.2122976, 13.1299654 ], [ 80.2123626, 13.1299654 ], [ 80.2123626, 13.1299192 ], [ 80.2122976, 13.1299192 ] ] ] } },
{ "type": "Feature", "properties": { "osm_id": "way/363737815", "levels": null, "height": null, "name": null, "type": "yes" }, "geometry": { "type": "Polygon", "coordinates": [ [ [ 80.2164943, 13.1300561 ], [ 80.2164905, 13.1299591 ], [ 80.2164459, 13.1299607 ], [ 80.2164498, 13.1300578 ], [ 80.2164943, 13.1300561 ] ] ] } },
{ "type": "Feature", "properties": { "osm_id": "way/363737820", "levels": null, "height": null, "name": null, "type": "yes" }, "geometry": { "type": "Polygon", "coordinates": [ [ [ 80.2138193, 13.1289139 ], [ 80.2138055, 13.1289663 ], [ 80.2139407, 13.1289999 ], [ 80.2139544, 13.1289475 ], [ 80.2138193, 13.1289139 ] ] ] } },
{ "type": "Feature", "properties": { "osm_id": "way/363737825", "levels": null, "height": null, "name": null, "type": "yes" }, "geometry": { "type": "Polygon", "coordinates": [ [ [ 80.2124181, 13.1295381 ], [ 80.2123915, 13.1295962 ], [ 80.2124902, 13.1296391 ], [ 80.2125168, 13.129581 ], [ 80.2124181, 13.1295381 ] ] ] } },
{ "type": "Feature", "properties": { "osm_id": "way/363737828", "levels": null, "height": null, "name": null, "type": "yes" }, "geometry": { "type": "Polygon", "coordinates": [ [ [ 80.2104463, 13.1298874 ], [ 80.2104923, 13.1298818 ], [ 80.2104801, 13.1297867 ], [ 80.2104341, 13.1297923 ], [ 80.2104463, 13.1298874 ] ] ] } },
{ "type": "Feature", "properties": { "osm_id": "way/363737829", "levels": null, "height": null, "name": null, "type": "yes" }, "geometry": { "type": "Polygon", "coordinates": [ [ [ 80.2097166, 13.1296501 ], [ 80.2097213, 13.129699 ], [ 80.2098732, 13.129685 ], [ 80.2098684, 13.1296361 ], [ 80.2097166, 13.1296501 ] ] ] } },
{ "type": "Feature", "properties": { "osm_id": "way/363737831", "levels": null, "height": null, "name": null, "type": "yes" }, "geometry": { "type": "Polygon", "coordinates": [ [ [ 80.2075119, 13.1287968 ], [ 80.2075982, 13.1287968 ], [ 80.2075982, 13.1287296 ], [ 80.2075119, 13.1287296 ], [ 80.2075119, 13.1287968 ] ] ] } },
{ "type": "Feature", "properties": { "osm_id": "way/363737844", "levels": null, "height": null, "name": null, "type": "yes" }, "geometry": { "type": "Polygon", "coordinates": [ [ [ 80.2100822, 13.1288556 ], [ 80.2100889, 13.1287735 ], [ 80.2100321, 13.1287691 ], [ 80.2100254, 13.1288512 ], [ 80.2100822, 13.1288556 ] ] ] } },
{ "type": "Feature", "properties": { "osm_id": "way/363737845", "levels": null, "height": null, "name": null, "type": "yes" }, "geometry": { "type": "Polygon", "coordinates": [ [ [ 80.2100286, 13.1287361 ], [ 80.2100813, 13.1287464 ], [ 80.2100927, 13.128691 ], [ 80.21004, 13.1286807 ], [ 80.2100286, 13.1287361 ] ] ] } },
{ "type": "Feature", "properties": { "osm_id": "way/363754130", "levels": null, "height": null, "name": null, "type": "yes" }, "geometry": { "type": "Polygon", "coordinates": [ [ [ 80.2057839, 13.1287192 ], [ 80.205793, 13.1288091 ], [ 80.2058239, 13.1288061 ], [ 80.2058306, 13.1288722 ], [ 80.2057997, 13.1288752 ], [ 80.2058099, 13.1289757 ], [ 80.2060165, 13.1289558 ], [ 80.2060006, 13.1287997 ], [ 80.2061668, 13.1287837 ], [ 80.2061601, 13.1287185 ], [ 80.205994, 13.1287345 ], [ 80.2059904, 13.1286993 ], [ 80.2057839, 13.1287192 ] ] ] } },
{ "type": "Feature", "properties": { "osm_id": "way/363754171", "levels": null, "height": null, "name": null, "type": "yes" }, "geometry": { "type": "Polygon", "coordinates": [ [ [ 80.2064229, 13.1289606 ], [ 80.206433, 13.1290356 ], [ 80.2065211, 13.1290244 ], [ 80.2065111, 13.1289494 ], [ 80.2064229, 13.1289606 ] ] ] } },
{ "type": "Feature", "properties": { "osm_id": "way/363754208", "levels": null, "height": null, "name": null, "type": "yes" }, "geometry": { "type": "Polygon", "coordinates": [ [ [ 80.2062562, 13.1290296 ], [ 80.206399, 13.1290091 ], [ 80.2063825, 13.1289005 ], [ 80.2062397, 13.128921 ], [ 80.2062562, 13.1290296 ] ] ] } },
{ "type": "Feature", "properties": { "osm_id": "way/363754298", "levels": null, "height": null, "name": null, "type": "yes" }, "geometry": { "type": "Polygon", "coordinates": [ [ [ 80.2063931, 13.1288462 ], [ 80.2064118, 13.1289338 ], [ 80.2065677, 13.1289021 ], [ 80.2065489, 13.1288145 ], [ 80.2063931, 13.1288462 ] ] ] } },
{ "type": "Feature", "properties": { "osm_id": "way/363754351", "levels": null, "height": null, "name": null, "type": "yes" }, "geometry": { "type": "Polygon", "coordinates": [ [ [ 80.2077729, 13.128445 ], [ 80.2077729, 13.1285149 ], [ 80.2078488, 13.1285149 ], [ 80.2078488, 13.128445 ], [ 80.2077729, 13.128445 ] ] ] } },
{ "type": "Feature", "properties": { "osm_id": "way/363754379", "levels": null, "height": null, "name": null, "type": "yes" }, "geometry": { "type": "Polygon", "coordinates": [ [ [ 80.2071505, 13.1294431 ], [ 80.2072684, 13.1294253 ], [ 80.2072566, 13.1293514 ], [ 80.2071387, 13.1293692 ], [ 80.2071505, 13.1294431 ] ] ] } },
{ "type": "Feature", "properties": { "osm_id": "way/363754395", "levels": null, "height": null, "name": null, "type": "yes" }, "geometry": { "type": "Polygon", "coordinates": [ [ [ 80.2052584, 13.1290069 ], [ 80.2053668, 13.1289858 ], [ 80.2053517, 13.1289122 ], [ 80.2052432, 13.1289333 ], [ 80.2052584, 13.1290069 ] ] ] } },
{ "type": "Feature", "properties": { "osm_id": "way/363754505", "levels": null, "height": null, "name": null, "type": "yes" }, "geometry": { "type": "Polygon", "coordinates": [ [ [ 80.2049191, 13.1300948 ], [ 80.2050129, 13.1300806 ], [ 80.2049937, 13.1299602 ], [ 80.2048998, 13.1299745 ], [ 80.2049191, 13.1300948 ] ] ] } },
{ "type": "Feature", "properties": { "osm_id": "way/363754528", "levels": null, "height": null, "name": null, "type": "yes" }, "geometry": { "type": "Polygon", "coordinates": [ [ [ 80.205229, 13.1289148 ], [ 80.2053008, 13.1288963 ], [ 80.2052727, 13.1287925 ], [ 80.2052008, 13.128811 ], [ 80.205229, 13.1289148 ] ] ] } },
{ "type": "Feature", "properties": { "osm_id": "way/363754616", "levels": null, "height": null, "name": null, "type": "yes" }, "geometry": { "type": "Polygon", "coordinates": [ [ [ 80.2083197, 13.1284925 ], [ 80.20842, 13.1284951 ], [ 80.2084224, 13.1284071 ], [ 80.2083222, 13.1284045 ], [ 80.2083197, 13.1284925 ] ] ] } },
{ "type": "Feature", "properties": { "osm_id": "way/363754698", "levels": null, "height": null, "name": null, "type": "yes" }, "geometry": { "type": "Polygon", "coordinates": [ [ [ 80.2084864, 13.1284911 ], [ 80.2084932, 13.1283922 ], [ 80.2084373, 13.1283885 ], [ 80.2084306, 13.1284875 ], [ 80.2084864, 13.1284911 ] ] ] } },
{ "type": "Feature", "properties": { "osm_id": "way/363754850", "levels": null, "height": null, "name": null, "type": "yes" }, "geometry": { "type": "Polygon", "coordinates": [ [ [ 80.206353, 13.129136 ], [ 80.206436, 13.1291259 ], [ 80.2064253, 13.1290424 ], [ 80.2063236, 13.1290548 ], [ 80.2063297, 13.129102 ], [ 80.2063483, 13.1290997 ], [ 80.206353, 13.129136 ] ] ] } },
{ "type": "Feature", "properties": { "osm_id": "way/363869680", "levels": null, "height": null, "name": null, "type": "yes" }, "geometry": { "type": "Polygon", "coordinates": [ [ [ 80.2088952, 13.1294704 ], [ 80.2089052, 13.1295545 ], [ 80.2089939, 13.1295445 ], [ 80.2089839, 13.1294604 ], [ 80.2088952, 13.1294704 ] ] ] } },
{ "type": "Feature", "properties": { "osm_id": "way/363869823", "levels": null, "height": null, "name": null, "type": "yes" }, "geometry": { "type": "Polygon", "coordinates": [ [ [ 80.2100709, 13.1289206 ], [ 80.2100555, 13.1289784 ], [ 80.2101386, 13.1289993 ], [ 80.2101539, 13.1289415 ], [ 80.2100709, 13.1289206 ] ] ] } },
{ "type": "Feature", "properties": { "osm_id": "way/363869847", "levels": null, "height": null, "name": null, "type": "yes" }, "geometry": { "type": "Polygon", "coordinates": [ [ [ 80.2098563, 13.1289388 ], [ 80.2098472, 13.128996 ], [ 80.2099134, 13.129006 ], [ 80.2099225, 13.1289488 ], [ 80.2098563, 13.1289388 ] ] ] } },
{ "type": "Feature", "properties": { "osm_id": "way/363869949", "levels": null, "height": null, "name": null, "type": "yes" }, "geometry": { "type": "Polygon", "coordinates": [ [ [ 80.2106176, 13.1298829 ], [ 80.2106176, 13.1299201 ], [ 80.2106876, 13.1299201 ], [ 80.2106876, 13.1298829 ], [ 80.2106176, 13.1298829 ] ] ] } },
{ "type": "Feature", "properties": { "osm_id": "way/363869966", "levels": null, "height": null, "name": null, "type": "yes" }, "geometry": { "type": "Polygon", "coordinates": [ [ [ 80.2104245, 13.1292005 ], [ 80.2104088, 13.1292555 ], [ 80.2104993, 13.12928 ], [ 80.210515, 13.129225 ], [ 80.2104245, 13.1292005 ] ] ] } },
{ "type": "Feature", "properties": { "osm_id": "way/363911343", "levels": null, "height": null, "name": null, "type": "yes" }, "geometry": { "type": "Polygon", "coordinates": [ [ [ 80.2174368, 13.1283918 ], [ 80.2175379, 13.1283903 ], [ 80.2175366, 13.1283003 ], [ 80.2174725, 13.1283012 ], [ 80.217436, 13.1283386 ], [ 80.2174368, 13.1283918 ] ] ] } },
{ "type": "Feature", "properties": { "osm_id": "way/363911354", "levels": null, "height": null, "name": null, "type": "yes" }, "geometry": { "type": "Polygon", "coordinates": [ [ [ 80.2172706, 13.128685 ], [ 80.21727, 13.1287432 ], [ 80.2173661, 13.1287441 ], [ 80.2173667, 13.1286859 ], [ 80.2172706, 13.128685 ] ] ] } },
{ "type": "Feature", "properties": { "osm_id": "way/363911444", "levels": null, "height": null, "name": null, "type": "yes" }, "geometry": { "type": "Polygon", "coordinates": [ [ [ 80.2175367, 13.1291423 ], [ 80.2175373, 13.1292094 ], [ 80.217639, 13.1292085 ], [ 80.2176384, 13.1291414 ], [ 80.2175367, 13.1291423 ] ] ] } },
{ "type": "Feature", "properties": { "osm_id": "way/363911445", "levels": null, "height": null, "name": null, "type": "yes" }, "geometry": { "type": "Polygon", "coordinates": [ [ [ 80.2155541, 13.1295088 ], [ 80.2155589, 13.1295626 ], [ 80.2156662, 13.1295535 ], [ 80.2156614, 13.1294997 ], [ 80.2155541, 13.1295088 ] ] ] } },
{ "type": "Feature", "properties": { "osm_id": "way/363911456", "levels": null, "height": null, "name": null, "type": "yes" }, "geometry": { "type": "Polygon", "coordinates": [ [ [ 80.2178398, 13.1283623 ], [ 80.2178429, 13.1284168 ], [ 80.21798, 13.1284096 ], [ 80.217977, 13.1283551 ], [ 80.2178398, 13.1283623 ] ] ] } },
{ "type": "Feature", "properties": { "osm_id": "way/363911459", "levels": null, "height": null, "name": null, "type": "yes" }, "geometry": { "type": "Polygon", "coordinates": [ [ [ 80.2145469, 13.1293851 ], [ 80.2145013, 13.1294272 ], [ 80.2145834, 13.1295117 ], [ 80.214629, 13.1294696 ], [ 80.2145469, 13.1293851 ] ] ] } },
{ "type": "Feature", "properties": { "osm_id": "way/363911527", "levels": null, "height": null, "name": null, "type": "yes" }, "geometry": { "type": "Polygon", "coordinates": [ [ [ 80.2061447, 13.1300578 ], [ 80.2062211, 13.1300441 ], [ 80.2062072, 13.1299706 ], [ 80.2061309, 13.1299842 ], [ 80.2061447, 13.1300578 ] ] ] } },
{ "type": "Feature", "properties": { "osm_id": "way/363911581", "levels": null, "height": null, "name": null, "type": "yes" }, "geometry": { "type": "Polygon", "coordinates": [ [ [ 80.2178821, 13.1293943 ], [ 80.2178802, 13.1294521 ], [ 80.2179689, 13.1294548 ], [ 80.2179708, 13.1293971 ], [ 80.2178821, 13.1293943 ] ] ] } },
{ "type": "Feature", "properties": { "osm_id": "way/363911591", "levels": null, "height": null, "name": null, "type": "yes" }, "geometry": { "type": "Polygon", "coordinates": [ [ [ 80.2162761, 13.12985 ], [ 80.2162814, 13.1297382 ], [ 80.2162139, 13.1297352 ], [ 80.2162086, 13.1298469 ], [ 80.2162761, 13.12985 ] ] ] } },
{ "type": "Feature", "properties": { "osm_id": "way/363911624", "levels": null, "height": null, "name": null, "type": "yes" }, "geometry": { "type": "Polygon", "coordinates": [ [ [ 80.2152589, 13.1294606 ], [ 80.2153579, 13.1293771 ], [ 80.2152456, 13.1292509 ], [ 80.2151466, 13.1293344 ], [ 80.2152589, 13.1294606 ] ] ] } },
{ "type": "Feature", "properties": { "osm_id": "way/363911632", "levels": null, "height": null, "name": null, "type": "yes" }, "geometry": { "type": "Polygon", "coordinates": [ [ [ 80.2075004, 13.1298888 ], [ 80.2076254, 13.1298665 ], [ 80.207618, 13.129827 ], [ 80.207493, 13.1298493 ], [ 80.2075004, 13.1298888 ] ] ] } },
{ "type": "Feature", "properties": { "osm_id": "way/363911642", "levels": null, "height": null, "name": null, "type": "yes" }, "geometry": { "type": "Polygon", "coordinates": [ [ [ 80.2154667, 13.1300652 ], [ 80.2155406, 13.1300421 ], [ 80.2155151, 13.1299649 ], [ 80.2154412, 13.129988 ], [ 80.2154667, 13.1300652 ] ] ] } },
{ "type": "Feature", "properties": { "osm_id": "way/363911653", "levels": null, "height": null, "name": null, "type": "yes" }, "geometry": { "type": "Polygon", "coordinates": [ [ [ 80.2074668, 13.1294917 ], [ 80.2075341, 13.1294797 ], [ 80.2075256, 13.1294345 ], [ 80.2074583, 13.1294465 ], [ 80.2074668, 13.1294917 ] ] ] } },
{ "type": "Feature", "properties": { "osm_id": "way/363911654", "levels": null, "height": null, "name": null, "type": "yes" }, "geometry": { "type": "Polygon", "coordinates": [ [ [ 80.2178833, 13.1294837 ], [ 80.2178812, 13.1295534 ], [ 80.2179782, 13.1295561 ], [ 80.2179803, 13.1294864 ], [ 80.2178833, 13.1294837 ] ] ] } },
{ "type": "Feature", "properties": { "osm_id": "way/363911679", "levels": null, "height": null, "name": null, "type": "yes" }, "geometry": { "type": "Polygon", "coordinates": [ [ [ 80.2175207, 13.1299632 ], [ 80.2175207, 13.1300429 ], [ 80.2176131, 13.1300429 ], [ 80.2176131, 13.1299632 ], [ 80.2175207, 13.1299632 ] ] ] } },
{ "type": "Feature", "properties": { "osm_id": "way/363911687", "levels": null, "height": null, "name": null, "type": "yes" }, "geometry": { "type": "Polygon", "coordinates": [ [ [ 80.2155822, 13.1295967 ], [ 80.215584, 13.1296563 ], [ 80.2157473, 13.1296518 ], [ 80.2157455, 13.1295922 ], [ 80.2155822, 13.1295967 ] ] ] } },
{ "type": "Feature", "properties": { "osm_id": "way/363911700", "levels": null, "height": null, "name": null, "type": "yes" }, "geometry": { "type": "Polygon", "coordinates": [ [ [ 80.2163599, 13.1296392 ], [ 80.2163623, 13.1297124 ], [ 80.2164236, 13.1297105 ], [ 80.2164212, 13.1296373 ], [ 80.2163599, 13.1296392 ] ] ] } },
{ "type": "Feature", "properties": { "osm_id": "way/363911749", "levels": null, "height": null, "name": null, "type": "yes" }, "geometry": { "type": "Polygon", "coordinates": [ [ [ 80.2072196, 13.1300396 ], [ 80.2074095, 13.1300057 ], [ 80.2073931, 13.1299188 ], [ 80.2072032, 13.1299527 ], [ 80.2072196, 13.1300396 ] ] ] } },
{ "type": "Feature", "properties": { "osm_id": "way/363911762", "levels": null, "height": null, "name": null, "type": "yes" }, "geometry": { "type": "Polygon", "coordinates": [ [ [ 80.2173741, 13.1299854 ], [ 80.2173741, 13.1300462 ], [ 80.2174385, 13.1300462 ], [ 80.2174385, 13.1299854 ], [ 80.2173741, 13.1299854 ] ] ] } },
{ "type": "Feature", "properties": { "osm_id": "way/364629267", "levels": null, "height": null, "name": null, "type": "yes" }, "geometry": { "type": "Polygon", "coordinates": [ [ [ 80.214382, 13.1289652 ], [ 80.2143648, 13.1291186 ], [ 80.214462, 13.1291289 ], [ 80.2144604, 13.1291427 ], [ 80.2145262, 13.1291497 ], [ 80.2145277, 13.1291359 ], [ 80.214573, 13.1291407 ], [ 80.2145902, 13.1289873 ], [ 80.214382, 13.1289652 ] ] ] } },
{ "type": "Feature", "properties": { "osm_id": "way/367982667", "levels": null, "height": null, "name": null, "type": "yes" }, "geometry": { "type": "Polygon", "coordinates": [ [ [ 80.2052119, 13.1294535 ], [ 80.2053603, 13.1294515 ], [ 80.2053582, 13.1293034 ], [ 80.2052098, 13.1293053 ], [ 80.2052119, 13.1294535 ] ] ] } },
{ "type": "Feature", "properties": { "osm_id": "way/367982669", "levels": null, "height": null, "name": null, "type": "yes" }, "geometry": { "type": "Polygon", "coordinates": [ [ [ 80.2053684, 13.1294418 ], [ 80.2054676, 13.1294403 ], [ 80.2054654, 13.1293014 ], [ 80.2053662, 13.1293029 ], [ 80.2053684, 13.1294418 ] ] ] } },
{ "type": "Feature", "properties": { "osm_id": "way/368403184", "levels": null, "height": null, "name": null, "type": "yes" }, "geometry": { "type": "Polygon", "coordinates": [ [ [ 80.2053397, 13.1282043 ], [ 80.2053361, 13.1283117 ], [ 80.2054235, 13.1283144 ], [ 80.205427, 13.128207 ], [ 80.2053397, 13.1282043 ] ] ] } },
{ "type": "Feature", "properties": { "osm_id": "way/368403186", "levels": null, "height": null, "name": null, "type": "yes" }, "geometry": { "type": "Polygon", "coordinates": [ [ [ 80.2049074, 13.1278821 ], [ 80.20504, 13.1278684 ], [ 80.2050317, 13.127791 ], [ 80.204899, 13.1278047 ], [ 80.2049074, 13.1278821 ] ] ] } },
{ "type": "Feature", "properties": { "osm_id": "way/368403187", "levels": null, "height": null, "name": null, "type": "yes" }, "geometry": { "type": "Polygon", "coordinates": [ [ [ 80.2094662, 13.1283545 ], [ 80.2095488, 13.1283635 ], [ 80.2095584, 13.1282801 ], [ 80.2094758, 13.1282711 ], [ 80.2094662, 13.1283545 ] ] ] } },
{ "type": "Feature", "properties": { "osm_id": "way/368403189", "levels": null, "height": null, "name": null, "type": "yes" }, "geometry": { "type": "Polygon", "coordinates": [ [ [ 80.2068907, 13.1274747 ], [ 80.2070205, 13.1274747 ], [ 80.2070205, 13.1273955 ], [ 80.2068907, 13.1273955 ], [ 80.2068907, 13.1274747 ] ] ] } },
{ "type": "Feature", "properties": { "osm_id": "way/368403193", "levels": null, "height": null, "name": null, "type": "yes" }, "geometry": { "type": "Polygon", "coordinates": [ [ [ 80.2059641, 13.1267126 ], [ 80.206055, 13.1267256 ], [ 80.2060751, 13.1265918 ], [ 80.2059842, 13.1265788 ], [ 80.2059641, 13.1267126 ] ] ] } },
{ "type": "Feature", "properties": { "osm_id": "way/368403194", "levels": null, "height": null, "name": null, "type": "yes" }, "geometry": { "type": "Polygon", "coordinates": [ [ [ 80.2075068, 13.1281049 ], [ 80.207598, 13.1281073 ], [ 80.2075998, 13.128039 ], [ 80.2075087, 13.1280367 ], [ 80.2075068, 13.1281049 ] ] ] } },
{ "type": "Feature", "properties": { "osm_id": "way/368403195", "levels": null, "height": null, "name": null, "type": "yes" }, "geometry": { "type": "Polygon", "coordinates": [ [ [ 80.2078717, 13.1283633 ], [ 80.207984, 13.1283684 ], [ 80.2079883, 13.1282801 ], [ 80.207876, 13.128275 ], [ 80.2078717, 13.1283633 ] ] ] } },
{ "type": "Feature", "properties": { "osm_id": "way/368403200", "levels": null, "height": null, "name": null, "type": "yes" }, "geometry": { "type": "Polygon", "coordinates": [ [ [ 80.2052233, 13.1282763 ], [ 80.205298, 13.1282763 ], [ 80.205298, 13.1282006 ], [ 80.2052233, 13.1282006 ], [ 80.2052233, 13.1282763 ] ] ] } },
{ "type": "Feature", "properties": { "osm_id": "way/368403201", "levels": null, "height": null, "name": null, "type": "yes" }, "geometry": { "type": "Polygon", "coordinates": [ [ [ 80.2057573, 13.1280631 ], [ 80.2057492, 13.1281276 ], [ 80.2058259, 13.1281367 ], [ 80.2058339, 13.1280722 ], [ 80.2057573, 13.1280631 ] ] ] } },
{ "type": "Feature", "properties": { "osm_id": "way/368403202", "levels": null, "height": null, "name": null, "type": "yes" }, "geometry": { "type": "Polygon", "coordinates": [ [ [ 80.2077171, 13.1274219 ], [ 80.2077891, 13.127426 ], [ 80.2077934, 13.1273536 ], [ 80.2077214, 13.1273495 ], [ 80.2077171, 13.1274219 ] ] ] } },
{ "type": "Feature", "properties": { "osm_id": "way/368403204", "levels": null, "height": null, "name": null, "type": "yes" }, "geometry": { "type": "Polygon", "coordinates": [ [ [ 80.2096103, 13.1283763 ], [ 80.2096727, 13.1283799 ], [ 80.2096819, 13.1282254 ], [ 80.2096195, 13.1282219 ], [ 80.2096103, 13.1283763 ] ] ] } },
{ "type": "Feature", "properties": { "osm_id": "way/368403211", "levels": null, "height": null, "name": null, "type": "yes" }, "geometry": { "type": "Polygon", "coordinates": [ [ [ 80.2085753, 13.1282856 ], [ 80.2086983, 13.1283036 ], [ 80.2087199, 13.1281637 ], [ 80.208597, 13.1281457 ], [ 80.2085753, 13.1282856 ] ] ] } },
{ "type": "Feature", "properties": { "osm_id": "way/368403213", "levels": null, "height": null, "name": null, "type": "yes" }, "geometry": { "type": "Polygon", "coordinates": [ [ [ 80.2085826, 13.1282971 ], [ 80.2085749, 13.1283435 ], [ 80.2086885, 13.1283616 ], [ 80.2086963, 13.1283152 ], [ 80.2085826, 13.1282971 ] ] ] } },
{ "type": "Feature", "properties": { "osm_id": "way/368403214", "levels": null, "height": null, "name": null, "type": "yes" }, "geometry": { "type": "Polygon", "coordinates": [ [ [ 80.2094287, 13.1279862 ], [ 80.2094784, 13.1279999 ], [ 80.2094943, 13.1279452 ], [ 80.2094445, 13.1279315 ], [ 80.2094287, 13.1279862 ] ] ] } },
{ "type": "Feature", "properties": { "osm_id": "way/368403215", "levels": null, "height": null, "name": null, "type": "yes" }, "geometry": { "type": "Polygon", "coordinates": [ [ [ 80.206085, 13.1265722 ], [ 80.206141, 13.1265756 ], [ 80.2061461, 13.1264946 ], [ 80.2060902, 13.1264912 ], [ 80.206085, 13.1265722 ] ] ] } },
{ "type": "Feature", "properties": { "osm_id": "way/368403218", "levels": null, "height": null, "name": null, "type": "yes" }, "geometry": { "type": "Polygon", "coordinates": [ [ [ 80.2055566, 13.128105 ], [ 80.2056142, 13.1281071 ], [ 80.205617, 13.1280343 ], [ 80.2055594, 13.1280322 ], [ 80.2055566, 13.128105 ] ] ] } },
{ "type": "Feature", "properties": { "osm_id": "way/368403220", "levels": null, "height": null, "name": null, "type": "yes" }, "geometry": { "type": "Polygon", "coordinates": [ [ [ 80.2080967, 13.1278886 ], [ 80.2083172, 13.1279256 ], [ 80.208331, 13.1278474 ], [ 80.2081105, 13.1278105 ], [ 80.2080967, 13.1278886 ] ] ] } },
{ "type": "Feature", "properties": { "osm_id": "way/368403222", "levels": null, "height": null, "name": null, "type": "yes" }, "geometry": { "type": "Polygon", "coordinates": [ [ [ 80.20873, 13.1281646 ], [ 80.2087082, 13.1282909 ], [ 80.2087987, 13.1283057 ], [ 80.2088205, 13.1281794 ], [ 80.20873, 13.1281646 ] ] ] } },
{ "type": "Feature", "properties": { "osm_id": "way/368403224", "levels": null, "height": null, "name": null, "type": "yes" }, "geometry": { "type": "Polygon", "coordinates": [ [ [ 80.207512, 13.1279502 ], [ 80.207619, 13.1279498 ], [ 80.2076186, 13.1278641 ], [ 80.2075116, 13.1278646 ], [ 80.207512, 13.1279502 ] ] ] } },
{ "type": "Feature", "properties": { "osm_id": "way/368403226", "levels": null, "height": null, "name": null, "type": "yes" }, "geometry": { "type": "Polygon", "coordinates": [ [ [ 80.2078281, 13.1283659 ], [ 80.2078665, 13.128367 ], [ 80.2078698, 13.1282582 ], [ 80.2078314, 13.1282571 ], [ 80.2078281, 13.1283659 ] ] ] } },
{ "type": "Feature", "properties": { "osm_id": "way/368403229", "levels": null, "height": null, "name": null, "type": "yes" }, "geometry": { "type": "Polygon", "coordinates": [ [ [ 80.2087559, 13.1278154 ], [ 80.2087461, 13.1278991 ], [ 80.2088242, 13.1279078 ], [ 80.208834, 13.1278241 ], [ 80.2087559, 13.1278154 ] ] ] } },
{ "type": "Feature", "properties": { "osm_id": "way/368403230", "levels": null, "height": null, "name": null, "type": "yes" }, "geometry": { "type": "Polygon", "coordinates": [ [ [ 80.2056216, 13.128121 ], [ 80.2056729, 13.1281225 ], [ 80.2056761, 13.1280151 ], [ 80.2056248, 13.1280136 ], [ 80.2056216, 13.128121 ] ] ] } },
{ "type": "Feature", "properties": { "osm_id": "way/368403231", "levels": null, "height": null, "name": null, "type": "yes" }, "geometry": { "type": "Polygon", "coordinates": [ [ [ 80.2081256, 13.1275269 ], [ 80.2083225, 13.1275436 ], [ 80.2083301, 13.1274588 ], [ 80.2081332, 13.1274421 ], [ 80.2081256, 13.1275269 ] ] ] } },
{ "type": "Feature", "properties": { "osm_id": "way/368403232", "levels": null, "height": null, "name": null, "type": "yes" }, "geometry": { "type": "Polygon", "coordinates": [ [ [ 80.2075111, 13.1280207 ], [ 80.2076157, 13.1280207 ], [ 80.2076157, 13.1279584 ], [ 80.2075111, 13.1279584 ], [ 80.2075111, 13.1280207 ] ] ] } },
{ "type": "Feature", "properties": { "osm_id": "way/368403239", "levels": null, "height": null, "name": null, "type": "yes" }, "geometry": { "type": "Polygon", "coordinates": [ [ [ 80.2065715, 13.1274933 ], [ 80.206637, 13.1274933 ], [ 80.206637, 13.1273559 ], [ 80.2065715, 13.1273559 ], [ 80.2065715, 13.1274933 ] ] ] } },
{ "type": "Feature", "properties": { "osm_id": "way/368403244", "levels": null, "height": null, "name": null, "type": "yes" }, "geometry": { "type": "Polygon", "coordinates": [ [ [ 80.2093309, 13.1278833 ], [ 80.2093201, 13.1279761 ], [ 80.2094192, 13.127987 ], [ 80.20943, 13.1278942 ], [ 80.2093309, 13.1278833 ] ] ] } },
{ "type": "Feature", "properties": { "osm_id": "way/368403254", "levels": null, "height": null, "name": null, "type": "yes" }, "geometry": { "type": "Polygon", "coordinates": [ [ [ 80.2060818, 13.1267185 ], [ 80.2061159, 13.1267203 ], [ 80.2061151, 13.1267353 ], [ 80.2061861, 13.126739 ], [ 80.206193, 13.1266106 ], [ 80.2060879, 13.1266052 ], [ 80.2060818, 13.1267185 ] ] ] } },
{ "type": "Feature", "properties": { "osm_id": "way/368444679", "levels": null, "height": null, "name": null, "type": "yes" }, "geometry": { "type": "Polygon", "coordinates": [ [ [ 80.2149667, 13.1212336 ], [ 80.215056, 13.1212352 ], [ 80.2150558, 13.1212453 ], [ 80.2151537, 13.1212471 ], [ 80.2151565, 13.1211061 ], [ 80.2150586, 13.1211042 ], [ 80.2150581, 13.1211256 ], [ 80.2150267, 13.121125 ], [ 80.2150262, 13.1211489 ], [ 80.2149684, 13.1211478 ], [ 80.2149667, 13.1212336 ] ] ] } },
{ "type": "Feature", "properties": { "osm_id": "way/368444680", "levels": null, "height": null, "name": null, "type": "yes" }, "geometry": { "type": "Polygon", "coordinates": [ [ [ 80.2154437, 13.1209283 ], [ 80.2154174, 13.1209278 ], [ 80.2154146, 13.1210713 ], [ 80.2154593, 13.1210721 ], [ 80.2154599, 13.1210424 ], [ 80.2154856, 13.1210429 ], [ 80.2154849, 13.1210776 ], [ 80.215524, 13.1210784 ], [ 80.215527, 13.1209232 ], [ 80.2154438, 13.1209216 ], [ 80.2154437, 13.1209283 ] ] ] } },
{ "type": "Feature", "properties": { "osm_id": "way/368444683", "levels": null, "height": null, "name": null, "type": "yes" }, "geometry": { "type": "Polygon", "coordinates": [ [ [ 80.2171183, 13.1205767 ], [ 80.2171187, 13.1206086 ], [ 80.2171273, 13.1206085 ], [ 80.2171276, 13.1206343 ], [ 80.2172168, 13.1206333 ], [ 80.2172151, 13.1204918 ], [ 80.217126, 13.1204928 ], [ 80.2171262, 13.1205142 ], [ 80.2171176, 13.1205143 ], [ 80.2171179, 13.1205427 ], [ 80.2171127, 13.1205428 ], [ 80.217113, 13.1205767 ], [ 80.2171183, 13.1205767 ] ] ] } },
{ "type": "Feature", "properties": { "osm_id": "way/368444685", "levels": null, "height": null, "name": null, "type": "yes" }, "geometry": { "type": "Polygon", "coordinates": [ [ [ 80.2169112, 13.1205619 ], [ 80.2169045, 13.1205619 ], [ 80.2169048, 13.120584 ], [ 80.2169115, 13.1205839 ], [ 80.2169122, 13.1206487 ], [ 80.2170014, 13.1206477 ], [ 80.2170007, 13.1205795 ], [ 80.2170077, 13.1205795 ], [ 80.217007, 13.1205176 ], [ 80.2169999, 13.1205177 ], [ 80.2169995, 13.1204759 ], [ 80.2169102, 13.1204769 ], [ 80.2169112, 13.1205619 ] ] ] } },
{ "type": "Feature", "properties": { "osm_id": "way/368444687", "levels": null, "height": null, "name": null, "type": "yes" }, "geometry": { "type": "Polygon", "coordinates": [ [ [ 80.2156205, 13.1218524 ], [ 80.21562, 13.1218916 ], [ 80.2156344, 13.1218917 ], [ 80.2156342, 13.1219037 ], [ 80.2156587, 13.121904 ], [ 80.2156585, 13.1219196 ], [ 80.2156948, 13.1219201 ], [ 80.215695, 13.1219044 ], [ 80.2157053, 13.1219046 ], [ 80.2157057, 13.1218759 ], [ 80.2157021, 13.1218759 ], [ 80.2157025, 13.1218468 ], [ 80.2156958, 13.1218467 ], [ 80.2156966, 13.1217847 ], [ 80.2156214, 13.1217838 ], [ 80.2156209, 13.1218197 ], [ 80.2156102, 13.1218196 ], [ 80.2156097, 13.1218523 ], [ 80.2156205, 13.1218524 ] ] ] } },
{ "type": "Feature", "properties": { "osm_id": "way/368444688", "levels": null, "height": null, "name": null, "type": "yes" }, "geometry": { "type": "Polygon", "coordinates": [ [ [ 80.214297, 13.1223748 ], [ 80.2142888, 13.1223747 ], [ 80.2142882, 13.1224329 ], [ 80.2142965, 13.122433 ], [ 80.2142961, 13.1224676 ], [ 80.2143731, 13.1224684 ], [ 80.2143728, 13.1225017 ], [ 80.2144046, 13.122502 ], [ 80.2144047, 13.1224896 ], [ 80.2144484, 13.12249 ], [ 80.2144486, 13.1224691 ], [ 80.2144601, 13.1224692 ], [ 80.2144603, 13.1224457 ], [ 80.2144666, 13.1224458 ], [ 80.2144673, 13.1223765 ], [ 80.214461, 13.1223764 ], [ 80.2144613, 13.1223512 ], [ 80.2144486, 13.122351 ], [ 80.2144487, 13.122337 ], [ 80.2143895, 13.1223364 ], [ 80.2143894, 13.1223505 ], [ 80.2143634, 13.1223502 ], [ 80.2143635, 13.1223376 ], [ 80.2143162, 13.1223372 ], [ 80.214316, 13.1223498 ], [ 80.2142973, 13.1223496 ], [ 80.214297, 13.1223748 ] ] ] } },
{ "type": "Feature", "properties": { "osm_id": "way/368444691", "levels": null, "height": null, "name": null, "type": "yes" }, "geometry": { "type": "Polygon", "coordinates": [ [ [ 80.214532, 13.121784 ], [ 80.2146539, 13.1217852 ], [ 80.2146549, 13.1216811 ], [ 80.2145331, 13.1216799 ], [ 80.214532, 13.121784 ] ] ] } },
{ "type": "Feature", "properties": { "osm_id": "way/368444692", "levels": null, "height": null, "name": null, "type": "yes" }, "geometry": { "type": "Polygon", "coordinates": [ [ [ 80.2143282, 13.1223268 ], [ 80.2144152, 13.1223277 ], [ 80.214416, 13.1222436 ], [ 80.214329, 13.1222427 ], [ 80.2143282, 13.1223268 ] ] ] } },
{ "type": "Feature", "properties": { "osm_id": "way/368444695", "levels": null, "height": null, "name": null, "type": "yes" }, "geometry": { "type": "Polygon", "coordinates": [ [ [ 80.2125774, 13.1208062 ], [ 80.2127246, 13.1208076 ], [ 80.2127255, 13.1207148 ], [ 80.2125784, 13.1207133 ], [ 80.2125774, 13.1208062 ] ] ] } },
{ "type": "Feature", "properties": { "osm_id": "way/368444696", "levels": null, "height": null, "name": null, "type": "yes" }, "geometry": { "type": "Polygon", "coordinates": [ [ [ 80.2176569, 13.1204851 ], [ 80.2178615, 13.1204828 ], [ 80.2178606, 13.1204041 ], [ 80.217656, 13.1204063 ], [ 80.2176569, 13.1204851 ] ] ] } },
{ "type": "Feature", "properties": { "osm_id": "way/368444697", "levels": null, "height": null, "name": null, "type": "yes" }, "geometry": { "type": "Polygon", "coordinates": [ [ [ 80.2143133, 13.1219629 ], [ 80.2144826, 13.1219645 ], [ 80.2144831, 13.1219153 ], [ 80.2143138, 13.1219137 ], [ 80.2143133, 13.1219629 ] ] ] } },
{ "type": "Feature", "properties": { "osm_id": "way/368444698", "levels": null, "height": null, "name": null, "type": "yes" }, "geometry": { "type": "Polygon", "coordinates": [ [ [ 80.2132057, 13.1206705 ], [ 80.2133339, 13.1206725 ], [ 80.2133365, 13.1205186 ], [ 80.2132083, 13.1205166 ], [ 80.2132057, 13.1206705 ] ] ] } },
{ "type": "Feature", "properties": { "osm_id": "way/368444699", "levels": null, "height": null, "name": null, "type": "yes" }, "geometry": { "type": "Polygon", "coordinates": [ [ [ 80.2167078, 13.1208035 ], [ 80.2167864, 13.1208026 ], [ 80.2167853, 13.1207059 ], [ 80.2167067, 13.1207068 ], [ 80.2167078, 13.1208035 ] ] ] } },
{ "type": "Feature", "properties": { "osm_id": "way/368444701", "levels": null, "height": null, "name": null, "type": "yes" }, "geometry": { "type": "Polygon", "coordinates": [ [ [ 80.2158383, 13.1219171 ], [ 80.2159674, 13.1219187 ], [ 80.2159682, 13.1218538 ], [ 80.2158392, 13.1218522 ], [ 80.2158383, 13.1219171 ] ] ] } },
{ "type": "Feature", "properties": { "osm_id": "way/368444704", "levels": null, "height": null, "name": null, "type": "yes" }, "geometry": { "type": "Polygon", "coordinates": [ [ [ 80.2144336, 13.121905 ], [ 80.2145105, 13.1219057 ], [ 80.2145116, 13.1218033 ], [ 80.2144346, 13.1218026 ], [ 80.2144336, 13.121905 ] ] ] } },
{ "type": "Feature", "properties": { "osm_id": "way/368444707", "levels": null, "height": null, "name": null, "type": "yes" }, "geometry": { "type": "Polygon", "coordinates": [ [ [ 80.215075, 13.1210543 ], [ 80.2151465, 13.1210555 ], [ 80.2151484, 13.1209436 ], [ 80.2150769, 13.1209425 ], [ 80.215075, 13.1210543 ] ] ] } },
{ "type": "Feature", "properties": { "osm_id": "way/368444708", "levels": null, "height": null, "name": null, "type": "yes" }, "geometry": { "type": "Polygon", "coordinates": [ [ [ 80.2170075, 13.1216664 ], [ 80.2170719, 13.1216671 ], [ 80.2170729, 13.121577 ], [ 80.2170085, 13.1215763 ], [ 80.2170075, 13.1216664 ] ] ] } },
{ "type": "Feature", "properties": { "osm_id": "way/368444709", "levels": null, "height": null, "name": null, "type": "yes" }, "geometry": { "type": "Polygon", "coordinates": [ [ [ 80.2130452, 13.1211659 ], [ 80.2131353, 13.1211674 ], [ 80.213137, 13.1210649 ], [ 80.2130469, 13.1210634 ], [ 80.2130452, 13.1211659 ] ] ] } },
{ "type": "Feature", "properties": { "osm_id": "way/368444710", "levels": null, "height": null, "name": null, "type": "yes" }, "geometry": { "type": "Polygon", "coordinates": [ [ [ 80.2161054, 13.1216573 ], [ 80.2162141, 13.1216585 ], [ 80.2162147, 13.1216027 ], [ 80.216106, 13.1216015 ], [ 80.2161054, 13.1216573 ] ] ] } },
{ "type": "Feature", "properties": { "osm_id": "way/368444714", "levels": null, "height": null, "name": null, "type": "yes" }, "geometry": { "type": "Polygon", "coordinates": [ [ [ 80.2173068, 13.1216693 ], [ 80.2174007, 13.1216703 ], [ 80.2174022, 13.1215368 ], [ 80.2173084, 13.1215358 ], [ 80.2173068, 13.1216693 ] ] ] } },
{ "type": "Feature", "properties": { "osm_id": "way/368444716", "levels": null, "height": null, "name": null, "type": "yes" }, "geometry": { "type": "Polygon", "coordinates": [ [ [ 80.2123644, 13.1211223 ], [ 80.212507, 13.1211246 ], [ 80.2125085, 13.1210348 ], [ 80.2123659, 13.1210325 ], [ 80.2123644, 13.1211223 ] ] ] } },
{ "type": "Feature", "properties": { "osm_id": "way/368444717", "levels": null, "height": null, "name": null, "type": "yes" }, "geometry": { "type": "Polygon", "coordinates": [ [ [ 80.2148315, 13.1210927 ], [ 80.2149483, 13.1210946 ], [ 80.2149497, 13.1210131 ], [ 80.2148329, 13.1210112 ], [ 80.2148315, 13.1210927 ] ] ] } },
{ "type": "Feature", "properties": { "osm_id": "way/368444718", "levels": null, "height": null, "name": null, "type": "yes" }, "geometry": { "type": "Polygon", "coordinates": [ [ [ 80.2150076, 13.1210704 ], [ 80.2150713, 13.1210714 ], [ 80.2150737, 13.1209269 ], [ 80.2150101, 13.1209259 ], [ 80.2150076, 13.1210704 ] ] ] } },
{ "type": "Feature", "properties": { "osm_id": "way/368444719", "levels": null, "height": null, "name": null, "type": "yes" }, "geometry": { "type": "Polygon", "coordinates": [ [ [ 80.2167463, 13.121473 ], [ 80.2168268, 13.1214739 ], [ 80.2168281, 13.1213661 ], [ 80.2167476, 13.1213652 ], [ 80.2167463, 13.121473 ] ] ] } },
{ "type": "Feature", "properties": { "osm_id": "way/368444720", "levels": null, "height": null, "name": null, "type": "yes" }, "geometry": { "type": "Polygon", "coordinates": [ [ [ 80.2146203, 13.1209496 ], [ 80.2147171, 13.1209511 ], [ 80.2147181, 13.1208942 ], [ 80.2146212, 13.1208927 ], [ 80.2146203, 13.1209496 ] ] ] } },
{ "type": "Feature", "properties": { "osm_id": "way/368444721", "levels": null, "height": null, "name": null, "type": "yes" }, "geometry": { "type": "Polygon", "coordinates": [ [ [ 80.2152957, 13.1212504 ], [ 80.2153889, 13.1212521 ], [ 80.2153919, 13.1210984 ], [ 80.2152987, 13.1210967 ], [ 80.2152957, 13.1212504 ] ] ] } },
{ "type": "Feature", "properties": { "osm_id": "way/368444723", "levels": null, "height": null, "name": null, "type": "yes" }, "geometry": { "type": "Polygon", "coordinates": [ [ [ 80.2134633, 13.1208896 ], [ 80.2135478, 13.1208909 ], [ 80.2135512, 13.120693 ], [ 80.2134666, 13.1206917 ], [ 80.2134633, 13.1208896 ] ] ] } },
{ "type": "Feature", "properties": { "osm_id": "way/368444724", "levels": null, "height": null, "name": null, "type": "yes" }, "geometry": { "type": "Polygon", "coordinates": [ [ [ 80.2168509, 13.121631 ], [ 80.216948, 13.1216321 ], [ 80.2169494, 13.1215171 ], [ 80.2168522, 13.1215161 ], [ 80.2168509, 13.121631 ] ] ] } },
{ "type": "Feature", "properties": { "osm_id": "way/368444725", "levels": null, "height": null, "name": null, "type": "yes" }, "geometry": { "type": "Polygon", "coordinates": [ [ [ 80.2171932, 13.1216658 ], [ 80.2173043, 13.121667 ], [ 80.2173055, 13.1215589 ], [ 80.2171944, 13.1215577 ], [ 80.2171932, 13.1216658 ] ] ] } },
{ "type": "Feature", "properties": { "osm_id": "way/368444726", "levels": null, "height": null, "name": null, "type": "yes" }, "geometry": { "type": "Polygon", "coordinates": [ [ [ 80.2145313, 13.1210435 ], [ 80.2146299, 13.121045 ], [ 80.2146313, 13.1209611 ], [ 80.2145327, 13.1209595 ], [ 80.2145313, 13.1210435 ] ] ] } },
{ "type": "Feature", "properties": { "osm_id": "way/368444727", "levels": null, "height": null, "name": null, "type": "yes" }, "geometry": { "type": "Polygon", "coordinates": [ [ [ 80.2131529, 13.1211653 ], [ 80.2132321, 13.1211665 ], [ 80.2132348, 13.1210025 ], [ 80.2131556, 13.1210012 ], [ 80.2131529, 13.1211653 ] ] ] } },
{ "type": "Feature", "properties": { "osm_id": "way/368444728", "levels": null, "height": null, "name": null, "type": "yes" }, "geometry": { "type": "Polygon", "coordinates": [ [ [ 80.2174069, 13.1215684 ], [ 80.2174059, 13.1216504 ], [ 80.2174921, 13.1216514 ], [ 80.2174931, 13.1215693 ], [ 80.2174069, 13.1215684 ] ] ] } },
{ "type": "Feature", "properties": { "osm_id": "way/368444729", "levels": null, "height": null, "name": null, "type": "yes" }, "geometry": { "type": "Polygon", "coordinates": [ [ [ 80.2129483, 13.1213859 ], [ 80.2130293, 13.1213872 ], [ 80.2130324, 13.1212038 ], [ 80.2129514, 13.1212026 ], [ 80.2129483, 13.1213859 ] ] ] } },
{ "type": "Feature", "properties": { "osm_id": "way/368444730", "levels": null, "height": null, "name": null, "type": "yes" }, "geometry": { "type": "Polygon", "coordinates": [ [ [ 80.2166356, 13.1214316 ], [ 80.2167225, 13.1214325 ], [ 80.2167234, 13.1213501 ], [ 80.2166365, 13.1213492 ], [ 80.2166356, 13.1214316 ] ] ] } },
{ "type": "Feature", "properties": { "osm_id": "way/368444731", "levels": null, "height": null, "name": null, "type": "yes" }, "geometry": { "type": "Polygon", "coordinates": [ [ [ 80.2174429, 13.1206682 ], [ 80.2175358, 13.1206672 ], [ 80.2175345, 13.1205494 ], [ 80.2174415, 13.1205505 ], [ 80.2174429, 13.1206682 ] ] ] } },
{ "type": "Feature", "properties": { "osm_id": "way/368444732", "levels": null, "height": null, "name": null, "type": "yes" }, "geometry": { "type": "Polygon", "coordinates": [ [ [ 80.2178662, 13.1207208 ], [ 80.2179505, 13.1207198 ], [ 80.2179494, 13.1206188 ], [ 80.217865, 13.1206198 ], [ 80.2178662, 13.1207208 ] ] ] } },
{ "type": "Feature", "properties": { "osm_id": "way/368444733", "levels": null, "height": null, "name": null, "type": "yes" }, "geometry": { "type": "Polygon", "coordinates": [ [ [ 80.2140552, 13.122363 ], [ 80.2141289, 13.1223637 ], [ 80.2141299, 13.1222684 ], [ 80.2140562, 13.1222677 ], [ 80.2140552, 13.122363 ] ] ] } },
{ "type": "Feature", "properties": { "osm_id": "way/368444734", "levels": null, "height": null, "name": null, "type": "yes" }, "geometry": { "type": "Polygon", "coordinates": [ [ [ 80.2143361, 13.1222213 ], [ 80.2144311, 13.1222222 ], [ 80.2144319, 13.1221462 ], [ 80.2143369, 13.1221453 ], [ 80.2143361, 13.1222213 ] ] ] } },
{ "type": "Feature", "properties": { "osm_id": "way/368444735", "levels": null, "height": null, "name": null, "type": "yes" }, "geometry": { "type": "Polygon", "coordinates": [ [ [ 80.2133456, 13.1208978 ], [ 80.2134514, 13.1208995 ], [ 80.213453, 13.1208041 ], [ 80.2133472, 13.1208024 ], [ 80.2133456, 13.1208978 ] ] ] } },
{ "type": "Feature", "properties": { "osm_id": "way/368444736", "levels": null, "height": null, "name": null, "type": "yes" }, "geometry": { "type": "Polygon", "coordinates": [ [ [ 80.2143027, 13.1220247 ], [ 80.2144489, 13.1220261 ], [ 80.2144494, 13.1219713 ], [ 80.2143033, 13.1219699 ], [ 80.2143027, 13.1220247 ] ] ] } },
{ "type": "Feature", "properties": { "osm_id": "way/368444737", "levels": null, "height": null, "name": null, "type": "yes" }, "geometry": { "type": "Polygon", "coordinates": [ [ [ 80.2152664, 13.1218903 ], [ 80.2153792, 13.1218917 ], [ 80.2153808, 13.1217744 ], [ 80.215268, 13.121773 ], [ 80.2152664, 13.1218903 ] ] ] } },
{ "type": "Feature", "properties": { "osm_id": "way/368444738", "levels": null, "height": null, "name": null, "type": "yes" }, "geometry": { "type": "Polygon", "coordinates": [ [ [ 80.2166236, 13.1216716 ], [ 80.2167321, 13.1216728 ], [ 80.2167339, 13.1215145 ], [ 80.2166254, 13.1215134 ], [ 80.2166236, 13.1216716 ] ] ] } },
{ "type": "Feature", "properties": { "osm_id": "way/368444740", "levels": null, "height": null, "name": null, "type": "yes" }, "geometry": { "type": "Polygon", "coordinates": [ [ [ 80.2134841, 13.1211488 ], [ 80.2135907, 13.1211505 ], [ 80.2135932, 13.1210021 ], [ 80.2134866, 13.1210004 ], [ 80.2134841, 13.1211488 ] ] ] } },
{ "type": "Feature", "properties": { "osm_id": "way/368444742", "levels": null, "height": null, "name": null, "type": "yes" }, "geometry": { "type": "Polygon", "coordinates": [ [ [ 80.2169249, 13.1208076 ], [ 80.2170234, 13.1208065 ], [ 80.2170221, 13.1206879 ], [ 80.2169236, 13.120689 ], [ 80.2169249, 13.1208076 ] ] ] } },
{ "type": "Feature", "properties": { "osm_id": "way/368444743", "levels": null, "height": null, "name": null, "type": "yes" }, "geometry": { "type": "Polygon", "coordinates": [ [ [ 80.2145261, 13.1218992 ], [ 80.2147081, 13.1219009 ], [ 80.2147091, 13.121795 ], [ 80.2145272, 13.1217932 ], [ 80.2145261, 13.1218992 ] ] ] } },
{ "type": "Feature", "properties": { "osm_id": "way/368444744", "levels": null, "height": null, "name": null, "type": "yes" }, "geometry": { "type": "Polygon", "coordinates": [ [ [ 80.2139025, 13.1221773 ], [ 80.2139934, 13.1221782 ], [ 80.2139945, 13.1220686 ], [ 80.2139036, 13.1220677 ], [ 80.2139025, 13.1221773 ] ] ] } },
{ "type": "Feature", "properties": { "osm_id": "way/368444745", "levels": null, "height": null, "name": null, "type": "yes" }, "geometry": { "type": "Polygon", "coordinates": [ [ [ 80.2161575, 13.1218617 ], [ 80.2162381, 13.1218626 ], [ 80.2162392, 13.1217639 ], [ 80.2161586, 13.121763 ], [ 80.2161575, 13.1218617 ] ] ] } },
{ "type": "Feature", "properties": { "osm_id": "way/368444748", "levels": null, "height": null, "name": null, "type": "yes" }, "geometry": { "type": "Polygon", "coordinates": [ [ [ 80.2160583, 13.1219713 ], [ 80.2161767, 13.1219728 ], [ 80.2161774, 13.121919 ], [ 80.216059, 13.1219175 ], [ 80.2160583, 13.1219713 ] ] ] } },
{ "type": "Feature", "properties": { "osm_id": "way/368444751", "levels": null, "height": null, "name": null, "type": "yes" }, "geometry": { "type": "Polygon", "coordinates": [ [ [ 80.216622, 13.1215099 ], [ 80.2167021, 13.1215107 ], [ 80.2167029, 13.1214411 ], [ 80.2166228, 13.1214403 ], [ 80.216622, 13.1215099 ] ] ] } },
{ "type": "Feature", "properties": { "osm_id": "way/368444752", "levels": null, "height": null, "name": null, "type": "yes" }, "geometry": { "type": "Polygon", "coordinates": [ [ [ 80.2145182, 13.1221141 ], [ 80.2146165, 13.1221151 ], [ 80.2146173, 13.122035 ], [ 80.214519, 13.1220341 ], [ 80.2145182, 13.1221141 ] ] ] } },
{ "type": "Feature", "properties": { "osm_id": "way/368444756", "levels": null, "height": null, "name": null, "type": "yes" }, "geometry": { "type": "Polygon", "coordinates": [ [ [ 80.2157517, 13.1220715 ], [ 80.2158289, 13.1220724 ], [ 80.2158307, 13.1219359 ], [ 80.2157535, 13.1219349 ], [ 80.2157517, 13.1220715 ] ] ] } },
{ "type": "Feature", "properties": { "osm_id": "way/368444757", "levels": null, "height": null, "name": null, "type": "yes" }, "geometry": { "type": "Polygon", "coordinates": [ [ [ 80.2148319, 13.1209887 ], [ 80.2149419, 13.1209904 ], [ 80.2149429, 13.1209314 ], [ 80.2148329, 13.1209296 ], [ 80.2148319, 13.1209887 ] ] ] } },
{ "type": "Feature", "properties": { "osm_id": "way/368444758", "levels": null, "height": null, "name": null, "type": "yes" }, "geometry": { "type": "Polygon", "coordinates": [ [ [ 80.2167419, 13.1216574 ], [ 80.2168465, 13.1216586 ], [ 80.2168483, 13.1215107 ], [ 80.2167436, 13.1215095 ], [ 80.2167419, 13.1216574 ] ] ] } },
{ "type": "Feature", "properties": { "osm_id": "way/368444760", "levels": null, "height": null, "name": null, "type": "yes" }, "geometry": { "type": "Polygon", "coordinates": [ [ [ 80.2160659, 13.1218399 ], [ 80.2161524, 13.1218408 ], [ 80.2161533, 13.1217639 ], [ 80.2160668, 13.1217629 ], [ 80.2160659, 13.1218399 ] ] ] } },
{ "type": "Feature", "properties": { "osm_id": "way/368444761", "levels": null, "height": null, "name": null, "type": "yes" }, "geometry": { "type": "Polygon", "coordinates": [ [ [ 80.2136031, 13.1211475 ], [ 80.213701, 13.1211491 ], [ 80.2137035, 13.1209969 ], [ 80.2136056, 13.1209953 ], [ 80.2136031, 13.1211475 ] ] ] } },
{ "type": "Feature", "properties": { "osm_id": "way/368444762", "levels": null, "height": null, "name": null, "type": "yes" }, "geometry": { "type": "Polygon", "coordinates": [ [ [ 80.2165519, 13.121422 ], [ 80.2166281, 13.1214229 ], [ 80.216629, 13.1213424 ], [ 80.2165529, 13.1213416 ], [ 80.2165519, 13.121422 ] ] ] } },
{ "type": "Feature", "properties": { "osm_id": "way/368444763", "levels": null, "height": null, "name": null, "type": "yes" }, "geometry": { "type": "Polygon", "coordinates": [ [ [ 80.2152799, 13.1210901 ], [ 80.2153952, 13.1210917 ], [ 80.2153976, 13.1209326 ], [ 80.2152823, 13.1209309 ], [ 80.2152799, 13.1210901 ] ] ] } },
{ "type": "Feature", "properties": { "osm_id": "way/368444764", "levels": null, "height": null, "name": null, "type": "yes" }, "geometry": { "type": "Polygon", "coordinates": [ [ [ 80.2127756, 13.1213756 ], [ 80.2128455, 13.1213767 ], [ 80.2128471, 13.1212823 ], [ 80.2127772, 13.1212812 ], [ 80.2127756, 13.1213756 ] ] ] } },
{ "type": "Feature", "properties": { "osm_id": "way/368444765", "levels": null, "height": null, "name": null, "type": "yes" }, "geometry": { "type": "Polygon", "coordinates": [ [ [ 80.2149544, 13.1210832 ], [ 80.214999, 13.1210839 ], [ 80.2150016, 13.1209321 ], [ 80.214957, 13.1209314 ], [ 80.2149544, 13.1210832 ] ] ] } },
{ "type": "Feature", "properties": { "osm_id": "way/368444766", "levels": null, "height": null, "name": null, "type": "yes" }, "geometry": { "type": "Polygon", "coordinates": [ [ [ 80.2131551, 13.1213609 ], [ 80.2132445, 13.1213623 ], [ 80.213247, 13.1212148 ], [ 80.2131576, 13.1212134 ], [ 80.2131551, 13.1213609 ] ] ] } },
{ "type": "Feature", "properties": { "osm_id": "way/368444767", "levels": null, "height": null, "name": null, "type": "yes" }, "geometry": { "type": "Polygon", "coordinates": [ [ [ 80.2176699, 13.1208185 ], [ 80.2177482, 13.1208177 ], [ 80.2177474, 13.1207553 ], [ 80.2176692, 13.1207562 ], [ 80.2176699, 13.1208185 ] ] ] } },
{ "type": "Feature", "properties": { "osm_id": "way/368444768", "levels": null, "height": null, "name": null, "type": "yes" }, "geometry": { "type": "Polygon", "coordinates": [ [ [ 80.2128256, 13.1208939 ], [ 80.2129167, 13.1208947 ], [ 80.2129181, 13.1207555 ], [ 80.212827, 13.1207546 ], [ 80.2128256, 13.1208939 ] ] ] } },
{ "type": "Feature", "properties": { "osm_id": "way/368444769", "levels": null, "height": null, "name": null, "type": "yes" }, "geometry": { "type": "Polygon", "coordinates": [ [ [ 80.217869, 13.1206034 ], [ 80.2179694, 13.1206023 ], [ 80.2179681, 13.1204832 ], [ 80.2178676, 13.1204843 ], [ 80.217869, 13.1206034 ] ] ] } },
{ "type": "Feature", "properties": { "osm_id": "way/368444770", "levels": null, "height": null, "name": null, "type": "yes" }, "geometry": { "type": "Polygon", "coordinates": [ [ [ 80.2168556, 13.121397 ], [ 80.2168947, 13.1213974 ], [ 80.2168954, 13.1213365 ], [ 80.2168563, 13.1213361 ], [ 80.2168556, 13.121397 ] ] ] } },
{ "type": "Feature", "properties": { "osm_id": "way/368444772", "levels": null, "height": null, "name": null, "type": "yes" }, "geometry": { "type": "Polygon", "coordinates": [ [ [ 80.2151901, 13.1212354 ], [ 80.2152602, 13.1212367 ], [ 80.215262, 13.1211421 ], [ 80.2151919, 13.1211408 ], [ 80.2151901, 13.1212354 ] ] ] } },
{ "type": "Feature", "properties": { "osm_id": "way/368444773", "levels": null, "height": null, "name": null, "type": "yes" }, "geometry": { "type": "Polygon", "coordinates": [ [ [ 80.2131848, 13.1209142 ], [ 80.213267, 13.1209155 ], [ 80.2132708, 13.1206885 ], [ 80.2131887, 13.1206872 ], [ 80.2131848, 13.1209142 ] ] ] } },
{ "type": "Feature", "properties": { "osm_id": "way/368444774", "levels": null, "height": null, "name": null, "type": "yes" }, "geometry": { "type": "Polygon", "coordinates": [ [ [ 80.2150022, 13.1223452 ], [ 80.2150977, 13.1223465 ], [ 80.2151, 13.1221786 ], [ 80.2150044, 13.1221774 ], [ 80.2150022, 13.1223452 ] ] ] } },
{ "type": "Feature", "properties": { "osm_id": "way/368444776", "levels": null, "height": null, "name": null, "type": "yes" }, "geometry": { "type": "Polygon", "coordinates": [ [ [ 80.2143179, 13.1220968 ], [ 80.2144482, 13.122098 ], [ 80.2144488, 13.1220369 ], [ 80.2143186, 13.1220357 ], [ 80.2143179, 13.1220968 ] ] ] } },
{ "type": "Feature", "properties": { "osm_id": "way/368444777", "levels": null, "height": null, "name": null, "type": "yes" }, "geometry": { "type": "Polygon", "coordinates": [ [ [ 80.2169527, 13.1216793 ], [ 80.2170049, 13.1216799 ], [ 80.2170068, 13.12151 ], [ 80.2169546, 13.1215095 ], [ 80.2169527, 13.1216793 ] ] ] } },
{ "type": "Feature", "properties": { "osm_id": "way/368444778", "levels": null, "height": null, "name": null, "type": "yes" }, "geometry": { "type": "Polygon", "coordinates": [ [ [ 80.2133844, 13.1211514 ], [ 80.2134716, 13.1211527 ], [ 80.2134736, 13.1210336 ], [ 80.2133864, 13.1210322 ], [ 80.2133844, 13.1211514 ] ] ] } },
{ "type": "Feature", "properties": { "osm_id": "way/368444779", "levels": null, "height": null, "name": null, "type": "yes" }, "geometry": { "type": "Polygon", "coordinates": [ [ [ 80.2135818, 13.1213923 ], [ 80.213687, 13.121394 ], [ 80.2136902, 13.1212066 ], [ 80.2135849, 13.121205 ], [ 80.2135818, 13.1213923 ] ] ] } },
{ "type": "Feature", "properties": { "osm_id": "way/368444780", "levels": null, "height": null, "name": null, "type": "yes" }, "geometry": { "type": "Polygon", "coordinates": [ [ [ 80.2168053, 13.1208462 ], [ 80.216919, 13.1208449 ], [ 80.216917, 13.1206737 ], [ 80.2168034, 13.120675 ], [ 80.2168053, 13.1208462 ] ] ] } },
{ "type": "Feature", "properties": { "osm_id": "way/368444781", "levels": null, "height": null, "name": null, "type": "yes" }, "geometry": { "type": "Polygon", "coordinates": [ [ [ 80.2176703, 13.1207453 ], [ 80.2177536, 13.1207444 ], [ 80.2177526, 13.1206584 ], [ 80.2176694, 13.1206593 ], [ 80.2176703, 13.1207453 ] ] ] } },
{ "type": "Feature", "properties": { "osm_id": "way/368444782", "levels": null, "height": null, "name": null, "type": "yes" }, "geometry": { "type": "Polygon", "coordinates": [ [ [ 80.212781, 13.1211474 ], [ 80.212914, 13.1211495 ], [ 80.2129151, 13.121085 ], [ 80.2127821, 13.1210829 ], [ 80.212781, 13.1211474 ] ] ] } },
{ "type": "Feature", "properties": { "osm_id": "way/368444784", "levels": null, "height": null, "name": null, "type": "yes" }, "geometry": { "type": "Polygon", "coordinates": [ [ [ 80.2158331, 13.1220938 ], [ 80.2159618, 13.1220955 ], [ 80.215964, 13.1219355 ], [ 80.2158353, 13.1219339 ], [ 80.2158331, 13.1220938 ] ] ] } },
{ "type": "Feature", "properties": { "osm_id": "way/368444785", "levels": null, "height": null, "name": null, "type": "yes" }, "geometry": { "type": "Polygon", "coordinates": [ [ [ 80.2125798, 13.1211333 ], [ 80.2126986, 13.1211351 ], [ 80.2127001, 13.1210496 ], [ 80.2125813, 13.1210477 ], [ 80.2125798, 13.1211333 ] ] ] } },
{ "type": "Feature", "properties": { "osm_id": "way/368444786", "levels": null, "height": null, "name": null, "type": "yes" }, "geometry": { "type": "Polygon", "coordinates": [ [ [ 80.2162643, 13.122025 ], [ 80.2162016, 13.1220243 ], [ 80.2162022, 13.1219789 ], [ 80.2160498, 13.1219772 ], [ 80.2160486, 13.1220793 ], [ 80.2162636, 13.1220816 ], [ 80.2162643, 13.122025 ] ] ] } },
{ "type": "Feature", "properties": { "osm_id": "way/368444788", "levels": null, "height": null, "name": null, "type": "yes" }, "geometry": { "type": "Polygon", "coordinates": [ [ [ 80.217778, 13.1216459 ], [ 80.217979, 13.1216473 ], [ 80.2179804, 13.1214535 ], [ 80.2178715, 13.1214528 ], [ 80.2178717, 13.1214291 ], [ 80.2177796, 13.1214285 ], [ 80.217778, 13.1216459 ] ] ] } },
{ "type": "Feature", "properties": { "osm_id": "way/368444790", "levels": null, "height": null, "name": null, "type": "yes" }, "geometry": { "type": "Polygon", "coordinates": [ [ [ 80.2151557, 13.1209629 ], [ 80.2151794, 13.1209633 ], [ 80.2151776, 13.1210814 ], [ 80.2152673, 13.1210827 ], [ 80.2152696, 13.1209339 ], [ 80.2151562, 13.1209322 ], [ 80.2151557, 13.1209629 ] ] ] } },
{ "type": "Feature", "properties": { "osm_id": "way/368444791", "levels": null, "height": null, "name": null, "type": "yes" }, "geometry": { "type": "Polygon", "coordinates": [ [ [ 80.2179565, 13.1208174 ], [ 80.217952, 13.1208666 ], [ 80.2180407, 13.1208682 ], [ 80.2180445, 13.1207383 ], [ 80.2179641, 13.1207348 ], [ 80.2179588, 13.1207922 ], [ 80.2179456, 13.1207923 ], [ 80.2179459, 13.1208175 ], [ 80.2179565, 13.1208174 ] ] ] } },
{ "type": "Feature", "properties": { "osm_id": "way/368444794", "levels": null, "height": null, "name": null, "type": "yes" }, "geometry": { "type": "Polygon", "coordinates": [ [ [ 80.214881, 13.1222041 ], [ 80.2148812, 13.122184 ], [ 80.2148119, 13.1221831 ], [ 80.2148099, 13.1223317 ], [ 80.2148793, 13.1223326 ], [ 80.2148793, 13.1223265 ], [ 80.2148935, 13.1223267 ], [ 80.2148951, 13.1222043 ], [ 80.214881, 13.1222041 ] ] ] } },
{ "type": "Feature", "properties": { "osm_id": "way/368446387", "levels": null, "height": null, "name": null, "type": "yes" }, "geometry": { "type": "Polygon", "coordinates": [ [ [ 80.2180262, 13.1217649 ], [ 80.2180127, 13.1217648 ], [ 80.2180129, 13.1217412 ], [ 80.2179352, 13.1217406 ], [ 80.2179342, 13.1218705 ], [ 80.2180119, 13.1218711 ], [ 80.2180122, 13.1218333 ], [ 80.2180257, 13.1218334 ], [ 80.2180254, 13.1218693 ], [ 80.2180978, 13.1218698 ], [ 80.2180988, 13.1217341 ], [ 80.2180264, 13.1217336 ], [ 80.2180262, 13.1217649 ] ] ] } },
{ "type": "Feature", "properties": { "osm_id": "way/368446390", "levels": null, "height": null, "name": null, "type": "yes" }, "geometry": { "type": "Polygon", "coordinates": [ [ [ 80.2163916, 13.1233079 ], [ 80.2164294, 13.1233093 ], [ 80.2164289, 13.1233227 ], [ 80.2163914, 13.1233213 ], [ 80.216389, 13.1233845 ], [ 80.2164804, 13.1233878 ], [ 80.2164828, 13.1233246 ], [ 80.2164494, 13.1233234 ], [ 80.2164499, 13.12331 ], [ 80.2164883, 13.1233114 ], [ 80.2164914, 13.1232294 ], [ 80.2163947, 13.1232259 ], [ 80.2163916, 13.1233079 ] ] ] } },
{ "type": "Feature", "properties": { "osm_id": "way/368446392", "levels": null, "height": null, "name": null, "type": "yes" }, "geometry": { "type": "Polygon", "coordinates": [ [ [ 80.2171618, 13.1232513 ], [ 80.217108, 13.1232509 ], [ 80.2171078, 13.1232745 ], [ 80.2171019, 13.1232744 ], [ 80.2171018, 13.1232904 ], [ 80.2170949, 13.1232903 ], [ 80.2170943, 13.1233607 ], [ 80.2171252, 13.123361 ], [ 80.217125, 13.1233795 ], [ 80.2171873, 13.12338 ], [ 80.2171882, 13.1232751 ], [ 80.2171616, 13.1232749 ], [ 80.2171618, 13.1232513 ] ] ] } },
{ "type": "Feature", "properties": { "osm_id": "way/368446395", "levels": null, "height": null, "name": null, "type": "yes" }, "geometry": { "type": "Polygon", "coordinates": [ [ [ 80.2168952, 13.122478 ], [ 80.2169943, 13.1224787 ], [ 80.2169952, 13.1223542 ], [ 80.2168961, 13.1223535 ], [ 80.2168952, 13.122478 ] ] ] } },
{ "type": "Feature", "properties": { "osm_id": "way/368446397", "levels": null, "height": null, "name": null, "type": "yes" }, "geometry": { "type": "Polygon", "coordinates": [ [ [ 80.2172369, 13.1226926 ], [ 80.2173504, 13.1226934 ], [ 80.2173509, 13.1226189 ], [ 80.2172375, 13.1226181 ], [ 80.2172369, 13.1226926 ] ] ] } },
{ "type": "Feature", "properties": { "osm_id": "way/368446398", "levels": null, "height": null, "name": null, "type": "yes" }, "geometry": { "type": "Polygon", "coordinates": [ [ [ 80.2172578, 13.1229758 ], [ 80.2173797, 13.1229766 ], [ 80.2173802, 13.1229075 ], [ 80.2172583, 13.1229067 ], [ 80.2172578, 13.1229758 ] ] ] } },
{ "type": "Feature", "properties": { "osm_id": "way/368446400", "levels": null, "height": null, "name": null, "type": "yes" }, "geometry": { "type": "Polygon", "coordinates": [ [ [ 80.2174768, 13.1226837 ], [ 80.2176084, 13.1226846 ], [ 80.2176089, 13.1226161 ], [ 80.2174773, 13.1226152 ], [ 80.2174768, 13.1226837 ] ] ] } },
{ "type": "Feature", "properties": { "osm_id": "way/368446402", "levels": null, "height": null, "name": null, "type": "yes" }, "geometry": { "type": "Polygon", "coordinates": [ [ [ 80.2169343, 13.1227268 ], [ 80.2170346, 13.1227275 ], [ 80.2170352, 13.1226476 ], [ 80.2169349, 13.1226469 ], [ 80.2169343, 13.1227268 ] ] ] } },
{ "type": "Feature", "properties": { "osm_id": "way/368446404", "levels": null, "height": null, "name": null, "type": "yes" }, "geometry": { "type": "Polygon", "coordinates": [ [ [ 80.2162946, 13.1220947 ], [ 80.2164436, 13.1220966 ], [ 80.2164451, 13.1219891 ], [ 80.2162961, 13.1219872 ], [ 80.2162946, 13.1220947 ] ] ] } },
{ "type": "Feature", "properties": { "osm_id": "way/368446406", "levels": null, "height": null, "name": null, "type": "yes" }, "geometry": { "type": "Polygon", "coordinates": [ [ [ 80.2165793, 13.1233745 ], [ 80.2166633, 13.1233776 ], [ 80.216669, 13.1232262 ], [ 80.2165851, 13.1232231 ], [ 80.2165793, 13.1233745 ] ] ] } },
{ "type": "Feature", "properties": { "osm_id": "way/368446408", "levels": null, "height": null, "name": null, "type": "yes" }, "geometry": { "type": "Polygon", "coordinates": [ [ [ 80.2171428, 13.1229648 ], [ 80.217247, 13.1229656 ], [ 80.2172475, 13.1228957 ], [ 80.2171434, 13.1228949 ], [ 80.2171428, 13.1229648 ] ] ] } },
{ "type": "Feature", "properties": { "osm_id": "way/368446409", "levels": null, "height": null, "name": null, "type": "yes" }, "geometry": { "type": "Polygon", "coordinates": [ [ [ 80.2173774, 13.1230058 ], [ 80.2172344, 13.1230048 ], [ 80.2172335, 13.1231323 ], [ 80.2173764, 13.1231333 ], [ 80.2173774, 13.1230058 ] ] ] } },
{ "type": "Feature", "properties": { "osm_id": "way/368446413", "levels": null, "height": null, "name": null, "type": "yes" }, "geometry": { "type": "Polygon", "coordinates": [ [ [ 80.2178365, 13.1238125 ], [ 80.2179285, 13.1238132 ], [ 80.217929, 13.1237546 ], [ 80.217837, 13.1237538 ], [ 80.2178365, 13.1238125 ] ] ] } },
{ "type": "Feature", "properties": { "osm_id": "way/368446417", "levels": null, "height": null, "name": null, "type": "yes" }, "geometry": { "type": "Polygon", "coordinates": [ [ [ 80.2163759, 13.122274 ], [ 80.2164456, 13.1222749 ], [ 80.2164469, 13.1221793 ], [ 80.2163772, 13.1221784 ], [ 80.2163759, 13.122274 ] ] ] } },
{ "type": "Feature", "properties": { "osm_id": "way/368446420", "levels": null, "height": null, "name": null, "type": "yes" }, "geometry": { "type": "Polygon", "coordinates": [ [ [ 80.2176222, 13.1226766 ], [ 80.2176841, 13.122677 ], [ 80.2176849, 13.1225704 ], [ 80.2176229, 13.12257 ], [ 80.2176222, 13.1226766 ] ] ] } },
{ "type": "Feature", "properties": { "osm_id": "way/368446423", "levels": null, "height": null, "name": null, "type": "yes" }, "geometry": { "type": "Polygon", "coordinates": [ [ [ 80.2177484, 13.1233632 ], [ 80.2178511, 13.1233641 ], [ 80.2178522, 13.1232416 ], [ 80.2177495, 13.1232408 ], [ 80.2177484, 13.1233632 ] ] ] } },
{ "type": "Feature", "properties": { "osm_id": "way/368446426", "levels": null, "height": null, "name": null, "type": "yes" }, "geometry": { "type": "Polygon", "coordinates": [ [ [ 80.2176037, 13.1239503 ], [ 80.2176793, 13.1239509 ], [ 80.2176796, 13.1239046 ], [ 80.217604, 13.123904 ], [ 80.2176037, 13.1239503 ] ] ] } },
{ "type": "Feature", "properties": { "osm_id": "way/368446428", "levels": null, "height": null, "name": null, "type": "yes" }, "geometry": { "type": "Polygon", "coordinates": [ [ [ 80.2176882, 13.12396 ], [ 80.2177642, 13.1239606 ], [ 80.2177649, 13.1238802 ], [ 80.2176889, 13.1238796 ], [ 80.2176882, 13.12396 ] ] ] } },
{ "type": "Feature", "properties": { "osm_id": "way/368446430", "levels": null, "height": null, "name": null, "type": "yes" }, "geometry": { "type": "Polygon", "coordinates": [ [ [ 80.2177968, 13.1219877 ], [ 80.2178634, 13.1219881 ], [ 80.2178642, 13.1218847 ], [ 80.2177976, 13.1218842 ], [ 80.2177968, 13.1219877 ] ] ] } },
{ "type": "Feature", "properties": { "osm_id": "way/368446432", "levels": null, "height": null, "name": null, "type": "yes" }, "geometry": { "type": "Polygon", "coordinates": [ [ [ 80.2176765, 13.1222888 ], [ 80.2177576, 13.1222894 ], [ 80.2177585, 13.1221691 ], [ 80.2176774, 13.1221686 ], [ 80.2176765, 13.1222888 ] ] ] } },
{ "type": "Feature", "properties": { "osm_id": "way/368446438", "levels": null, "height": null, "name": null, "type": "yes" }, "geometry": { "type": "Polygon", "coordinates": [ [ [ 80.2169591, 13.1228427 ], [ 80.2170623, 13.1228435 ], [ 80.2170629, 13.1227654 ], [ 80.2169597, 13.1227646 ], [ 80.2169591, 13.1228427 ] ] ] } },
{ "type": "Feature", "properties": { "osm_id": "way/368446439", "levels": null, "height": null, "name": null, "type": "yes" }, "geometry": { "type": "Polygon", "coordinates": [ [ [ 80.2166167, 13.122099 ], [ 80.2166729, 13.1220994 ], [ 80.2166742, 13.1219349 ], [ 80.2166179, 13.1219345 ], [ 80.2166167, 13.122099 ] ] ] } },
{ "type": "Feature", "properties": { "osm_id": "way/368446441", "levels": null, "height": null, "name": null, "type": "yes" }, "geometry": { "type": "Polygon", "coordinates": [ [ [ 80.2168324, 13.1220987 ], [ 80.2168875, 13.1220991 ], [ 80.2168887, 13.1219428 ], [ 80.2168336, 13.1219425 ], [ 80.2168324, 13.1220987 ] ] ] } },
{ "type": "Feature", "properties": { "osm_id": "way/368446442", "levels": null, "height": null, "name": null, "type": "yes" }, "geometry": { "type": "Polygon", "coordinates": [ [ [ 80.2177535, 13.1236456 ], [ 80.2178438, 13.1236463 ], [ 80.2178453, 13.1234705 ], [ 80.217755, 13.1234698 ], [ 80.2177535, 13.1236456 ] ] ] } },
{ "type": "Feature", "properties": { "osm_id": "way/368446444", "levels": null, "height": null, "name": null, "type": "yes" }, "geometry": { "type": "Polygon", "coordinates": [ [ [ 80.217601, 13.1240205 ], [ 80.2176765, 13.1240211 ], [ 80.217677, 13.1239606 ], [ 80.2176015, 13.12396 ], [ 80.217601, 13.1240205 ] ] ] } },
{ "type": "Feature", "properties": { "osm_id": "way/368446446", "levels": null, "height": null, "name": null, "type": "yes" }, "geometry": { "type": "Polygon", "coordinates": [ [ [ 80.2178614, 13.1233658 ], [ 80.2179411, 13.1233664 ], [ 80.2179421, 13.1232577 ], [ 80.2178624, 13.123257 ], [ 80.2178614, 13.1233658 ] ] ] } },
{ "type": "Feature", "properties": { "osm_id": "way/368446447", "levels": null, "height": null, "name": null, "type": "yes" }, "geometry": { "type": "Polygon", "coordinates": [ [ [ 80.2171157, 13.1224934 ], [ 80.2172277, 13.1224942 ], [ 80.2172288, 13.1223405 ], [ 80.2171169, 13.1223398 ], [ 80.2171157, 13.1224934 ] ] ] } },
{ "type": "Feature", "properties": { "osm_id": "way/368446448", "levels": null, "height": null, "name": null, "type": "yes" }, "geometry": { "type": "Polygon", "coordinates": [ [ [ 80.2172755, 13.1224079 ], [ 80.2174191, 13.1224089 ], [ 80.2174194, 13.1223633 ], [ 80.2172759, 13.1223623 ], [ 80.2172755, 13.1224079 ] ] ] } },
{ "type": "Feature", "properties": { "osm_id": "way/368446449", "levels": null, "height": null, "name": null, "type": "yes" }, "geometry": { "type": "Polygon", "coordinates": [ [ [ 80.217557, 13.1226004 ], [ 80.2176197, 13.1226008 ], [ 80.2176204, 13.1225 ], [ 80.2175577, 13.1224996 ], [ 80.217557, 13.1226004 ] ] ] } },
{ "type": "Feature", "properties": { "osm_id": "way/368446450", "levels": null, "height": null, "name": null, "type": "yes" }, "geometry": { "type": "Polygon", "coordinates": [ [ [ 80.2165374, 13.1220932 ], [ 80.2166102, 13.1220937 ], [ 80.2166114, 13.1219394 ], [ 80.2165385, 13.1219389 ], [ 80.2165374, 13.1220932 ] ] ] } },
{ "type": "Feature", "properties": { "osm_id": "way/368446451", "levels": null, "height": null, "name": null, "type": "yes" }, "geometry": { "type": "Polygon", "coordinates": [ [ [ 80.2167862, 13.1220961 ], [ 80.2168276, 13.1220964 ], [ 80.2168288, 13.1219326 ], [ 80.2167874, 13.1219323 ], [ 80.2167862, 13.1220961 ] ] ] } },
{ "type": "Feature", "properties": { "osm_id": "way/368446453", "levels": null, "height": null, "name": null, "type": "yes" }, "geometry": { "type": "Polygon", "coordinates": [ [ [ 80.2169407, 13.122991 ], [ 80.2170534, 13.1229918 ], [ 80.2170538, 13.1229446 ], [ 80.2169411, 13.1229438 ], [ 80.2169407, 13.122991 ] ] ] } },
{ "type": "Feature", "properties": { "osm_id": "way/368446454", "levels": null, "height": null, "name": null, "type": "yes" }, "geometry": { "type": "Polygon", "coordinates": [ [ [ 80.2167859, 13.1223242 ], [ 80.2168942, 13.1223249 ], [ 80.2168952, 13.1221849 ], [ 80.2167869, 13.1221842 ], [ 80.2167859, 13.1223242 ] ] ] } },
{ "type": "Feature", "properties": { "osm_id": "way/368446455", "levels": null, "height": null, "name": null, "type": "yes" }, "geometry": { "type": "Polygon", "coordinates": [ [ [ 80.217012, 13.1224871 ], [ 80.2170981, 13.1224877 ], [ 80.2170989, 13.1223715 ], [ 80.2170129, 13.1223709 ], [ 80.217012, 13.1224871 ] ] ] } },
{ "type": "Feature", "properties": { "osm_id": "way/368446456", "levels": null, "height": null, "name": null, "type": "yes" }, "geometry": { "type": "Polygon", "coordinates": [ [ [ 80.216461, 13.1223341 ], [ 80.2165422, 13.1223351 ], [ 80.2165441, 13.122193 ], [ 80.2164629, 13.1221919 ], [ 80.216461, 13.1223341 ] ] ] } },
{ "type": "Feature", "properties": { "osm_id": "way/368446460", "levels": null, "height": null, "name": null, "type": "yes" }, "geometry": { "type": "Polygon", "coordinates": [ [ [ 80.21629, 13.1222722 ], [ 80.2163597, 13.1222731 ], [ 80.216361, 13.1221784 ], [ 80.2162913, 13.1221775 ], [ 80.21629, 13.1222722 ] ] ] } },
{ "type": "Feature", "properties": { "osm_id": "way/368446461", "levels": null, "height": null, "name": null, "type": "yes" }, "geometry": { "type": "Polygon", "coordinates": [ [ [ 80.2175904, 13.1240134 ], [ 80.2175915, 13.1238903 ], [ 80.2175363, 13.1238898 ], [ 80.2175352, 13.124013 ], [ 80.2175904, 13.1240134 ] ] ] } },
{ "type": "Feature", "properties": { "osm_id": "way/368446462", "levels": null, "height": null, "name": null, "type": "yes" }, "geometry": { "type": "Polygon", "coordinates": [ [ [ 80.2176829, 13.1240263 ], [ 80.2177584, 13.1240269 ], [ 80.2177589, 13.1239677 ], [ 80.2176835, 13.1239671 ], [ 80.2176829, 13.1240263 ] ] ] } },
{ "type": "Feature", "properties": { "osm_id": "way/368446463", "levels": null, "height": null, "name": null, "type": "yes" }, "geometry": { "type": "Polygon", "coordinates": [ [ [ 80.2177743, 13.1221859 ], [ 80.2178422, 13.1221863 ], [ 80.2178431, 13.1220675 ], [ 80.2177752, 13.122067 ], [ 80.2177743, 13.1221859 ] ] ] } },
{ "type": "Feature", "properties": { "osm_id": "way/368446464", "levels": null, "height": null, "name": null, "type": "yes" }, "geometry": { "type": "Polygon", "coordinates": [ [ [ 80.2173223, 13.1225135 ], [ 80.2174104, 13.1225141 ], [ 80.217411, 13.1224243 ], [ 80.2173229, 13.1224236 ], [ 80.2173223, 13.1225135 ] ] ] } },
{ "type": "Feature", "properties": { "osm_id": "way/368446466", "levels": null, "height": null, "name": null, "type": "yes" }, "geometry": { "type": "Polygon", "coordinates": [ [ [ 80.2169473, 13.1229244 ], [ 80.2170272, 13.1229249 ], [ 80.2170276, 13.1228716 ], [ 80.2169477, 13.122871 ], [ 80.2169473, 13.1229244 ] ] ] } },
{ "type": "Feature", "properties": { "osm_id": "way/368446467", "levels": null, "height": null, "name": null, "type": "yes" }, "geometry": { "type": "Polygon", "coordinates": [ [ [ 80.2171148, 13.1230695 ], [ 80.2172179, 13.1230702 ], [ 80.2172185, 13.1229885 ], [ 80.2171154, 13.1229878 ], [ 80.2171148, 13.1230695 ] ] ] } },
{ "type": "Feature", "properties": { "osm_id": "way/368446469", "levels": null, "height": null, "name": null, "type": "yes" }, "geometry": { "type": "Polygon", "coordinates": [ [ [ 80.2162849, 13.1223972 ], [ 80.2164299, 13.122399 ], [ 80.2164313, 13.1222992 ], [ 80.2163955, 13.1222988 ], [ 80.2163949, 13.1223391 ], [ 80.2162858, 13.1223377 ], [ 80.2162849, 13.1223972 ] ] ] } },
{ "type": "Feature", "properties": { "osm_id": "way/368446470", "levels": null, "height": null, "name": null, "type": "yes" }, "geometry": { "type": "Polygon", "coordinates": [ [ [ 80.2178488, 13.1240488 ], [ 80.218002, 13.12405 ], [ 80.2180028, 13.1239651 ], [ 80.2179143, 13.1239644 ], [ 80.2179149, 13.1239021 ], [ 80.2178378, 13.1239014 ], [ 80.2178369, 13.1240063 ], [ 80.2178492, 13.1240064 ], [ 80.2178488, 13.1240488 ] ] ] } },
{ "type": "Feature", "properties": { "osm_id": "way/368446471", "levels": null, "height": null, "name": null, "type": "yes" }, "geometry": { "type": "Polygon", "coordinates": [ [ [ 80.216455, 13.121927 ], [ 80.2165774, 13.1219286 ], [ 80.2165782, 13.1218703 ], [ 80.2165587, 13.12187 ], [ 80.2165601, 13.121765 ], [ 80.2164735, 13.1217639 ], [ 80.2164715, 13.1219098 ], [ 80.2164552, 13.1219096 ], [ 80.216455, 13.121927 ] ] ] } },
{ "type": "Feature", "properties": { "osm_id": "way/368446578", "levels": null, "height": null, "name": null, "type": "yes" }, "geometry": { "type": "Polygon", "coordinates": [ [ [ 80.2052251, 13.1225238 ], [ 80.2053655, 13.1225219 ], [ 80.2053644, 13.1224428 ], [ 80.205224, 13.1224447 ], [ 80.2052251, 13.1225238 ] ] ] } },
{ "type": "Feature", "properties": { "osm_id": "way/368446584", "levels": null, "height": null, "name": null, "type": "yes" }, "geometry": { "type": "Polygon", "coordinates": [ [ [ 80.205234, 13.1224278 ], [ 80.2053823, 13.1224258 ], [ 80.2053812, 13.1223431 ], [ 80.2052328, 13.1223451 ], [ 80.205234, 13.1224278 ] ] ] } },
{ "type": "Feature", "properties": { "osm_id": "way/368452105", "levels": null, "height": null, "name": null, "type": "yes" }, "geometry": { "type": "Polygon", "coordinates": [ [ [ 80.2125531, 13.1249949 ], [ 80.2125576, 13.124995 ], [ 80.212557, 13.125017 ], [ 80.212543, 13.1250167 ], [ 80.2125415, 13.1250678 ], [ 80.2125312, 13.1250675 ], [ 80.2125307, 13.1250887 ], [ 80.2125567, 13.1250894 ], [ 80.2125568, 13.125087 ], [ 80.2126377, 13.1250892 ], [ 80.2126391, 13.1250413 ], [ 80.2126266, 13.125041 ], [ 80.2126278, 13.1249969 ], [ 80.212636, 13.1249971 ], [ 80.2126372, 13.1249553 ], [ 80.2125543, 13.1249531 ], [ 80.2125531, 13.1249949 ] ] ] } },
{ "type": "Feature", "properties": { "osm_id": "way/368452106", "levels": null, "height": null, "name": null, "type": "yes" }, "geometry": { "type": "Polygon", "coordinates": [ [ [ 80.2119226, 13.1250602 ], [ 80.211986, 13.1250619 ], [ 80.2119904, 13.1249087 ], [ 80.2119269, 13.124907 ], [ 80.2119226, 13.1250602 ] ] ] } },
{ "type": "Feature", "properties": { "osm_id": "way/368452107", "levels": null, "height": null, "name": null, "type": "yes" }, "geometry": { "type": "Polygon", "coordinates": [ [ [ 80.2110142, 13.12625 ], [ 80.2111272, 13.1262609 ], [ 80.211133, 13.1262041 ], [ 80.21102, 13.1261932 ], [ 80.2110142, 13.12625 ] ] ] } },
{ "type": "Feature", "properties": { "osm_id": "way/368452108", "levels": null, "height": null, "name": null, "type": "yes" }, "geometry": { "type": "Polygon", "coordinates": [ [ [ 80.2113962, 13.1268194 ], [ 80.2115082, 13.1268319 ], [ 80.2115151, 13.1267737 ], [ 80.2114031, 13.1267611 ], [ 80.2113962, 13.1268194 ] ] ] } },
{ "type": "Feature", "properties": { "osm_id": "way/368452109", "levels": null, "height": null, "name": null, "type": "yes" }, "geometry": { "type": "Polygon", "coordinates": [ [ [ 80.2115645, 13.1270759 ], [ 80.2116147, 13.1270987 ], [ 80.2116609, 13.1270022 ], [ 80.2116107, 13.1269794 ], [ 80.2115645, 13.1270759 ] ] ] } },
{ "type": "Feature", "properties": { "osm_id": "way/368452110", "levels": null, "height": null, "name": null, "type": "yes" }, "geometry": { "type": "Polygon", "coordinates": [ [ [ 80.2106284, 13.1265436 ], [ 80.2107518, 13.1265436 ], [ 80.2107518, 13.1264926 ], [ 80.2106284, 13.1264926 ], [ 80.2106284, 13.1265436 ] ] ] } },
{ "type": "Feature", "properties": { "osm_id": "way/368452111", "levels": null, "height": null, "name": null, "type": "yes" }, "geometry": { "type": "Polygon", "coordinates": [ [ [ 80.2125239, 13.1257435 ], [ 80.2125253, 13.1256393 ], [ 80.2124478, 13.1256383 ], [ 80.2124464, 13.1257425 ], [ 80.2125239, 13.1257435 ] ] ] } },
{ "type": "Feature", "properties": { "osm_id": "way/368452112", "levels": null, "height": null, "name": null, "type": "yes" }, "geometry": { "type": "Polygon", "coordinates": [ [ [ 80.2122123, 13.1264056 ], [ 80.2122594, 13.1264096 ], [ 80.212268, 13.1263144 ], [ 80.2122209, 13.1263103 ], [ 80.2122123, 13.1264056 ] ] ] } },
{ "type": "Feature", "properties": { "osm_id": "way/368452113", "levels": null, "height": null, "name": null, "type": "yes" }, "geometry": { "type": "Polygon", "coordinates": [ [ [ 80.2133778, 13.1261239 ], [ 80.2134128, 13.1261239 ], [ 80.2134128, 13.126052 ], [ 80.2133778, 13.126052 ], [ 80.2133778, 13.1261239 ] ] ] } },
{ "type": "Feature", "properties": { "osm_id": "way/368452114", "levels": null, "height": null, "name": null, "type": "yes" }, "geometry": { "type": "Polygon", "coordinates": [ [ [ 80.2105988, 13.1264224 ], [ 80.2106516, 13.1264224 ], [ 80.2106516, 13.1263168 ], [ 80.2105988, 13.1263168 ], [ 80.2105988, 13.1264224 ] ] ] } },
{ "type": "Feature", "properties": { "osm_id": "way/368452115", "levels": null, "height": null, "name": null, "type": "yes" }, "geometry": { "type": "Polygon", "coordinates": [ [ [ 80.2111492, 13.1265766 ], [ 80.2112534, 13.1265812 ], [ 80.2112568, 13.1265069 ], [ 80.2111526, 13.1265023 ], [ 80.2111492, 13.1265766 ] ] ] } },
{ "type": "Feature", "properties": { "osm_id": "way/368452116", "levels": null, "height": null, "name": null, "type": "yes" }, "geometry": { "type": "Polygon", "coordinates": [ [ [ 80.2123095, 13.1258463 ], [ 80.2123099, 13.1257435 ], [ 80.2122384, 13.1257432 ], [ 80.2122379, 13.125846 ], [ 80.2123095, 13.1258463 ] ] ] } },
{ "type": "Feature", "properties": { "osm_id": "way/368452117", "levels": null, "height": null, "name": null, "type": "yes" }, "geometry": { "type": "Polygon", "coordinates": [ [ [ 80.2121683, 13.1256784 ], [ 80.2121688, 13.1255947 ], [ 80.2121151, 13.1255944 ], [ 80.2121146, 13.1256781 ], [ 80.2121683, 13.1256784 ] ] ] } },
{ "type": "Feature", "properties": { "osm_id": "way/368452118", "levels": null, "height": null, "name": null, "type": "yes" }, "geometry": { "type": "Polygon", "coordinates": [ [ [ 80.2130283, 13.1262413 ], [ 80.2131259, 13.1262458 ], [ 80.2131303, 13.1261571 ], [ 80.2130326, 13.1261526 ], [ 80.2130283, 13.1262413 ] ] ] } },
{ "type": "Feature", "properties": { "osm_id": "way/368452119", "levels": null, "height": null, "name": null, "type": "yes" }, "geometry": { "type": "Polygon", "coordinates": [ [ [ 80.2124565, 13.1249181 ], [ 80.212549, 13.1249205 ], [ 80.2125528, 13.1247846 ], [ 80.2124603, 13.1247822 ], [ 80.2124565, 13.1249181 ] ] ] } },
{ "type": "Feature", "properties": { "osm_id": "way/368452120", "levels": null, "height": null, "name": null, "type": "yes" }, "geometry": { "type": "Polygon", "coordinates": [ [ [ 80.2130376, 13.1257361 ], [ 80.2130892, 13.1257361 ], [ 80.2130892, 13.1256608 ], [ 80.2130376, 13.1256608 ], [ 80.2130376, 13.1257361 ] ] ] } },
{ "type": "Feature", "properties": { "osm_id": "way/368452121", "levels": null, "height": null, "name": null, "type": "yes" }, "geometry": { "type": "Polygon", "coordinates": [ [ [ 80.2111293, 13.1267181 ], [ 80.2111212, 13.126771 ], [ 80.2112375, 13.1267881 ], [ 80.2112456, 13.1267352 ], [ 80.2111293, 13.1267181 ] ] ] } },
{ "type": "Feature", "properties": { "osm_id": "way/368452122", "levels": null, "height": null, "name": null, "type": "yes" }, "geometry": { "type": "Polygon", "coordinates": [ [ [ 80.2103589, 13.1261032 ], [ 80.2104045, 13.1261011 ], [ 80.2103995, 13.1260006 ], [ 80.2103539, 13.1260028 ], [ 80.2103589, 13.1261032 ] ] ] } },
{ "type": "Feature", "properties": { "osm_id": "way/368452123", "levels": null, "height": null, "name": null, "type": "yes" }, "geometry": { "type": "Polygon", "coordinates": [ [ [ 80.2118675, 13.1250493 ], [ 80.2119184, 13.1250506 ], [ 80.2119226, 13.1249014 ], [ 80.2118717, 13.1249 ], [ 80.2118675, 13.1250493 ] ] ] } },
{ "type": "Feature", "properties": { "osm_id": "way/368452124", "levels": null, "height": null, "name": null, "type": "yes" }, "geometry": { "type": "Polygon", "coordinates": [ [ [ 80.2104289, 13.1259914 ], [ 80.2105301, 13.1259867 ], [ 80.210527, 13.1259245 ], [ 80.2104258, 13.1259293 ], [ 80.2104289, 13.1259914 ] ] ] } },
{ "type": "Feature", "properties": { "osm_id": "way/368452125", "levels": null, "height": null, "name": null, "type": "yes" }, "geometry": { "type": "Polygon", "coordinates": [ [ [ 80.2126566, 13.125748 ], [ 80.2127053, 13.1257486 ], [ 80.2127067, 13.1256371 ], [ 80.212658, 13.1256365 ], [ 80.2126566, 13.125748 ] ] ] } },
{ "type": "Feature", "properties": { "osm_id": "way/368452126", "levels": null, "height": null, "name": null, "type": "yes" }, "geometry": { "type": "Polygon", "coordinates": [ [ [ 80.2123216, 13.12585 ], [ 80.212395, 13.1258505 ], [ 80.2123959, 13.1257377 ], [ 80.2123225, 13.1257371 ], [ 80.2123216, 13.12585 ] ] ] } },
{ "type": "Feature", "properties": { "osm_id": "way/368452127", "levels": null, "height": null, "name": null, "type": "yes" }, "geometry": { "type": "Polygon", "coordinates": [ [ [ 80.2121987, 13.1257162 ], [ 80.2122557, 13.1257157 ], [ 80.2122547, 13.1256038 ], [ 80.2121978, 13.1256042 ], [ 80.2121987, 13.1257162 ] ] ] } },
{ "type": "Feature", "properties": { "osm_id": "way/368452128", "levels": null, "height": null, "name": null, "type": "yes" }, "geometry": { "type": "Polygon", "coordinates": [ [ [ 80.2106275, 13.12655 ], [ 80.2106272, 13.126605 ], [ 80.2107478, 13.1266054 ], [ 80.210748, 13.1265504 ], [ 80.2106275, 13.12655 ] ] ] } },
{ "type": "Feature", "properties": { "osm_id": "way/368452129", "levels": null, "height": null, "name": null, "type": "yes" }, "geometry": { "type": "Polygon", "coordinates": [ [ [ 80.2126783, 13.1249344 ], [ 80.2127284, 13.1249357 ], [ 80.2127325, 13.1247892 ], [ 80.2126824, 13.1247879 ], [ 80.2126783, 13.1249344 ] ] ] } },
{ "type": "Feature", "properties": { "osm_id": "way/368452130", "levels": null, "height": null, "name": null, "type": "yes" }, "geometry": { "type": "Polygon", "coordinates": [ [ [ 80.212343, 13.1249271 ], [ 80.2124345, 13.1249295 ], [ 80.212437, 13.1248406 ], [ 80.2123455, 13.1248382 ], [ 80.212343, 13.1249271 ] ] ] } },
{ "type": "Feature", "properties": { "osm_id": "way/368452131", "levels": null, "height": null, "name": null, "type": "yes" }, "geometry": { "type": "Polygon", "coordinates": [ [ [ 80.2130812, 13.1257916 ], [ 80.2131444, 13.1257908 ], [ 80.2131436, 13.1257379 ], [ 80.2130805, 13.1257387 ], [ 80.2130812, 13.1257916 ] ] ] } },
{ "type": "Feature", "properties": { "osm_id": "way/368452132", "levels": null, "height": null, "name": null, "type": "yes" }, "geometry": { "type": "Polygon", "coordinates": [ [ [ 80.2096786, 13.1260822 ], [ 80.2097301, 13.1260867 ], [ 80.2097354, 13.1260286 ], [ 80.2096839, 13.1260241 ], [ 80.2096786, 13.1260822 ] ] ] } },
{ "type": "Feature", "properties": { "osm_id": "way/368452133", "levels": null, "height": null, "name": null, "type": "yes" }, "geometry": { "type": "Polygon", "coordinates": [ [ [ 80.2121801, 13.1250857 ], [ 80.2122436, 13.1250874 ], [ 80.2122478, 13.1249396 ], [ 80.2121842, 13.1249379 ], [ 80.2121801, 13.1250857 ] ] ] } },
{ "type": "Feature", "properties": { "osm_id": "way/368452134", "levels": null, "height": null, "name": null, "type": "yes" }, "geometry": { "type": "Polygon", "coordinates": [ [ [ 80.2095894, 13.1262205 ], [ 80.2096951, 13.1262366 ], [ 80.2097043, 13.1261794 ], [ 80.2095985, 13.1261633 ], [ 80.2095894, 13.1262205 ] ] ] } },
{ "type": "Feature", "properties": { "osm_id": "way/368452135", "levels": null, "height": null, "name": null, "type": "yes" }, "geometry": { "type": "Polygon", "coordinates": [ [ [ 80.2116845, 13.1252118 ], [ 80.2119066, 13.125235 ], [ 80.2119169, 13.1251411 ], [ 80.2116949, 13.1251179 ], [ 80.2116845, 13.1252118 ] ] ] } },
{ "type": "Feature", "properties": { "osm_id": "way/368452136", "levels": null, "height": null, "name": null, "type": "yes" }, "geometry": { "type": "Polygon", "coordinates": [ [ [ 80.2102327, 13.1261733 ], [ 80.2103486, 13.1261678 ], [ 80.2103456, 13.126107 ], [ 80.2102297, 13.1261124 ], [ 80.2102327, 13.1261733 ] ] ] } },
{ "type": "Feature", "properties": { "osm_id": "way/368452137", "levels": null, "height": null, "name": null, "type": "yes" }, "geometry": { "type": "Polygon", "coordinates": [ [ [ 80.2102227, 13.1260453 ], [ 80.210353, 13.1260392 ], [ 80.2103509, 13.125998 ], [ 80.2102207, 13.1260042 ], [ 80.2102227, 13.1260453 ] ] ] } },
{ "type": "Feature", "properties": { "osm_id": "way/368452138", "levels": null, "height": null, "name": null, "type": "yes" }, "geometry": { "type": "Polygon", "coordinates": [ [ [ 80.2121889, 13.1252572 ], [ 80.2122338, 13.1252595 ], [ 80.2122365, 13.1252084 ], [ 80.2121917, 13.1252061 ], [ 80.2121889, 13.1252572 ] ] ] } },
{ "type": "Feature", "properties": { "osm_id": "way/368452139", "levels": null, "height": null, "name": null, "type": "yes" }, "geometry": { "type": "Polygon", "coordinates": [ [ [ 80.2127454, 13.125769 ], [ 80.2128178, 13.125769 ], [ 80.2128178, 13.1256511 ], [ 80.2127454, 13.1256511 ], [ 80.2127454, 13.125769 ] ] ] } },
{ "type": "Feature", "properties": { "osm_id": "way/368452140", "levels": null, "height": null, "name": null, "type": "yes" }, "geometry": { "type": "Polygon", "coordinates": [ [ [ 80.2106124, 13.1267524 ], [ 80.2107376, 13.1267642 ], [ 80.210743, 13.1267104 ], [ 80.2106177, 13.1266986 ], [ 80.2106124, 13.1267524 ] ] ] } },
{ "type": "Feature", "properties": { "osm_id": "way/368452141", "levels": null, "height": null, "name": null, "type": "yes" }, "geometry": { "type": "Polygon", "coordinates": [ [ [ 80.2103895, 13.1266646 ], [ 80.2103833, 13.1267365 ], [ 80.210494, 13.1267456 ], [ 80.2105002, 13.1266737 ], [ 80.2103895, 13.1266646 ] ] ] } },
{ "type": "Feature", "properties": { "osm_id": "way/368452142", "levels": null, "height": null, "name": null, "type": "yes" }, "geometry": { "type": "Polygon", "coordinates": [ [ [ 80.2126082, 13.1249335 ], [ 80.2126732, 13.1249352 ], [ 80.2126774, 13.1247861 ], [ 80.2126124, 13.1247843 ], [ 80.2126082, 13.1249335 ] ] ] } },
{ "type": "Feature", "properties": { "osm_id": "way/368452143", "levels": null, "height": null, "name": null, "type": "yes" }, "geometry": { "type": "Polygon", "coordinates": [ [ [ 80.2113973, 13.1268726 ], [ 80.2113861, 13.1269291 ], [ 80.2115619, 13.1269619 ], [ 80.211573, 13.1269054 ], [ 80.2113973, 13.1268726 ] ] ] } },
{ "type": "Feature", "properties": { "osm_id": "way/368452144", "levels": null, "height": null, "name": null, "type": "yes" }, "geometry": { "type": "Polygon", "coordinates": [ [ [ 80.2096178, 13.1259779 ], [ 80.2097235, 13.1259914 ], [ 80.2097357, 13.125901 ], [ 80.2096299, 13.1258875 ], [ 80.2096178, 13.1259779 ] ] ] } },
{ "type": "Feature", "properties": { "osm_id": "way/368452145", "levels": null, "height": null, "name": null, "type": "yes" }, "geometry": { "type": "Polygon", "coordinates": [ [ [ 80.2121188, 13.1250766 ], [ 80.2121728, 13.125078 ], [ 80.2121768, 13.1249373 ], [ 80.2121228, 13.1249359 ], [ 80.2121188, 13.1250766 ] ] ] } },
{ "type": "Feature", "properties": { "osm_id": "way/368452146", "levels": null, "height": null, "name": null, "type": "yes" }, "geometry": { "type": "Polygon", "coordinates": [ [ [ 80.2095979, 13.1261555 ], [ 80.2096413, 13.1261609 ], [ 80.2096499, 13.1260953 ], [ 80.2096065, 13.1260899 ], [ 80.2095979, 13.1261555 ] ] ] } },
{ "type": "Feature", "properties": { "osm_id": "way/368452147", "levels": null, "height": null, "name": null, "type": "yes" }, "geometry": { "type": "Polygon", "coordinates": [ [ [ 80.2134689, 13.1261425 ], [ 80.213515, 13.1261456 ], [ 80.2135192, 13.126086 ], [ 80.2134731, 13.1260829 ], [ 80.2134689, 13.1261425 ] ] ] } },
{ "type": "Feature", "properties": { "osm_id": "way/368452148", "levels": null, "height": null, "name": null, "type": "yes" }, "geometry": { "type": "Polygon", "coordinates": [ [ [ 80.21067, 13.1264867 ], [ 80.2107452, 13.1264867 ], [ 80.2107452, 13.1264485 ], [ 80.21067, 13.1264485 ], [ 80.21067, 13.1264867 ] ] ] } },
{ "type": "Feature", "properties": { "osm_id": "way/368452149", "levels": null, "height": null, "name": null, "type": "yes" }, "geometry": { "type": "Polygon", "coordinates": [ [ [ 80.2125549, 13.1249419 ], [ 80.2126063, 13.1249422 ], [ 80.2126076, 13.1247897 ], [ 80.2125562, 13.1247893 ], [ 80.2125549, 13.1249419 ] ] ] } },
{ "type": "Feature", "properties": { "osm_id": "way/368452150", "levels": null, "height": null, "name": null, "type": "yes" }, "geometry": { "type": "Polygon", "coordinates": [ [ [ 80.2118131, 13.1262115 ], [ 80.2118745, 13.1262147 ], [ 80.2118778, 13.1261552 ], [ 80.2118164, 13.126152 ], [ 80.2118131, 13.1262115 ] ] ] } },
{ "type": "Feature", "properties": { "osm_id": "way/368452151", "levels": null, "height": null, "name": null, "type": "yes" }, "geometry": { "type": "Polygon", "coordinates": [ [ [ 80.209592, 13.1262308 ], [ 80.2095776, 13.1263289 ], [ 80.2096794, 13.1263431 ], [ 80.2096938, 13.126245 ], [ 80.209592, 13.1262308 ] ] ] } },
{ "type": "Feature", "properties": { "osm_id": "way/368452152", "levels": null, "height": null, "name": null, "type": "yes" }, "geometry": { "type": "Polygon", "coordinates": [ [ [ 80.2106115, 13.1268111 ], [ 80.2107213, 13.1268197 ], [ 80.2107257, 13.1267663 ], [ 80.2106159, 13.1267577 ], [ 80.2106115, 13.1268111 ] ] ] } },
{ "type": "Feature", "properties": { "osm_id": "way/368452153", "levels": null, "height": null, "name": null, "type": "yes" }, "geometry": { "type": "Polygon", "coordinates": [ [ [ 80.213055, 13.125853 ], [ 80.2131485, 13.1258521 ], [ 80.2131479, 13.1257938 ], [ 80.2130544, 13.1257948 ], [ 80.213055, 13.125853 ] ] ] } },
{ "type": "Feature", "properties": { "osm_id": "way/368452154", "levels": null, "height": null, "name": null, "type": "yes" }, "geometry": { "type": "Polygon", "coordinates": [ [ [ 80.2125105, 13.1264216 ], [ 80.2125494, 13.1264239 ], [ 80.2125547, 13.1263396 ], [ 80.2125158, 13.1263373 ], [ 80.2125105, 13.1264216 ] ] ] } },
{ "type": "Feature", "properties": { "osm_id": "way/368452155", "levels": null, "height": null, "name": null, "type": "yes" }, "geometry": { "type": "Polygon", "coordinates": [ [ [ 80.2129666, 13.126229 ], [ 80.2130251, 13.1262331 ], [ 80.2130307, 13.1261566 ], [ 80.2129722, 13.1261525 ], [ 80.2129666, 13.126229 ] ] ] } },
{ "type": "Feature", "properties": { "osm_id": "way/368452156", "levels": null, "height": null, "name": null, "type": "yes" }, "geometry": { "type": "Polygon", "coordinates": [ [ [ 80.2134726, 13.1262053 ], [ 80.2135277, 13.1262094 ], [ 80.2135311, 13.1261665 ], [ 80.213476, 13.1261624 ], [ 80.2134726, 13.1262053 ] ] ] } },
{ "type": "Feature", "properties": { "osm_id": "way/368452157", "levels": null, "height": null, "name": null, "type": "yes" }, "geometry": { "type": "Polygon", "coordinates": [ [ [ 80.2116023, 13.1263234 ], [ 80.2116611, 13.1263209 ], [ 80.2116575, 13.1262423 ], [ 80.2115987, 13.1262449 ], [ 80.2116023, 13.1263234 ] ] ] } },
{ "type": "Feature", "properties": { "osm_id": "way/368452158", "levels": null, "height": null, "name": null, "type": "yes" }, "geometry": { "type": "Polygon", "coordinates": [ [ [ 80.2131011, 13.1257329 ], [ 80.2131853, 13.1257322 ], [ 80.2131848, 13.1256662 ], [ 80.2131006, 13.1256668 ], [ 80.2131011, 13.1257329 ] ] ] } },
{ "type": "Feature", "properties": { "osm_id": "way/368452159", "levels": null, "height": null, "name": null, "type": "yes" }, "geometry": { "type": "Polygon", "coordinates": [ [ [ 80.2134147, 13.1262099 ], [ 80.2134693, 13.126214 ], [ 80.2134742, 13.1261527 ], [ 80.2134195, 13.1261486 ], [ 80.2134147, 13.1262099 ] ] ] } },
{ "type": "Feature", "properties": { "osm_id": "way/368452160", "levels": null, "height": null, "name": null, "type": "yes" }, "geometry": { "type": "Polygon", "coordinates": [ [ [ 80.2135338, 13.1261557 ], [ 80.2135679, 13.1261547 ], [ 80.213566, 13.126096 ], [ 80.213532, 13.126097 ], [ 80.2135338, 13.1261557 ] ] ] } },
{ "type": "Feature", "properties": { "osm_id": "way/368452161", "levels": null, "height": null, "name": null, "type": "yes" }, "geometry": { "type": "Polygon", "coordinates": [ [ [ 80.2133315, 13.1261252 ], [ 80.2133653, 13.1261257 ], [ 80.2133662, 13.1260675 ], [ 80.2133324, 13.126067 ], [ 80.2133315, 13.1261252 ] ] ] } },
{ "type": "Feature", "properties": { "osm_id": "way/368452162", "levels": null, "height": null, "name": null, "type": "yes" }, "geometry": { "type": "Polygon", "coordinates": [ [ [ 80.2125511, 13.1264306 ], [ 80.2125971, 13.1264334 ], [ 80.2126031, 13.1263414 ], [ 80.2125571, 13.1263386 ], [ 80.2125511, 13.1264306 ] ] ] } },
{ "type": "Feature", "properties": { "osm_id": "way/368452163", "levels": null, "height": null, "name": null, "type": "yes" }, "geometry": { "type": "Polygon", "coordinates": [ [ [ 80.2123248, 13.1248301 ], [ 80.2124557, 13.1248336 ], [ 80.2124575, 13.1247678 ], [ 80.2123267, 13.1247643 ], [ 80.2123248, 13.1248301 ] ] ] } },
{ "type": "Feature", "properties": { "osm_id": "way/368452164", "levels": null, "height": null, "name": null, "type": "yes" }, "geometry": { "type": "Polygon", "coordinates": [ [ [ 80.2129911, 13.1257882 ], [ 80.2130298, 13.1257888 ], [ 80.2130321, 13.125654 ], [ 80.2129934, 13.1256534 ], [ 80.2129911, 13.1257882 ] ] ] } },
{ "type": "Feature", "properties": { "osm_id": "way/368452166", "levels": null, "height": null, "name": null, "type": "yes" }, "geometry": { "type": "Polygon", "coordinates": [ [ [ 80.2119118, 13.1252414 ], [ 80.2121615, 13.1252572 ], [ 80.2121678, 13.1251617 ], [ 80.2119182, 13.125146 ], [ 80.2119118, 13.1252414 ] ] ] } },
{ "type": "Feature", "properties": { "osm_id": "way/368452167", "levels": null, "height": null, "name": null, "type": "yes" }, "geometry": { "type": "Polygon", "coordinates": [ [ [ 80.2103367, 13.1259889 ], [ 80.2104246, 13.1259847 ], [ 80.2104213, 13.1259181 ], [ 80.2103334, 13.1259222 ], [ 80.2103367, 13.1259889 ] ] ] } },
{ "type": "Feature", "properties": { "osm_id": "way/368452168", "levels": null, "height": null, "name": null, "type": "yes" }, "geometry": { "type": "Polygon", "coordinates": [ [ [ 80.210496, 13.1268002 ], [ 80.2106016, 13.1268079 ], [ 80.210606, 13.1267512 ], [ 80.2105004, 13.1267435 ], [ 80.210496, 13.1268002 ] ] ] } },
{ "type": "Feature", "properties": { "osm_id": "way/368452169", "levels": null, "height": null, "name": null, "type": "yes" }, "geometry": { "type": "Polygon", "coordinates": [ [ [ 80.2127633, 13.1249421 ], [ 80.2128538, 13.1249446 ], [ 80.2128568, 13.1248375 ], [ 80.2127664, 13.1248351 ], [ 80.2127633, 13.1249421 ] ] ] } },
{ "type": "Feature", "properties": { "osm_id": "way/368452170", "levels": null, "height": null, "name": null, "type": "yes" }, "geometry": { "type": "Polygon", "coordinates": [ [ [ 80.2126519, 13.1257553 ], [ 80.2126538, 13.1256452 ], [ 80.2126057, 13.1256444 ], [ 80.2126038, 13.1257545 ], [ 80.2126519, 13.1257553 ] ] ] } },
{ "type": "Feature", "properties": { "osm_id": "way/368452171", "levels": null, "height": null, "name": null, "type": "yes" }, "geometry": { "type": "Polygon", "coordinates": [ [ [ 80.2120413, 13.1250747 ], [ 80.2121102, 13.1250766 ], [ 80.2121142, 13.1249369 ], [ 80.2120452, 13.124935 ], [ 80.2120413, 13.1250747 ] ] ] } },
{ "type": "Feature", "properties": { "osm_id": "way/368452172", "levels": null, "height": null, "name": null, "type": "yes" }, "geometry": { "type": "Polygon", "coordinates": [ [ [ 80.2122483, 13.1250893 ], [ 80.2123063, 13.1250908 ], [ 80.2123104, 13.1249437 ], [ 80.2122524, 13.1249421 ], [ 80.2122483, 13.1250893 ] ] ] } },
{ "type": "Feature", "properties": { "osm_id": "way/368452173", "levels": null, "height": null, "name": null, "type": "yes" }, "geometry": { "type": "Polygon", "coordinates": [ [ [ 80.2112458, 13.1266851 ], [ 80.2113423, 13.1266918 ], [ 80.2113466, 13.1266336 ], [ 80.2112501, 13.1266269 ], [ 80.2112458, 13.1266851 ] ] ] } },
{ "type": "Feature", "properties": { "osm_id": "way/368452174", "levels": null, "height": null, "name": null, "type": "yes" }, "geometry": { "type": "Polygon", "coordinates": [ [ [ 80.2106209, 13.1264917 ], [ 80.2105667, 13.1264917 ], [ 80.2105667, 13.1266018 ], [ 80.2106209, 13.1266018 ], [ 80.2106209, 13.1264917 ] ] ] } },
{ "type": "Feature", "properties": { "osm_id": "way/368452175", "levels": null, "height": null, "name": null, "type": "yes" }, "geometry": { "type": "Polygon", "coordinates": [ [ [ 80.2105446, 13.1263937 ], [ 80.2105913, 13.1263929 ], [ 80.2105899, 13.1263169 ], [ 80.2105432, 13.1263177 ], [ 80.2105446, 13.1263937 ] ] ] } },
{ "type": "Feature", "properties": { "osm_id": "way/368452176", "levels": null, "height": null, "name": null, "type": "yes" }, "geometry": { "type": "Polygon", "coordinates": [ [ [ 80.2102363, 13.1261049 ], [ 80.2103464, 13.1260997 ], [ 80.2103437, 13.126044 ], [ 80.2102335, 13.1260492 ], [ 80.2102363, 13.1261049 ] ] ] } },
{ "type": "Feature", "properties": { "osm_id": "way/368452178", "levels": null, "height": null, "name": null, "type": "yes" }, "geometry": { "type": "Polygon", "coordinates": [ [ [ 80.2097374, 13.1263557 ], [ 80.2098074, 13.1263711 ], [ 80.2098237, 13.1263009 ], [ 80.2097537, 13.1262855 ], [ 80.2097374, 13.1263557 ] ] ] } },
{ "type": "Feature", "properties": { "osm_id": "way/368452180", "levels": null, "height": null, "name": null, "type": "yes" }, "geometry": { "type": "Polygon", "coordinates": [ [ [ 80.2106246, 13.1266707 ], [ 80.2107437, 13.1266753 ], [ 80.2107456, 13.1266274 ], [ 80.2106265, 13.1266229 ], [ 80.2106246, 13.1266707 ] ] ] } },
{ "type": "Feature", "properties": { "osm_id": "way/368452181", "levels": null, "height": null, "name": null, "type": "yes" }, "geometry": { "type": "Polygon", "coordinates": [ [ [ 80.21264, 13.1264473 ], [ 80.212682, 13.1264494 ], [ 80.2126866, 13.1263609 ], [ 80.2126446, 13.1263589 ], [ 80.21264, 13.1264473 ] ] ] } },
{ "type": "Feature", "properties": { "osm_id": "way/384128358", "levels": "2", "height": null, "name": null, "type": "house" }, "geometry": { "type": "Polygon", "coordinates": [ [ [ 80.2115787, 13.1196584 ], [ 80.2116698, 13.1196597 ], [ 80.2116873, 13.1194899 ], [ 80.2115867, 13.1194912 ], [ 80.2115813, 13.1195735 ], [ 80.2115787, 13.1196584 ] ] ] } },
{ "type": "Feature", "properties": { "osm_id": "way/838433410", "levels": null, "height": null, "name": null, "type": "yes" }, "geometry": { "type": "Polygon", "coordinates": [ [ [ 80.2172394, 13.1297263 ], [ 80.2172409, 13.1297908 ], [ 80.2173307, 13.1297888 ], [ 80.2173293, 13.1297244 ], [ 80.2172394, 13.1297263 ] ] ] } },
{ "type": "Feature", "properties": { "osm_id": "way/838433413", "levels": null, "height": null, "name": null, "type": "yes" }, "geometry": { "type": "Polygon", "coordinates": [ [ [ 80.217105, 13.1252073 ], [ 80.2172029, 13.1252068 ], [ 80.2172022, 13.1250834 ], [ 80.2171043, 13.1250839 ], [ 80.217105, 13.1252073 ] ] ] } },
{ "type": "Feature", "properties": { "osm_id": "way/838433414", "levels": null, "height": null, "name": null, "type": "yes" }, "geometry": { "type": "Polygon", "coordinates": [ [ [ 80.2160163, 13.119042 ], [ 80.21619, 13.1190965 ], [ 80.2162289, 13.118979 ], [ 80.2160552, 13.1189244 ], [ 80.2160163, 13.119042 ] ] ] } },
{ "type": "Feature", "properties": { "osm_id": "way/838433415", "levels": null, "height": null, "name": null, "type": "yes" }, "geometry": { "type": "Polygon", "coordinates": [ [ [ 80.21745, 13.1272821 ], [ 80.2175612, 13.127274 ], [ 80.2175478, 13.127099 ], [ 80.2174366, 13.127107 ], [ 80.21745, 13.1272821 ] ] ] } },
{ "type": "Feature", "properties": { "osm_id": "way/838433419", "levels": null, "height": null, "name": null, "type": "yes" }, "geometry": { "type": "Polygon", "coordinates": [ [ [ 80.2159442, 13.1290861 ], [ 80.2160629, 13.1290574 ], [ 80.216028, 13.1289209 ], [ 80.2159093, 13.1289497 ], [ 80.2159442, 13.1290861 ] ] ] } },
{ "type": "Feature", "properties": { "osm_id": "way/838433420", "levels": null, "height": null, "name": null, "type": "yes" }, "geometry": { "type": "Polygon", "coordinates": [ [ [ 80.2163226, 13.1231771 ], [ 80.2164646, 13.1231782 ], [ 80.216466, 13.1230202 ], [ 80.2163239, 13.123019 ], [ 80.2163226, 13.1231771 ] ] ] } },
{ "type": "Feature", "properties": { "osm_id": "way/838433421", "levels": null, "height": null, "name": null, "type": "yes" }, "geometry": { "type": "Polygon", "coordinates": [ [ [ 80.2140077, 13.129908 ], [ 80.2141195, 13.1300145 ], [ 80.2143032, 13.1298317 ], [ 80.2141915, 13.1297252 ], [ 80.2140077, 13.129908 ] ] ] } },
{ "type": "Feature", "properties": { "osm_id": "way/1188056522", "levels": null, "height": null, "name": "Srinivasa Nagar Metro Station", "type": "transportation" }, "geometry": { "type": "Polygon", "coordinates": [ [ [ 80.2080043, 13.118587 ], [ 80.2081023, 13.1187309 ], [ 80.209202, 13.1180203 ], [ 80.209104, 13.1178765 ], [ 80.2080043, 13.118587 ] ] ] } },
{ "type": "Feature", "properties": { "osm_id": "relation/5292831", "levels": null, "height": null, "name": null, "type": "yes" }, "geometry": { "type": "Polygon", "coordinates": [ [ [ 80.214337, 13.1276158 ], [ 80.2144015, 13.1276174 ], [ 80.2144636, 13.1276189 ], [ 80.2144646, 13.1275833 ], [ 80.2145263, 13.1275848 ], [ 80.214525, 13.1276328 ], [ 80.2145916, 13.1276344 ], [ 80.2145923, 13.1276045 ], [ 80.2146563, 13.1276061 ], [ 80.2146554, 13.12764 ], [ 80.2147205, 13.1276416 ], [ 80.2147282, 13.1273382 ], [ 80.2146729, 13.1273368 ], [ 80.2146719, 13.1273765 ], [ 80.2145456, 13.1273734 ], [ 80.2145467, 13.1273283 ], [ 80.2144716, 13.1273265 ], [ 80.2144708, 13.1273557 ], [ 80.2144144, 13.1273543 ], [ 80.2144152, 13.1273217 ], [ 80.2143446, 13.12732 ], [ 80.214337, 13.1276158 ] ] ] } },
{ "type": "Feature", "properties": { "osm_id": "relation/5292833", "levels": null, "height": null, "name": null, "type": "yes" }, "geometry": { "type": "MultiPolygon", "coordinates": [ [ [ [ 80.2176532, 13.1290692 ], [ 80.2178039, 13.1290642 ], [ 80.2177983, 13.1289034 ], [ 80.2176476, 13.1289084 ], [ 80.2176532, 13.1290692 ] ] ], [ [ [ 80.2176485, 13.1288947 ], [ 80.2178099, 13.1288884 ], [ 80.2178033, 13.1287312 ], [ 80.217642, 13.1287376 ], [ 80.2176485, 13.1288947 ] ] ] ] } }
]
}
